survey_date,direction,datetime,days,Hs,Tp,P_kW_m,omega,omega_6hr,cum_power
2025-01-23,backward,2025-01-23 00:00:00,-0.0,0.9324867859847572,6.125574272588055,2.613149255275092,2.315228761767665,2.1936044451075394,2.613149255275092
2025-01-23,backward,2025-01-22 23:00:00,-0.041666666666666664,0.8690544533903732,5.847953216374269,2.1668552565150514,2.2601701379291357,2.1206567013480395,4.7800045117901435
2025-01-23,backward,2025-01-22 22:00:00,-0.08333333333333333,0.8077052654686279,6.125574272588055,1.9605804677860048,2.0054144356258177,2.0951640261387348,6.740584979576148
2025-01-23,backward,2025-01-22 21:00:00,-0.125,0.6704880627299759,5.361930294906166,1.1825929826170718,1.90181347006954,2.1466271359536284,7.92317796219322
2025-01-23,backward,2025-01-22 20:00:00,-0.16666666666666666,0.7027042096188673,5.361930294906166,1.298967567506513,1.993193325301515,2.2207577971997665,9.222145529699734
2025-01-23,backward,2025-01-22 19:00:00,-0.20833333333333334,0.8475147006606539,5.361930294906166,1.8895033986378535,2.4039426850280976,2.2314757636471874,11.111648928337587
2025-01-23,backward,2025-01-22 18:00:00,-0.25,0.9730478919541716,5.361930294906166,2.4907011975056195,2.760012729244494,2.2739819370906718,13.602350125843206
2025-01-23,backward,2025-01-22 17:00:00,-0.2916666666666667,0.8550299846377688,5.594405594405594,2.006543933605021,2.324477936613661,2.3318482029101792,15.608894059448227
2025-01-23,backward,2025-01-22 16:00:00,-0.3333333333333333,0.7969265940550841,5.361930294906166,1.670666779549756,2.2604514762867236,2.3346195903694285,17.279560838997984
2025-01-23,backward,2025-01-22 15:00:00,-0.375,0.7928932546502558,5.361930294906166,1.6537986906395683,2.249011064986584,2.493662811304891,18.933359529637553
2025-01-23,backward,2025-01-22 14:00:00,-0.4166666666666667,0.6802968498335545,5.148005148005149,1.1688746120544486,2.009821650057011,2.4875019450623257,20.102234141692
2025-01-23,backward,2025-01-22 13:00:00,-0.4583333333333333,0.9476606845721716,4.291845493562232,1.8909578110238527,3.358202010640872,2.5380253776046,21.993191952715854
2025-01-23,backward,2025-01-22 12:00:00,-0.5,0.7948631980595667,4.439511653718091,1.3761063956400121,2.723047531789104,2.2399317070095863,23.369298348355866
2025-01-23,backward,2025-01-22 11:00:00,-0.5416666666666666,0.7414952313213254,4.291845493562232,1.1576914800822848,2.627618531867304,1.9464372523308484,24.52698982843815
2025-01-23,backward,2025-01-22 10:00:00,-0.5833333333333334,0.3064412363054233,9.876543209876544,0.45502097129886016,0.4718894527166425,2.015093351784959,24.98201079973701
2025-01-23,backward,2025-01-22 09:00:00,-0.625,0.2943979266088807,9.174311926605505,0.39009917295627783,0.4880443369141582,1.5326665160021948,25.372109972693288
2025-01-23,backward,2025-01-22 08:00:00,-0.6666666666666666,0.6407761835343997,4.024144869215292,0.8106219573387715,2.421758246781673,1.1579425869648743,26.18273193003206
2025-01-23,backward,2025-01-22 07:00:00,-0.7083333333333334,0.3010847544506573,9.876543209876544,0.43925279372914927,0.46364099594428804,0.8292609800096477,26.62198472376121
2025-01-23,backward,2025-01-22 06:00:00,-0.75,0.2863507478518288,9.174311926605505,0.3690644202109048,0.4747039575651801,0.8544741462549602,26.991049143972113
2025-01-23,backward,2025-01-22 05:00:00,-0.7916666666666666,0.4256952181717965,9.876543209876544,0.8780809296371536,0.6555288901359443,0.8861415780473841,27.869130073609266
2025-01-23,backward,2025-01-22 04:00:00,-0.8333333333333334,0.4046806072967545,9.876543209876544,0.7935271450071424,0.6231684501885179,0.5960864766108166,28.66265721861641
2025-01-23,backward,2025-01-22 03:00:00,-0.875,0.4090124264266411,9.174311926605505,0.7529715044528013,0.6780489276687026,0.6405852113721189,29.41562872306921
2025-01-23,backward,2025-01-22 02:00:00,-0.9166666666666666,0.4425136579954866,9.876543209876544,0.9488342668173951,0.6814276381622668,0.6839893342377398,30.364462989886608
2025-01-23,backward,2025-01-22 01:00:00,-0.9583333333333334,0.4407324153366492,9.174311926605505,0.8742900232526319,0.7306334045121017,0.6942371651679958,31.238753013139238
2025-01-23,backward,2025-01-22 00:00:00,-1.0,0.4434440626769955,9.174311926605505,0.8850814209976333,0.7351286947589061,0.6945385360003201,32.123834434136874
2025-01-23,backward,2025-01-21 23:00:00,-1.0416666666666667,0.4656243748203001,9.876543209876544,1.0505298947080337,0.7170158757174797,0.700317922792098,33.17436432884491
2025-01-23,backward,2025-01-21 22:00:00,-1.0833333333333333,0.4058548541451913,9.876543209876544,0.7981389233456275,0.6249766751824636,0.6988181652453297,33.972503252190535
2025-01-23,backward,2025-01-21 21:00:00,-1.125,0.4299298639610444,9.174311926605505,0.8319567738301284,0.7127252484193707,0.6706566994575766,34.804460026020664
2025-01-23,backward,2025-01-21 20:00:00,-1.1666666666666667,0.405622431739577,9.174311926605505,0.7405416070869568,0.672429092881657,0.641781484603612,35.54500163310762
2025-01-23,backward,2025-01-21 19:00:00,-1.2083333333333333,0.3949730070350998,10.6951871657754,0.8185689282323375,0.5616646097855825,0.6141375183518031,36.363570561339955
2025-01-23,backward,2025-01-21 18:00:00,-1.25,0.3648786931847373,9.876543209876544,0.6451103493052499,0.5618774056351181,0.6450936745617432,37.008680910645204
2025-01-23,backward,2025-01-21 17:00:00,-1.2916666666666667,0.3875803991745536,10.6951871657754,0.7882137995369868,0.551152078206627,0.6380107029667629,37.796894710182194
2025-01-23,backward,2025-01-21 16:00:00,-1.3333333333333333,0.5264709356315567,9.876543209876544,1.34303027447357,0.8107136124421035,0.6796080241990469,39.139924984655764
2025-01-23,backward,2025-01-21 15:00:00,-1.375,0.4713163948880713,10.6951871657754,1.1655892054919963,0.6702274188494892,0.7448466165910291,40.30551419014776
2025-01-23,backward,2025-01-21 14:00:00,-1.4166666666666667,0.5987478808782329,9.876543209876544,1.737100639935548,0.9220130202753606,0.7994596824891169,42.04261483008331
2025-01-23,backward,2025-01-21 13:00:00,-1.4583333333333333,0.6702349611927805,10.6951871657754,2.3570813881823796,0.9530961641374764,0.8888657562471097,44.39969621826569
2025-01-23,backward,2025-01-21 12:00:00,-1.5,0.6255521952681962,10.6951871657754,2.053276930228251,0.889555801023645,0.9425255610079643,46.45297314849394
2025-01-23,backward,2025-01-21 11:00:00,-1.5416666666666667,0.7062712865755618,9.876543209876544,2.4170192114233386,1.0875885207545828,1.052773094721615,48.869992359917276
2025-01-23,backward,2025-01-21 10:00:00,-1.5833333333333333,0.7965163412756235,10.6951871657754,3.328969398816222,1.1326724410072317,1.1074409367193627,52.198961758733496
2025-01-23,backward,2025-01-21 09:00:00,-1.625,0.8648035247952202,9.876543209876544,3.62386410878126,1.331712621131393,1.1758514083509566,55.82282586751476
2025-01-23,backward,2025-01-21 08:00:00,-1.6666666666666667,0.8790373795920229,10.6951871657754,4.054479499222141,1.2500200722618473,1.2548931389180449,59.8773053667369
2025-01-23,backward,2025-01-21 07:00:00,-1.7083333333333333,0.8854843045735336,9.876543209876544,3.799257564333013,1.3635589939270407,1.3115245832769047,63.67656293106991
2025-01-23,backward,2025-01-21 06:00:00,-1.75,0.9590538913988356,10.6951871657754,4.826212568199832,1.363806184426173,1.3518051877768607,68.50277549926975
2025-01-23,backward,2025-01-21 05:00:00,-1.7916666666666667,1.0037582034970582,10.6951871657754,5.286626614362269,1.427377186907742,1.3614488001576668,73.78940211363201
2025-01-23,backward,2025-01-21 04:00:00,-1.8333333333333333,0.9664727658822532,10.6951871657754,4.901168840727745,1.3743560680069684,1.402274969273564,78.69057095435976
2025-01-23,backward,2025-01-21 03:00:00,-1.875,0.9771745066308364,10.6951871657754,5.010310939715234,1.3895742954162285,1.5246665967189965,83.700881894075
2025-01-23,backward,2025-01-21 02:00:00,-1.9166666666666667,1.0512957113489634,10.6951871657754,5.7992283270947205,1.4949770869572323,1.7675118960575114,89.50011022116972
2025-01-23,backward,2025-01-21 01:00:00,-1.9583333333333333,1.1079475765811673,8.032128514056225,4.83727865344358,2.097908758599635,1.9373230417346516,94.3373888746133
2025-01-23,backward,2025-01-21 00:00:00,-2.0,1.255332516689184,6.768189509306261,5.2326549886715314,2.820877980457262,2.1715649881148194,99.57004386328482
2025-01-23,backward,2025-01-20 23:00:00,-2.0416666666666665,1.2919104169656923,8.032128514056225,6.576994552794718,2.4462440609705847,2.4798947827844215,106.14703841607954
2025-01-23,backward,2025-01-20 22:00:00,-2.0833333333333335,1.4680720709308412,8.032128514056225,8.492927861349232,2.7798077462879736,2.7794037692777,114.63996627742877
2025-01-23,backward,2025-01-20 21:00:00,-2.125,1.6106136837458878,7.561436672967865,9.623191357195399,3.2395530634338443,3.1143664064520507,124.26315763462416
2025-01-23,backward,2025-01-20 20:00:00,-2.1666666666666665,1.7385874195359905,8.032128514056225,11.911206324607717,3.292031005916901,3.256163777259397,136.17436395923187
2025-01-23,backward,2025-01-20 19:00:00,-2.2083333333333335,2.042223993916602,7.561436672967865,15.471880468674987,4.107684581645739,3.481878468283377,151.64624442790685
2025-01-23,backward,2025-01-20 18:00:00,-2.25,2.067796505459843,8.565310492505352,17.96762762337287,3.6716622053013417,3.649328361121698,169.6138720512797
2025-01-23,backward,2025-01-20 17:00:00,-2.2916666666666665,2.007137074637064,8.032128514056225,15.875110178399924,3.8005322071144643,3.832485001274279,185.48898222967964
2025-01-23,backward,2025-01-20 16:00:00,-2.3333333333333335,1.998673896797185,8.032128514056225,15.74151628691228,3.7845071033178974,3.999507287968704,201.23049851659192
2025-01-23,backward,2025-01-20 15:00:00,-2.375,2.156975330162598,7.561436672967865,17.259440329336613,4.338492904349331,4.021973171643455,218.48993884592852
2025-01-23,backward,2025-01-20 14:00:00,-2.4166666666666665,2.267834281258392,8.032128514056225,20.266806167569587,4.294164726083448,4.077371971579675,238.75674501349812
2025-01-23,backward,2025-01-20 13:00:00,-2.4583333333333335,2.240538482222157,8.032128514056225,19.781876994875333,4.242479883694249,4.120244122480329,258.53862200837347
2025-01-23,backward,2025-01-20 12:00:00,-2.5,2.1146215349034363,8.032128514056225,17.620895814074036,4.004055004918659,4.185591845894464,276.1595178224475
2025-01-23,backward,2025-01-20 11:00:00,-2.5416666666666665,2.142986917005539,8.032128514056225,18.096797276730516,4.057765112518383,4.244327227780901,294.25631509917804
2025-01-23,backward,2025-01-20 10:00:00,-2.5833333333333335,2.205742535492754,8.032128514056225,19.17221622914236,4.1765934438027195,4.39413866880385,313.4285313283204
2025-01-23,backward,2025-01-20 09:00:00,-2.625,2.332184702444452,7.561436672967865,20.17726219273594,4.690905195667946,4.98680303582438,333.60579352105634
2025-01-23,backward,2025-01-20 08:00:00,-2.6666666666666665,2.438905904258725,7.142857142857142,20.84462507010212,5.1930333722211435,4.805850474217208,354.45041859115844
2025-01-23,backward,2025-01-20 07:00:00,-2.7083333333333335,2.868567703967361,5.594405594405594,22.584797041634573,7.798466085817431,5.0524497146603204,377.035215632793
2025-01-23,backward,2025-01-20 06:00:00,-2.75,2.05223074627145,10.6951871657754,22.099009181370338,2.9183396352756223,4.744721309538574,399.1342248141633
2025-01-23,backward,2025-01-20 05:00:00,-2.7916666666666665,1.6739616671458066,4.597701149425287,6.320679793804717,5.537360555177057,4.255036084554869,405.45490460796805
2025-01-23,backward,2025-01-20 04:00:00,-2.8333333333333335,1.513228186988089,9.876543209876544,11.095473646359256,2.3302230130722426,3.7076821521666354,416.5503782543273
2025-01-23,backward,2025-01-20 03:00:00,-2.875,1.232597254505661,10.6951871657754,7.971917850223302,1.7527938457657177,2.7041954518442943,424.5222961045506
2025-01-23,backward,2025-01-20 02:00:00,-2.9166666666666665,1.239630741829519,9.876543209876544,7.445976775400543,1.9089097778917448,2.5098877168600664,431.96827287995114
2025-01-23,backward,2025-01-20 01:00:00,-2.9583333333333335,1.0722505786589251,9.174311926605505,5.1748541514215205,1.777545883883381,1.846471159172335,437.14312703137267
2025-01-23,backward,2025-01-20 00:00:00,-3.0,1.0571383231434968,9.174311926605505,5.030013720006602,1.7524932253702552,1.7405091020660592,442.17314075137926
2025-01-23,backward,2025-01-19 23:00:00,-3.0416666666666665,1.0110132169958057,9.876543209876544,4.952798596355006,1.5568612090506684,1.6876310045531493,447.1259393477343
2025-01-23,backward,2025-01-19 22:00:00,-3.0833333333333335,1.1003627127439202,9.876543209876544,5.8669006268197785,1.6944506704345883,1.570364117517342,452.99283997455404
2025-01-23,backward,2025-01-19 21:00:00,-3.125,0.8659370232906303,9.174311926605505,3.3750340002232297,1.4355252606882565,1.61346313877619,456.3678739747773
2025-01-23,backward,2025-01-19 20:00:00,-3.1666666666666665,0.7827176707609079,9.876543209876544,2.9685698950271053,1.205308455676901,1.6259822035803968,459.3364438698044
2025-01-23,backward,2025-01-19 19:00:00,-3.2083333333333335,0.86095254073824,6.430868167202571,2.338622179012822,2.036140011436471,1.6654772481102003,461.6750660488172
2025-01-23,backward,2025-01-19 18:00:00,-3.25,0.8133124799238755,6.768189509306261,2.1964403670183503,1.8276076141954976,1.6833499335732827,463.87150641583554
2025-01-23,backward,2025-01-19 17:00:00,-3.2916666666666665,0.7584958590477521,6.430868167202571,1.815131394369941,1.7938314762294882,1.8234862036832513,465.68663781020547
2025-01-23,backward,2025-01-19 16:00:00,-3.3333333333333335,0.8017773258983356,6.768189509306261,2.1345782728458342,1.8016867832130838,1.9612242681888628,467.8212160830513
2025-01-23,backward,2025-01-19 15:00:00,-3.375,0.9625188721208776,6.430868167202571,2.9229416590846538,2.2763428813480653,1.9795002543950464,470.74415774213594
2025-01-23,backward,2025-01-19 14:00:00,-3.4166666666666665,0.904153012530008,6.768189509306261,2.71449103222618,2.0317368427105715,2.0461345277155334,473.45864877436213
2025-01-23,backward,2025-01-19 13:00:00,-3.4583333333333335,1.007772140993945,7.142857142857142,3.5590057918142137,2.145795928673572,2.075323864136125,477.01765456617636
2025-01-23,backward,2025-01-19 12:00:00,-3.5,1.0461036830136925,7.142857142857142,3.834894846624585,2.2274132541184195,2.1122352564482325,480.85254941280095
2025-01-23,backward,2025-01-19 11:00:00,-3.5416666666666665,0.9789146613140084,7.561436672967865,3.5548887890468173,1.9689674947530367,2.1167987460588864,484.40743820184775
2025-01-23,backward,2025-01-19 10:00:00,-3.5833333333333335,1.0058552165455543,7.561436672967865,3.7532483119378357,2.0231551370857295,2.1258636244696785,488.1606865137856
2025-01-23,backward,2025-01-19 09:00:00,-3.625,1.1453459887269462,7.561436672967865,4.866421823898839,2.3037238190119886,2.1393793763617124,493.02710833768447
2025-01-23,backward,2025-01-19 08:00:00,-3.6666666666666665,1.0371625956138368,7.561436672967865,3.9905250796267215,2.086126113175326,2.2619042084182217,497.0176334173112
2025-01-23,backward,2025-01-19 07:00:00,-3.7083333333333335,1.1071466170418716,7.561436672967865,4.547226921972451,2.2268904400257736,2.577726403266612,501.5648603392836
2025-01-23,backward,2025-01-19 06:00:00,-3.75,1.1391301347291676,5.847953216374269,3.7229105782962923,2.962562246457476,2.867300656617106,505.2877709175799
2025-01-23,backward,2025-01-19 05:00:00,-3.7916666666666665,1.485702347367439,5.847953216374269,6.332854968037885,3.863900663843376,3.081740840909887,511.6206258856178
2025-01-23,backward,2025-01-19 04:00:00,-3.8333333333333335,1.4459826248067484,5.847953216374269,5.998768080707108,3.7606006571886983,3.392228848292143,517.6193939663249
2025-01-23,backward,2025-01-19 03:00:00,-3.875,1.5977656134250198,6.768189509306261,8.476775556356557,3.5903649247686706,3.687208297338724,526.0961695226814
2025-01-23,backward,2025-01-19 02:00:00,-3.9166666666666665,1.6698007952739486,6.430868167202571,8.79692657809373,3.9490541574688613,3.8406901169432484,534.8930961007751
2025-01-23,backward,2025-01-19 01:00:00,-3.9583333333333335,1.6097469938790523,6.125574272588055,7.7874288009651975,3.9967671343052587,3.7280300637431014,542.6805249017403
2025-01-23,backward,2025-01-19 00:00:00,-4.0,1.5641084022879836,6.125574272588055,7.352119232777848,3.883453164084626,3.6469138396305802,550.0326441345181
2025-01-23,backward,2025-01-18 23:00:00,-4.041666666666667,1.2257899116359643,5.847953216374269,4.3109005949721375,3.187940344642494,3.511266598567021,554.3435447294903
2025-01-23,backward,2025-01-18 22:00:00,-4.083333333333333,1.2042641725746237,5.594405594405594,3.9804256406183574,3.2739033125135713,3.311123915660538,558.3239703701087
2025-01-23,backward,2025-01-18 21:00:00,-4.125,1.0212938046944864,5.594405594405594,2.8627760671874394,2.7764814783873146,3.134917923736042,561.186746437296
2025-01-23,backward,2025-01-18 20:00:00,-4.166666666666667,0.9688826071888064,5.361930294906166,2.4694231596180334,2.748198060029962,2.979545360055093,563.6561695969141
2025-01-23,backward,2025-01-18 19:00:00,-4.208333333333333,0.9568165294414858,4.950495049504951,2.2235044487527795,2.9395311827582864,2.978859503923278,565.8796740456669
2025-01-23,backward,2025-01-18 18:00:00,-4.25,0.9606205140333132,4.950495049504951,2.2412194230495435,2.951217781998933,2.9410441405864316,568.1208934687164
2025-01-23,backward,2025-01-18 17:00:00,-4.291666666666667,0.9980429119274856,4.767580452920143,2.329852854078111,3.1838252078516027,2.9437391872611767,570.4507463227945
2025-01-23,backward,2025-01-18 16:00:00,-4.333333333333333,0.8598448355898078,4.291845493562232,1.5567407244292966,3.047011132492492,2.7401072872222105,572.0074870472239
2025-01-23,backward,2025-01-18 15:00:00,-4.375,0.8442274883000387,4.597701149425287,1.607650906727528,2.7926517584357846,2.4837031046389817,573.6151379539514
2025-01-23,backward,2025-01-18 14:00:00,-4.416666666666667,0.5381376567006024,5.361930294906166,0.7617982381266271,1.5264066597961643,2.2073206356381294,574.376936192078
2025-01-23,backward,2025-01-18 13:00:00,-4.458333333333333,0.4939626945070781,5.361930294906166,0.6418617550829774,1.4011060872589147,1.7776819879613839,575.018797947161
2025-01-23,backward,2025-01-18 12:00:00,-4.5,0.4558225239815802,5.361930294906166,0.5465687036075287,1.2929229679938172,1.3673560822584065,575.5653666507685
2025-01-23,backward,2025-01-18 11:00:00,-4.541666666666667,0.4261457823422487,10.6951871657754,0.9528769281741727,0.6059933217911285,1.0446700312552661,576.5182435789427
2025-01-23,backward,2025-01-18 10:00:00,-4.583333333333333,0.4486059733843703,11.661807580174926,1.151404729351458,0.5850556982746298,0.9278730414503986,577.6696483082942
2025-01-23,backward,2025-01-18 09:00:00,-4.625,0.4258450759296764,7.561436672967865,0.6727281678588236,0.8565354524169418,0.8330781607684573,578.342376476153
2025-01-23,backward,2025-01-18 08:00:00,-4.666666666666667,0.4104771390343428,7.561436672967865,0.6250493417409472,0.8256247209669595,0.7143053674004105,578.967425817894
2025-01-23,backward,2025-01-18 07:00:00,-4.708333333333333,0.4138141954821185,7.561436672967865,0.6352535811663022,0.8323368031672677,0.7299977322992625,579.6026793990603
2025-01-23,backward,2025-01-18 06:00:00,-4.75,0.4080680613249688,10.6951871657754,0.8737468681558792,0.5802862077855357,0.9240974931215656,580.4764262672162
2025-01-23,backward,2025-01-18 05:00:00,-4.791666666666667,0.3943071273939145,8.565310492505352,0.6533477486444765,0.7001475111842397,1.0498603250191534,581.1297740158607
2025-01-23,backward,2025-01-18 04:00:00,-4.833333333333333,0.5107276927474999,4.439511653718091,0.5681278086119873,1.7496542632084497,1.2212231414207055,581.6979018244726
2025-01-23,backward,2025-01-18 03:00:00,-4.875,0.5244166233244638,4.950495049504951,0.6679340194071722,1.6111124438024678,1.328650015282627,582.3658358438798
2025-01-23,backward,2025-01-18 02:00:00,-4.916666666666667,0.5811165643690136,4.767580452920143,0.789871736113058,1.853801619376273,1.5475135555382853,583.1557075799928
2025-01-23,backward,2025-01-18 01:00:00,-4.958333333333333,0.4999095757681353,5.148005148005149,0.631181000511548,1.476898046338796,1.8072798816462665,583.7868885805044
2025-01-23,backward,2025-01-18 00:00:00,-5.0,0.6409125610712191,5.148005148005149,1.0374533384955313,1.8934674493194867,1.927720945710113,584.824341919
2025-01-23,backward,2025-01-17 23:00:00,-5.041666666666667,0.7645541216547379,5.148005148005149,1.476343695491314,2.2587454678321266,2.1239287065868777,586.3006856144913
2025-01-23,backward,2025-01-17 22:00:00,-5.083333333333333,0.8716144342110985,5.361930294906166,1.998490208071934,2.4723006475915277,2.4103316601331213,588.2991758225633
2025-01-23,backward,2025-01-17 21:00:00,-5.125,1.0256628050240866,5.594405594405594,2.8873218392696094,2.7883590090630554,2.683240084788767,591.1864976618328
2025-01-23,backward,2025-01-17 20:00:00,-5.166666666666667,1.313995972967392,5.594405594405594,4.738861886929787,3.572219340653735,2.8754742380148017,595.9253595487627
2025-01-23,backward,2025-01-17 19:00:00,-5.208333333333333,1.145573975460882,5.594405594405594,3.601905056927278,3.1143485942726725,3.0391646556927174,599.52726460569
2025-01-23,backward,2025-01-17 18:00:00,-5.25,1.171548086789521,5.847953216374269,3.937822728760968,3.0468723686756936,3.1892067172119276,603.4650873344509
2025-01-23,backward,2025-01-17 17:00:00,-5.291666666666667,1.2461487210150357,5.847953216374269,4.455286893853074,3.2408879738996212,3.233616023716954,607.920374228304
2025-01-23,backward,2025-01-17 16:00:00,-5.333333333333333,1.097765008151692,4.950495049504951,2.926843025153916,3.3725530167067896,2.709444533507559,610.847217253458
2025-01-23,backward,2025-01-17 15:00:00,-5.375,0.8917067628415076,4.439511653718091,1.7318543095472825,3.054814848093211,2.2835398326828305,612.5790715630053
2025-01-23,backward,2025-01-17 14:00:00,-5.416666666666667,0.3004082395202279,10.6951871657754,0.4735262978003846,0.4271903993973652,1.866349216617178,613.0525978608057
2025-01-23,backward,2025-01-17 13:00:00,-5.458333333333333,0.3930432201326044,10.6951871657754,0.8105896255829736,0.5589203893243015,1.401442692590954,613.8631874863887
2025-01-23,backward,2025-01-17 12:00:00,-5.5,0.3279878110453532,9.174311926605505,0.4841957178973773,0.54372867228178,0.9135394842936505,614.3473832042861
2025-01-23,backward,2025-01-17 11:00:00,-5.541666666666667,0.3174672192251069,10.6951871657754,0.528832574363267,0.4514488297422763,0.48571428590575055,614.8762157786493
2025-01-23,backward,2025-01-17 10:00:00,-5.583333333333333,0.3413173606985257,11.661807580174926,0.6665222660619812,0.44513376692296835,0.4937021698514057,615.5427380447113
2025-01-23,backward,2025-01-17 09:00:00,-5.625,0.3430748040266712,10.6951871657754,0.6175868930550746,0.4878636577658117,0.47726540864100137,616.1603249377664
2025-01-23,backward,2025-01-17 08:00:00,-5.666666666666667,0.3643082877186084,11.661807580174926,0.759339526540623,0.47511770307129647,0.4714022688474449,616.9196644643071
2025-01-23,backward,2025-01-17 07:00:00,-5.708333333333333,0.3529463097850052,11.661807580174926,0.7127138456576668,0.4602998220618753,0.49443506316547214,617.6323783099647
2025-01-23,backward,2025-01-17 06:00:00,-5.75,0.3302481943806013,9.876543209876544,0.5284670390906504,0.5085498335204416,0.4953482732760735,618.1608453490553
2025-01-23,backward,2025-01-17 05:00:00,-5.791666666666667,0.2931550267333616,7.561436672967865,0.3188093454478082,0.5896455956504392,0.4884719309173085,618.4796546945031
2025-01-23,backward,2025-01-17 04:00:00,-5.833333333333333,0.3168794675936677,10.6951871657754,0.5268762496473238,0.45061302758657656,0.4881823743491219,619.0065309441504
2025-01-23,backward,2025-01-17 03:00:00,-5.875,0.3140613724713408,10.6951871657754,0.5175466134182739,0.446605603613222,0.5792780558562168,619.5240775575687
2025-01-23,backward,2025-01-17 02:00:00,-5.916666666666667,0.3328898820568316,10.6951871657754,0.5814623687700489,0.47338036366217645,0.6585618017721954,620.1055399263388
2025-01-23,backward,2025-01-17 01:00:00,-5.958333333333333,0.3408129024207271,5.148005148005149,0.29336146223707044,1.0068739111044456,0.7526183707754014,620.3989013885758
2025-01-23,backward,2025-01-17 00:00:00,-6.0,0.3470000787646765,5.361930294906166,0.31674687879872065,0.9842523090163128,0.8556002504671597,620.7156482673746
2025-01-23,backward,2025-01-16 23:00:00,-6.041666666666667,0.3756217788931788,4.950495049504951,0.3426748207366939,1.1539850096696747,1.0001113935754506,621.0583230881113
2025-01-23,backward,2025-01-16 22:00:00,-6.083333333333333,0.3930358751654823,5.594405594405594,0.42398488040943394,1.0685043057371262,1.1785360509249068,621.4823079685207
2025-01-23,backward,2025-01-16 21:00:00,-6.125,0.411800712653002,4.767580452920143,0.3966470710621984,1.3136724622629676,1.3134276023903635,621.8789550395828
2025-01-23,backward,2025-01-16 20:00:00,-6.166666666666667,0.4667344266743484,4.597701149425287,0.4913743067133485,1.5439283077589137,1.358869830457728,622.3703293462962
2025-01-23,backward,2025-01-16 19:00:00,-6.208333333333333,0.4960265182981856,4.153686396677051,0.5013898384029841,1.8162232198971855,1.3664341607399535,622.8717191846991
2025-01-23,backward,2025-01-16 18:00:00,-6.25,0.4431245576660917,5.361930294906166,0.5165410432550085,1.2569056774205014,1.4212993367740816,623.3882602279541
2025-01-23,backward,2025-01-16 17:00:00,-6.291666666666667,0.422840591440401,5.361930294906166,0.4703341797143999,1.1993709913630255,1.4605529279917526,623.8585944076685
2025-01-23,backward,2025-01-16 16:00:00,-6.333333333333333,0.4927602366181722,5.361930294906166,0.6387405788265781,1.3976953619418953,1.4195174331722573,624.4973349864952
2025-01-23,backward,2025-01-16 15:00:00,-6.375,0.5698515392804339,5.594405594405594,0.8912702995506846,1.5491940095689956,1.4176079349401671,625.3886052860458
2025-01-23,backward,2025-01-16 14:00:00,-6.416666666666667,0.5226707725054065,6.125574272588055,0.8209850977268857,1.2977153388419405,1.514123094017853,626.2095903837727
2025-01-23,backward,2025-01-16 13:00:00,-6.458333333333333,0.6362738683974585,5.361930294906166,1.0649798035229796,1.8047662305046448,1.6412484417002708,627.2745701872957
2025-01-23,backward,2025-01-16 12:00:00,-6.5,0.6753482780929155,5.594405594405594,1.2518191090923374,1.835996631886617,1.847072081931042,628.5263892963881
2025-01-23,backward,2025-01-16 11:00:00,-6.541666666666667,0.7544528484598337,5.847953216374269,1.6330524300336215,1.9621230774575313,1.9985171100862829,630.1594417264217
2025-01-23,backward,2025-01-16 10:00:00,-6.583333333333333,0.9281414008833994,5.361930294906166,2.2661126128121456,2.6326372033265226,2.141083539991977,632.4255543392338
2025-01-23,backward,2025-01-16 09:00:00,-6.625,0.866524828765623,5.361930294906166,1.9752188416876417,2.4578641785004396,2.1611407940702336,634.4007731809214
2025-01-23,backward,2025-01-16 08:00:00,-6.666666666666667,0.7919958849551195,5.594405594405594,1.7215983318885795,2.153113918276108,2.221319521975342,636.12237151281
2025-01-23,backward,2025-01-16 07:00:00,-6.708333333333333,0.7402209142354492,5.847953216374269,1.5720220236189903,1.9251097549741858,2.309905474459723,637.694393536429
2025-01-23,backward,2025-01-16 06:00:00,-6.75,0.8081642088937506,5.594405594405594,1.79260749925398,2.197068999317263,2.316426664870343,639.487001035683
2025-01-23,backward,2025-01-16 05:00:00,-6.791666666666667,0.9588251173145604,5.847953216374269,2.6376351856606286,2.4936387923638197,2.369755237228089,642.1246362213436
2025-01-23,backward,2025-01-16 04:00:00,-6.833333333333333,1.0760858662676818,6.125574272588055,3.4799475477972543,2.671764345790242,2.478927318077138,645.6045837691408
2025-01-23,backward,2025-01-16 03:00:00,-6.875,1.17456786617257,6.430868167202571,4.352691332270453,2.777835612646916,2.661413816091591,649.9572751014113
2025-01-23,backward,2025-01-16 02:00:00,-6.916666666666667,1.1310154130316974,6.125574272588055,3.844287772295118,2.808146403370401,2.76281315943421,653.8015628737064
2025-01-23,backward,2025-01-16 01:00:00,-6.958333333333333,1.2769757506049213,6.430868167202571,5.1447815667703045,3.0200287430609056,2.7558388373872282,658.9463444404768
2025-01-23,backward,2025-01-16 00:00:00,-7.0,1.0787249432085075,5.847953216374269,3.3385460040378643,2.805465059372975,2.8180651980497484,662.2848904445146
2025-01-23,backward,2025-01-15 23:00:00,-7.041666666666667,1.0367053740878136,6.430868167202571,3.3908793676730267,2.451792860081927,2.8381521415324755,665.6757698121877
2025-01-23,backward,2025-01-15 22:00:00,-7.083333333333333,1.226460446998323,6.125574272588055,4.520494418117402,3.0451225097653665,2.829291130688268,670.1962642303051
2025-01-23,backward,2025-01-15 21:00:00,-7.125,1.1673489476601144,6.125574272588055,4.095248272629756,2.8983572735432763,2.8219779885573497,674.2915125029349
2025-01-23,backward,2025-01-15 20:00:00,-7.166666666666667,1.1096021281093502,6.125574272588055,3.7000995223033755,2.754980338305159,2.8015628323735555,677.9916120252383
2025-01-23,backward,2025-01-15 19:00:00,-7.208333333333333,1.0947393196895745,5.594405594405594,3.289329778807175,2.9761498902753916,2.8435521754554416,681.2809418040455
2025-01-23,backward,2025-01-15 18:00:00,-7.25,1.031626146262783,5.847953216374269,3.053378227142699,2.6829741222702137,2.8341228781350263,684.3343200311882
2025-01-23,backward,2025-01-15 17:00:00,-7.291666666666667,1.1432329156337662,6.430868167202571,4.1235482457642965,2.703728918573242,2.8591258495249776,688.4578682769525
2025-01-23,backward,2025-01-15 16:00:00,-7.333333333333333,1.2036738559773248,6.125574272588055,4.354080947932564,2.9885467258428755,2.8818655244193376,692.811949224885
2025-01-23,backward,2025-01-15 15:00:00,-7.375,1.1721259003638795,5.847953216374269,3.941707995705424,3.0483751018829865,2.8826180077859505,696.7536572205904
2025-01-23,backward,2025-01-15 14:00:00,-7.416666666666667,1.222594710197097,6.430868167202571,4.7159225594987495,2.891418387671317,2.790187323039626,701.4695797800891
2025-01-23,backward,2025-01-15 13:00:00,-7.458333333333333,1.20049930981591,6.125574272588055,4.331144496087538,2.9806647904750676,2.728345258204689,705.8007242761767
2025-01-23,backward,2025-01-15 12:00:00,-7.5,0.8572351881841249,6.125574272588055,2.2084055160883276,2.1283900137922656,2.6460557123475534,708.009129792265
2025-01-23,backward,2025-01-15 11:00:00,-7.541666666666667,0.8969337716291991,5.847953216374269,2.308110922127838,2.3326765295636225,2.557815790538966,710.3172407143928
2025-01-23,backward,2025-01-15 10:00:00,-7.583333333333333,0.9592752453042352,5.847953216374269,2.640112284121221,2.4948094507000613,2.4614252189482664,712.957352998514
2025-01-23,backward,2025-01-15 09:00:00,-7.625,0.9265587806525718,5.594405594405594,2.3563073346939647,2.5189355710314616,2.3113093290792333,715.313660333208
2025-01-23,backward,2025-01-15 08:00:00,-7.666666666666667,0.889396802325662,5.847953216374269,2.2694836089228887,2.313074958127119,2.2898617356202418,717.5831439421308
2025-01-23,backward,2025-01-15 07:00:00,-7.708333333333333,0.7997657717,5.847953216374269,1.8351076669948105,2.0799694512608706,2.295341438968427,719.4182516091256
2025-01-23,backward,2025-01-15 06:00:00,-7.75,0.8054054999340187,6.125574272588055,1.9494317070738079,1.999704453038315,2.2784614881865486,721.3676833161994
2025-01-23,backward,2025-01-15 05:00:00,-7.791666666666667,0.909575724156796,5.847953216374269,2.3736334021347107,2.3655547496527354,2.3554737614791494,723.7413167183341
2025-01-23,backward,2025-01-15 04:00:00,-7.833333333333333,0.9640234679490504,6.125574272588055,2.7928914486831844,2.393529746008791,2.471303743517989,726.5342081670174
2025-01-23,backward,2025-01-15 03:00:00,-7.875,1.009030415890746,5.148005148005149,2.5714585093121824,2.9810092107870654,2.7246488438491823,729.1056666763295
2025-01-23,backward,2025-01-15 02:00:00,-7.916666666666667,1.106475158133749,5.594405594405594,3.3602324285840224,3.008054850360158,2.7880263736282163,732.4658991049135
2025-01-23,backward,2025-01-15 01:00:00,-7.958333333333333,0.9525393085609728,4.024144869215292,1.791312902310295,3.600040053248028,2.557569077402555,734.2572120072239
2025-01-23,backward,2025-01-15 00:00:00,-8.0,0.8754419070142065,5.594405594405594,2.103490948334191,2.379969631712519,2.3045713882817718,736.360702955558
2025-01-23,backward,2025-01-14 23:00:00,-8.041666666666666,0.753594699070804,11.661807580174926,3.249178527747024,0.9828109722987692,1.960209767791066,739.6098814833051
2025-01-23,backward,2025-01-14 22:00:00,-8.083333333333334,0.6156985626551474,10.6951871657754,1.989100387837035,0.8755436112840896,1.6293174172467566,741.5989818711422
2025-01-23,backward,2025-01-14 21:00:00,-8.125,0.6433321544073706,10.6951871657754,2.171655536368954,0.9148394878428319,1.2257795533105587,743.7706374075111
2025-01-23,backward,2025-01-14 20:00:00,-8.166666666666666,0.7841811736628912,11.661807580174926,3.5182826622883328,1.0227007470943008,1.0349139927808422,747.2889200697995
2025-01-23,backward,2025-01-14 19:00:00,-8.208333333333334,0.7655116491008588,9.876543209876544,2.8394917383985128,1.178812869630841,1.0741829254689992,750.1284118081979
2025-01-23,backward,2025-01-14 18:00:00,-8.25,0.8018538327395826,9.876543209876544,3.115497595438585,1.2347762685342203,1.1696314864664565,753.2439094036365
2025-01-23,backward,2025-01-14 17:00:00,-8.291666666666666,0.9342572700802412,11.661807580174926,4.993796917019374,1.2184245684277117,1.251983092262092,758.2377063206559
2025-01-23,backward,2025-01-14 16:00:00,-8.333333333333334,0.9404722108961986,9.876543209876544,4.2857707514421755,1.4482349772688334,1.3066151487727968,762.5234770720981
2025-01-23,backward,2025-01-14 15:00:00,-8.375,1.080346699407411,11.661807580174926,6.677658476660055,1.4089491226166446,1.3339553095663426,769.2011355487582
2025-01-23,backward,2025-01-14 14:00:00,-8.416666666666666,1.0355240830089725,11.661807580174926,6.135052903680819,1.3504930861585311,1.3187736250694349,775.336188452439
2025-01-23,backward,2025-01-14 13:00:00,-8.458333333333334,1.0296664971676446,11.661807580174926,6.065841652238483,1.3428538343921144,1.2963609663736733,781.4020301046776
2025-01-23,backward,2025-01-14 12:00:00,-8.5,0.8769497421573347,11.661807580174926,4.399945673304313,1.1436861615527731,1.2326116770965356,785.8019757779819
2025-01-23,backward,2025-01-14 11:00:00,-8.541666666666666,0.8311444970571416,11.661807580174926,3.9523097374310012,1.0839486162531418,1.1975040178052259,789.7542855154129
2025-01-23,backward,2025-01-14 10:00:00,-8.583333333333334,0.8983763733276692,12.82051282051282,5.076379414450945,1.0657392416060096,1.197714334371001,794.8306649298638
2025-01-23,backward,2025-01-14 09:00:00,-8.625,0.9188286861713584,11.661807580174926,4.830220934987915,1.198303166868785,1.1958564549949133,799.6608858648517
2025-01-23,backward,2025-01-14 08:00:00,-8.666666666666666,1.036491675680782,11.661807580174926,6.146523434850408,1.351754985553183,1.267174702112411,805.8074092997022
2025-01-23,backward,2025-01-14 07:00:00,-8.708333333333334,1.0211190465054405,11.661807580174926,5.965552316508812,1.3317065581355874,1.3270170396988985,811.772961616211
2025-01-23,backward,2025-01-14 06:00:00,-8.75,1.1051753068307453,10.6951871657754,6.408889272055578,1.571595644257759,1.415864824014706,818.1818508882666
2025-01-23,backward,2025-01-14 05:00:00,-8.791666666666666,1.1064580801749748,11.661807580174926,7.0043499180736095,1.4430026417720676,1.4459993632758452,825.1862008063401
2025-01-23,backward,2025-01-14 04:00:00,-8.833333333333334,1.2259394662183585,11.661807580174926,8.598762572691214,1.5988259475008537,1.4623382133136211,833.7849633790313
2025-01-23,backward,2025-01-14 03:00:00,-8.875,1.057467120333439,11.661807580174926,6.397814595606968,1.3791104024356202,1.495507734709851,840.1827779746383
2025-01-23,backward,2025-01-14 02:00:00,-8.916666666666666,1.1116609877322008,11.661807580174926,7.070378028602801,1.4497880857798384,1.4706011867517275,847.2531560032411
2025-01-23,backward,2025-01-14 01:00:00,-8.958333333333334,1.076433385455221,10.6951871657754,6.079876259359727,1.5307236865129676,1.4381110196615279,853.3330322626008
2025-01-23,backward,2025-01-14 00:00:00,-9.0,1.0000868183930696,10.6951871657754,5.24802419769526,1.4221563565090178,1.3592616183913844,858.581056460296
2025-01-23,backward,2025-01-13 23:00:00,-9.041666666666666,0.9569822294902954,11.661807580174926,5.239690701279479,1.248061639230869,1.3396834298810374,863.8207471615756
2025-01-23,backward,2025-01-13 22:00:00,-9.083333333333334,0.8631810569398961,11.661807580174926,4.26286624968666,1.1257295398799938,1.303929477860171,868.0836134112623
2025-01-23,backward,2025-01-13 21:00:00,-9.125,0.9673947493811866,11.661807580174926,5.35433274025576,1.2616412713735383,1.2833524940637053,873.4379461515181
2025-01-23,backward,2025-01-13 20:00:00,-9.166666666666666,0.9471696085767431,11.661807580174926,5.132789028180123,1.2352643736546398,1.321914569727027,878.5707351796982
2025-01-23,backward,2025-01-13 19:00:00,-9.208333333333334,1.0790528904520709,11.661807580174926,6.661673902451678,1.407261783734173,1.3466586798093259,885.2324090821498
2025-01-23,backward,2025-01-13 18:00:00,-9.25,0.9974410449549324,9.174311926605505,4.477957905110878,1.6535288104889478,1.423532426495038,889.7103669872607
2025-01-23,backward,2025-01-13 17:00:00,-9.291666666666666,1.0708211917128885,11.661807580174926,6.560422651699896,1.3965262997246628,1.475154500577956,896.2707896389607
2025-01-23,backward,2025-01-13 16:00:00,-9.333333333333334,1.2168501731763397,11.661807580174926,8.471730296608081,1.586972019994265,1.5775831364454547,904.7425199355687
2025-01-23,backward,2025-01-13 15:00:00,-9.375,1.1050192426587844,10.6951871657754,6.4070793738951695,1.5713737158710472,1.6729440077002036,911.1495993094638
2025-01-23,backward,2025-01-13 14:00:00,-9.416666666666666,1.2012688255972674,9.876543209876544,6.992257526278855,1.8498361888596329,1.7260784345741935,918.1418568357427
2025-01-23,backward,2025-01-13 13:00:00,-9.458333333333334,1.28542406916629,9.876543209876544,8.00626308628799,1.9794270112626653,1.774703865655864,926.1481199220307
2025-01-23,backward,2025-01-13 12:00:00,-9.5,1.2808188151763429,9.876543209876544,7.948998207306822,1.9723353717328884,1.7763291606724776,934.0971181293374
2025-01-23,backward,2025-01-13 11:00:00,-9.541666666666666,1.0963548054349743,9.876543209876544,5.824239837753082,1.688278886214685,1.7639814465133818,939.9213579670906
2025-01-23,backward,2025-01-13 10:00:00,-9.583333333333334,1.122845886655821,10.6951871657754,6.6154703505900025,1.5967237900939482,1.797865951659143,946.5368283176806
2025-01-23,backward,2025-01-13 09:00:00,-9.625,1.0529203882201206,10.6951871657754,5.817166481569183,1.4972874309164719,1.7021465677810783,952.3539947992498
2025-01-23,backward,2025-01-13 08:00:00,-9.666666666666666,1.020764438687367,7.561436672967865,3.8653374652735017,2.053143219734198,1.7991418141318558,956.2193322645232
2025-01-23,backward,2025-01-13 07:00:00,-9.708333333333334,1.0774034997548003,11.661807580174926,6.641324009668828,1.4051107079942777,1.9141814002419568,962.860656274192
2025-01-23,backward,2025-01-13 06:00:00,-9.75,1.1367044120367185,6.768189509306261,4.290418289319112,2.5543068498375536,2.1318219154848417,967.1510745635111
2025-01-23,backward,2025-01-13 05:00:00,-9.791666666666666,1.05847505730253,6.768189509306261,3.720195822950235,2.378516402875292,2.3368075379567177,970.8712703864613
2025-01-23,backward,2025-01-13 04:00:00,-9.833333333333334,1.227308690609754,6.430868167202571,4.752359203908477,2.902566881551256,2.438340053963548,975.6236295903698
2025-01-23,backward,2025-01-13 03:00:00,-9.875,1.2136449455218263,6.768189509306261,4.890889455617042,2.727201165747729,2.65515131848094,980.5145190459868
2025-01-23,backward,2025-01-13 02:00:00,-9.916666666666666,1.1847800157872648,6.768189509306261,4.661009458003232,2.6623383157751817,2.736489653896408,985.1755285039901
2025-01-23,backward,2025-01-13 01:00:00,-9.958333333333334,1.2042004534849928,6.768189509306261,4.81506458523277,2.705978295098626,2.8480444575300736,989.9905930892229
2025-01-23,backward,2025-01-13 00:00:00,-10.0,1.2253384933208074,6.125574272588055,4.512227595424664,3.042336862330361,2.8703650060189467,994.5028206846475
2025-01-23,backward,2025-01-12 23:00:00,-10.041666666666666,1.3563363048241628,6.768189509306261,6.108566654609041,3.0478452246772867,2.916390903052339,1000.6113873392566
2025-01-23,backward,2025-01-12 22:00:00,-10.083333333333334,1.3512831382763495,6.768189509306261,6.063135290145129,3.0364901724844984,2.9647079826356215,1006.6745226294017
2025-01-23,backward,2025-01-12 21:00:00,-10.125,1.2699261525117411,6.430868167202571,5.088134397038829,3.003356547948081,3.0369321341653186,1011.7626570264406
2025-01-23,backward,2025-01-12 20:00:00,-10.166666666666666,1.3137909156543792,6.768189509306261,5.73135161595661,2.9522407932748753,3.045816178546623,1017.4940086423971
2025-01-23,backward,2025-01-12 19:00:00,-10.208333333333334,1.3274176990480302,6.430868167202571,5.559258235168547,3.139323204276807,3.1432298057661043,1023.0532668775656
2025-01-23,backward,2025-01-12 18:00:00,-10.25,1.3089473611479978,6.430868167202571,5.405626113585716,3.0956411286181886,3.214100652470364,1028.4588929911513
2025-01-23,backward,2025-01-12 17:00:00,-10.291666666666666,1.5358772636167697,6.430868167202571,7.442428359267532,3.6323269879941766,3.2637035152031846,1035.9013213504188
2025-01-23,backward,2025-01-12 16:00:00,-10.333333333333334,1.540514602315918,6.768189509306261,7.880180810823979,3.4617152527100554,3.3793969594576705,1043.7815021612428
2025-01-23,backward,2025-01-12 15:00:00,-10.375,1.5503008991187173,7.142857142857142,8.422402566715235,3.300973724345004,3.533849458024669,1052.203904727958
2025-01-23,backward,2025-01-12 14:00:00,-10.416666666666666,1.6227027017293256,6.768189509306261,8.743442582520851,3.64640145880179,3.657853562056976,1060.9473473104788
2025-01-23,backward,2025-01-12 13:00:00,-10.458333333333334,1.809447270139784,6.768189509306261,10.871673653968212,4.066038195678802,3.771892596725852,1071.819020964447
2025-01-23,backward,2025-01-12 12:00:00,-10.5,1.8032973801028924,7.142857142857142,11.39563948256869,3.8396657528120275,3.855648687688916,1083.2146604470156
2025-01-23,backward,2025-01-12 11:00:00,-10.541666666666666,1.82519586476416,6.430868167202571,10.510432620243469,4.3165611960074335,3.9995593112126486,1093.725093067259
2025-01-23,backward,2025-01-12 10:00:00,-10.583333333333334,1.6762268993608689,6.430868167202571,8.864765498376066,3.96425179848844,4.041241197269334,1102.589858565635
2025-01-23,backward,2025-01-12 09:00:00,-10.625,1.7608725316131146,6.430868167202571,9.782671668726287,4.164437465487401,4.060139860175639,1112.3725302343614
2025-01-23,backward,2025-01-12 08:00:00,-10.666666666666666,1.6475759701612651,6.430868167202571,8.56431314506633,3.896492775141898,4.055262591661202,1120.9368433794277
2025-01-23,backward,2025-01-12 07:00:00,-10.708333333333334,1.6833167735881571,6.125574272588055,8.515507691726462,4.179430173116637,3.9955738619277317,1129.4523510711542
2025-01-23,backward,2025-01-12 06:00:00,-10.75,1.5346862068757927,6.125574272588055,7.078121662981638,3.810402141725403,4.029217880713438,1136.5304727341359
2025-01-23,backward,2025-01-12 05:00:00,-10.791666666666666,1.522049218614035,5.847953216374269,6.64650469746212,3.9584288176066136,4.062909629323431,1143.176977431598
2025-01-23,backward,2025-01-12 04:00:00,-10.833333333333334,1.6779542912689462,6.125574272588055,8.461339011596232,4.166115911202676,4.098934590695165,1151.6383164431943
2025-01-23,backward,2025-01-12 03:00:00,-10.875,1.678989845320513,5.847953216374269,8.087830892583781,4.366587957147356,4.144685251099263,1159.726147335778
2025-01-23,backward,2025-01-12 02:00:00,-10.916666666666666,1.656417236388091,6.125574272588055,8.24552524373442,4.112642543372304,4.273953072587371,1167.9716725795124
2025-01-23,backward,2025-01-12 01:00:00,-10.958333333333334,1.7938766119455358,6.125574272588055,9.670835118685922,4.453934135541227,4.324215788650155,1177.6425076981984
2025-01-23,backward,2025-01-12 00:00:00,-11.0,1.7633591114482328,5.847953216374269,8.921080442907924,4.586009070654052,4.2673879426249295,1186.5635881411063
2025-01-23,backward,2025-01-11 23:00:00,-11.041666666666666,1.441952851505741,5.148005148005149,5.251376137743884,4.260005113983313,3.622591327425407,1191.81496427885
2025-01-23,backward,2025-01-11 22:00:00,-11.083333333333334,1.079429752030733,4.291845493562232,2.4533803408868033,3.8251488350513276,3.1823538413981804,1194.2683446197368
2025-01-23,backward,2025-01-11 21:00:00,-11.125,0.4659268542962919,14.234875444839856,1.5160767565251025,0.4978082659502186,2.6884591340007216,1195.784421376262
2025-01-23,backward,2025-01-11 20:00:00,-11.166666666666666,0.5656955683893021,5.847953216374269,0.9181242875680485,1.471217627208943,2.1781698276456996,1196.70254566383
2025-01-23,backward,2025-01-11 19:00:00,-11.208333333333334,0.573135138829951,5.847953216374269,0.9424319363211446,1.490565891156475,1.7262177155876366,1197.6449776001512
2025-01-23,backward,2025-01-11 18:00:00,-11.25,0.5606847447592292,5.594405594405594,0.8628264754084025,1.5242732325239212,1.3107211531926024,1198.5078040755595
2025-01-23,backward,2025-01-11 17:00:00,-11.291666666666666,0.5695199088507932,5.594405594405594,0.8902332352402416,1.548292441634935,1.5194978042885403,1199.3980373107997
2025-01-23,backward,2025-01-11 16:00:00,-11.333333333333334,0.5365475927437731,6.125574272588055,0.8651578345837573,1.3321694606811223,1.5656543336393038,1200.2631951453834
2025-01-23,backward,2025-01-11 15:00:00,-11.375,0.6730697549369143,5.847953216374269,1.2997387712745059,1.7504681725258469,1.5832778581637719,1201.5629339166578
2025-01-23,backward,2025-01-11 14:00:00,-11.416666666666666,0.6430375015127543,5.594405594405594,1.1349025866446305,1.7481568033135213,1.6099022955451765,1202.6978365033024
2025-01-23,backward,2025-01-11 13:00:00,-11.458333333333334,0.6429322424518374,6.125574272588055,1.2422507140956187,1.5963070383032838,1.6326543266072295,1203.940087217398
2025-01-23,backward,2025-01-11 12:00:00,-11.5,0.6475198179113699,5.847953216374269,1.2029347003999828,1.6840198568123481,1.7482818226626875,1205.143021917798
2025-01-23,backward,2025-01-11 11:00:00,-11.541666666666666,0.6478215690452253,5.847953216374269,1.2040561224094415,1.6848046280072548,1.7896805670748062,1206.3470780402074
2025-01-23,backward,2025-01-11 10:00:00,-11.583333333333334,0.7789888536342671,5.847953216374269,1.7409985526867413,2.025934437013868,1.881357355503142,1208.0880765928941
2025-01-23,backward,2025-01-11 09:00:00,-11.625,0.7685787502794137,5.847953216374269,1.6947774189110953,1.9988606389985595,1.9514743159492525,1209.7828540118053
2025-01-23,backward,2025-01-11 08:00:00,-11.666666666666666,0.8102410916088898,5.361930294906166,1.7269578064291522,2.2982175338835362,1.9828790258341027,1211.5098118182345
2025-01-23,backward,2025-01-11 07:00:00,-11.708333333333334,0.7755568714067138,5.847953216374269,1.7256917510522454,2.0170088009799487,2.019807794669832,1213.2355035692867
2025-01-23,backward,2025-01-11 06:00:00,-11.75,0.7541514491173725,6.125574272588055,1.7092121970355405,1.8724481161214501,1.9740215968887949,1214.9447157663224
2025-01-23,backward,2025-01-11 05:00:00,-11.791666666666666,0.7678168203981289,6.125574272588055,1.771715918719026,1.9063772410216269,1.9938364905394546,1216.7164316850415
2025-01-23,backward,2025-01-11 04:00:00,-11.833333333333334,0.7404770460703973,6.430868167202571,1.7299153049425904,1.751217250327648,2.0513599921535834,1218.446346989984
2025-01-23,backward,2025-01-11 03:00:00,-11.875,0.8142927112284074,5.847953216374269,1.9023788892428677,2.117750000902517,2.0623801311498506,1220.3487258792268
2025-01-23,backward,2025-01-11 02:00:00,-11.916666666666666,0.9723262068006352,5.594405594405594,2.594836305003157,2.643358543568312,2.2035337874593206,1222.94356218423
2025-01-23,backward,2025-01-11 01:00:00,-11.958333333333334,0.8390060153745171,6.125574272588055,2.115480335446699,2.083129634957549,2.3892587785983808,1225.0590425196765
2025-01-23,backward,2025-01-11 00:00:00,-12.0,1.0002860852552364,5.594405594405594,2.7462143866095987,2.71937005397827,2.490484881890727,1227.805256906286
2025-01-23,backward,2025-01-10 23:00:00,-12.041666666666666,1.1111365181594626,5.594405594405594,3.388604048301225,3.0207271878559876,2.5142368069681855,1231.1938609545873
2025-01-23,backward,2025-01-10 22:00:00,-12.083333333333334,0.9499445600964962,6.125574272588055,2.7119105692502297,2.3585738700817274,2.47904508518932,1233.9057715238375
2025-01-23,backward,2025-01-10 21:00:00,-12.125,0.9557191128569504,6.430868167202571,2.8817890225818177,2.2602615513672673,2.6000160859087997,1236.7875605464194
2025-01-23,backward,2025-01-10 20:00:00,-12.166666666666666,1.08236870866382,6.768189509306261,3.890048361096081,2.432208212895118,2.6104500136502495,1240.6776089075154
2025-01-23,backward,2025-01-10 19:00:00,-12.208333333333334,1.1877265221796764,6.430868167202571,4.450763820070152,2.808955639274428,2.6576124312657723,1245.1283727275854
2025-01-23,backward,2025-01-10 18:00:00,-12.25,1.2380194997755296,6.768189509306261,5.089317135813977,2.7819736204269674,2.8316850536717624,1250.2176898633993
2025-01-23,backward,2025-01-10 17:00:00,-12.291666666666666,1.6425065589154366,7.561436672967865,10.00807560927532,3.3037016935491255,3.0214852199384588,1260.2257654726745
2025-01-23,backward,2025-01-10 16:00:00,-12.333333333333334,1.5143897186450284,6.768189509306261,7.615174313466266,3.403009604517668,3.21422077506414,1267.8409397861408
2025-01-23,backward,2025-01-10 15:00:00,-12.375,1.6899172651526908,7.561436672967865,10.59417734577086,3.399062548967445,3.3106244053131504,1278.4351171319117
2025-01-23,backward,2025-01-10 14:00:00,-12.416666666666666,1.6853945745418162,7.142857142857142,9.9542187613579,3.5886215436492055,3.5183569038232556,1288.3893358932696
2025-01-23,backward,2025-01-10 13:00:00,-12.458333333333334,1.590880358223346,7.142857142857142,8.86908950072093,3.3873774207684906,3.6140226678471525,1297.2584253939906
2025-01-23,backward,2025-01-10 12:00:00,-12.5,1.8919215970463523,7.142857142857142,12.54325546615518,4.0283686114876005,3.6886248950635427,1309.8016808601458
2025-01-23,backward,2025-01-10 11:00:00,-12.541666666666666,1.9278803476804305,7.561436672967865,13.787848580830165,3.8776962776925057,3.7652458975515626,1323.5895294409759
2025-01-23,backward,2025-01-10 10:00:00,-12.583333333333334,1.914420267694842,7.561436672967865,13.595992603738885,3.8506229678160095,3.787925519982154,1337.1855220447148
2025-01-23,backward,2025-01-10 09:00:00,-12.625,2.037903421863313,8.032128514056225,16.36552263523567,3.8587885638955632,3.8496551919503066,1353.5510446799506
2025-01-23,backward,2025-01-10 08:00:00,-12.666666666666666,1.851814589201778,7.561436672967865,12.721295924256259,3.724699278232755,3.7836249656372964,1366.2723406042069
2025-01-23,backward,2025-01-10 07:00:00,-12.708333333333334,1.8682491793101272,7.561436672967865,12.948097263236379,3.7577554525774044,3.743484233329063,1379.2204378674433
2025-01-23,backward,2025-01-10 06:00:00,-12.75,1.9182307375521528,8.032128514056225,14.499878851297224,3.6321872536095436,3.7028925283858847,1393.7203167187404
2025-01-23,backward,2025-01-10 05:00:00,-12.791666666666666,1.8081393621828317,7.561436672967865,12.128306230833505,3.636851883843102,3.6943740071759117,1405.8486229495738
2025-01-23,backward,2025-01-10 04:00:00,-12.833333333333334,1.7933340175586696,7.561436672967865,11.93050222488614,3.607072738156938,3.640637644715742,1417.77912517446
2025-01-23,backward,2025-01-10 03:00:00,-12.875,1.893068970518874,7.561436672967865,13.29441484970529,3.80767743663573,3.687974863720648,1431.0735400241654
2025-01-23,backward,2025-01-10 02:00:00,-12.916666666666666,1.6915174389498129,7.561436672967865,10.614249986566971,3.4022811034717364,3.689118402622847,1441.6877900107324
2025-01-23,backward,2025-01-10 01:00:00,-12.958333333333334,2.0094574963592,7.561436672967865,14.979385643167024,4.041778766606837,3.6654420940908223,1456.6671756538994
2025-01-23,backward,2025-01-10 00:00:00,-13.0,1.809231450835064,7.561436672967865,12.142961279916385,3.6390484870227375,3.6742489556047833,1468.8101369338158
2025-01-23,backward,2025-01-09 23:00:00,-13.041666666666666,1.737512237226561,7.561436672967865,11.199331417573974,3.4947940326509537,3.631017189703195,1480.0094683513898
2025-01-23,backward,2025-01-09 22:00:00,-13.083333333333334,1.8196051445706265,7.561436672967865,12.282610073254212,3.6599139072407048,3.6509743721513495,1492.2920784246442
2025-01-23,backward,2025-01-09 21:00:00,-13.125,1.6664513987840377,7.142857142857142,9.731713215579699,3.5482868412261968,3.5781284642937865,1502.0237916402239
2025-01-23,backward,2025-01-09 20:00:00,-13.166666666666666,1.5673529770332513,6.768189509306261,8.15714477215269,3.5220241981606666,3.5250151814215935,1510.1809364123765
2025-01-23,backward,2025-01-09 19:00:00,-13.208333333333334,1.6929473736802314,7.142857142857142,10.043634823274953,3.60470331946146,3.521114293589538,1520.2245712356514
2025-01-23,backward,2025-01-09 18:00:00,-13.25,1.5594097833171687,7.142857142857142,8.521665970723342,3.320368789789578,3.3668022122100907,1528.7462372063746
2025-01-23,backward,2025-01-09 17:00:00,-13.291666666666666,1.4678268239119432,6.430868167202571,6.7975323025892305,3.4713887056586237,3.316962828280006,1535.5437695089638
2025-01-23,backward,2025-01-09 16:00:00,-13.333333333333334,1.2840413841490896,7.142857142857142,5.777793819520583,2.7340414189640203,3.4646771282046758,1541.3215633284844
2025-01-23,backward,2025-01-09 15:00:00,-13.375,1.373898892103978,6.430868167202571,5.955403430441182,3.2492505376456893,3.3697777263462467,1547.2769667589257
2025-01-23,backward,2025-01-09 14:00:00,-13.416666666666666,1.2439936778662448,4.291845493562232,3.258460486260747,4.408309997708681,3.2904911099745977,1550.5354272451864
2025-01-23,backward,2025-01-09 13:00:00,-13.458333333333334,1.2834359032053864,6.430868167202571,5.196967591085229,3.0353069083108895,3.228223691933298,1555.7323948362716
2025-01-23,backward,2025-01-09 12:00:00,-13.5,1.265911013501678,6.768189509306261,5.321216149446093,2.844649091559684,3.2884492138927306,1561.0536109857178
2025-01-23,backward,2025-01-09 11:00:00,-13.541666666666666,1.3785598879627363,6.768189509306261,6.31038445696592,3.0977841974108236,3.2712402482701193,1567.3639954426837
2025-01-23,backward,2025-01-09 10:00:00,-13.583333333333334,1.3088430992277889,6.430868167202571,5.404764996433207,3.095394550720614,3.027970420587914,1572.768760439117
2025-01-23,backward,2025-01-09 09:00:00,-13.625,1.4000151858352874,6.768189509306261,6.5083370648828405,3.14599674391002,2.9555164066391644,1579.2770975039998
2025-01-23,backward,2025-01-09 08:00:00,-13.666666666666666,1.384851483010155,7.142857142857142,6.720636381775941,2.948691031615452,2.9477074483743504,1585.9977338857757
2025-01-23,backward,2025-01-09 07:00:00,-13.708333333333334,1.2213626123420824,7.142857142857142,5.227490361941169,2.6005828246183924,2.8602605468098994,1591.2252242477168
2025-01-23,backward,2025-01-09 06:00:00,-13.75,1.24506040039639,6.768189509306261,5.147369973429361,2.7977953419707986,2.8026530080279835,1596.372594221146
2025-01-23,backward,2025-01-09 05:00:00,-13.791666666666666,1.3589070480779797,8.032128514056225,7.276829249531696,2.57310278802412,2.755462749138213,1603.6494234706777
2025-01-23,backward,2025-01-09 04:00:00,-13.833333333333334,1.3670971864847987,7.561436672967865,6.933222405141392,2.7497493180291173,2.716966994811328,1610.582645875819
2025-01-23,backward,2025-01-09 03:00:00,-13.875,1.3445387169418297,7.142857142857142,6.335058401561619,2.862855190571398,2.6447871914602255,1616.9177042773806
2025-01-23,backward,2025-01-09 02:00:00,-13.916666666666666,1.2094241311839826,6.768189509306261,4.856929541112832,2.717716505654144,2.5639548747166643,1621.7746338184934
2025-01-23,backward,2025-01-09 01:00:00,-13.958333333333334,1.0179673295354057,7.142857142857142,3.631379837405955,2.1675040045117755,2.5228049872240903,1625.4060136558994
2025-01-23,backward,2025-01-09 00:00:00,-14.0,1.0292309253666403,6.768189509306261,3.517468346530919,2.3128014415094316,2.533280177892437,1628.9234820024303
2025-01-23,backward,2025-01-08 23:00:00,-14.041666666666666,1.0925004624337098,7.142857142857142,4.182608895170011,2.326203463068676,2.517094746524639,1633.1060908976003
2025-01-23,backward,2025-01-08 22:00:00,-14.083333333333334,1.2516488982910554,6.768189509306261,5.201990883784851,2.8126004620391987,2.5679300435528116,1638.3080817813852
2025-01-23,backward,2025-01-08 21:00:00,-14.125,1.2989298313871274,7.142857142857142,5.912557533243202,2.765742602364609,2.64868175177177,1644.2206393146284
2025-01-23,backward,2025-01-08 20:00:00,-14.166666666666666,1.217440899388887,6.125574272588055,4.454250308142618,3.02272828782318,2.675378028562759,1648.6748896227712
2025-01-23,backward,2025-01-08 19:00:00,-14.208333333333334,1.2455173610923465,7.142857142857142,5.436301923686404,2.652014253825524,2.720756843873207,1654.1111915464576
2025-01-23,backward,2025-01-08 18:00:00,-14.25,1.2294949036853302,7.561436672967865,5.607765166091498,2.4729791022553647,2.7045666368217174,1659.718956712549
2025-01-23,backward,2025-01-08 17:00:00,-14.291666666666666,1.220373309753674,7.142857142857142,5.219025266955699,2.5984763549313663,2.6846774126070105,1664.9379819795047
2025-01-23,backward,2025-01-08 16:00:00,-14.333333333333334,1.2084196054868968,6.768189509306261,4.848864736979957,2.7154592197302625,2.5917607810320815,1669.7868467164847
2025-01-23,backward,2025-01-08 15:00:00,-14.375,1.1189952748881011,6.430868167202571,3.9505552999584217,2.6464072570763673,2.5974790257458706,1673.7374020164432
2025-01-23,backward,2025-01-08 14:00:00,-14.416666666666666,1.09706322517913,6.768189509306261,3.9963899525091904,2.465228498373604,2.651849760735678,1677.7337919689523
2025-01-23,backward,2025-01-08 13:00:00,-14.458333333333334,1.1954538771540135,6.768189509306261,4.745371238415386,2.686323722108259,2.7097414721279716,1682.4791632073677
2025-01-23,backward,2025-01-08 12:00:00,-14.5,1.1836029753999082,6.430868167202571,4.419913159356192,2.7992035121942096,2.7554513630882433,1686.8990763667239
2025-01-23,backward,2025-01-08 11:00:00,-14.541666666666666,1.2456004506794258,6.430868167202571,4.895072782463708,2.9458266232851256,2.783020310641597,1691.7941491491877
2025-01-23,backward,2025-01-08 10:00:00,-14.583333333333334,1.404120046763989,7.142857142857142,6.908956805655339,2.9897185654918945,2.8524145796971485,1698.703105954843
2025-01-23,backward,2025-01-08 09:00:00,-14.625,1.3205705040936326,7.142857142857142,6.1112096572863885,2.81182094239649,2.9722548110636815,1704.8143156121293
2025-01-23,backward,2025-01-08 08:00:00,-14.666666666666666,1.3533394437155537,7.142857142857142,6.418262528609517,2.8815941127069116,2.9714646686417563,1711.232578140739
2025-01-23,backward,2025-01-08 07:00:00,-14.708333333333334,1.4399096954988733,6.430868167202571,6.541421772334671,3.405365110307456,3.004026584293976,1717.7739999130736
2025-01-23,backward,2025-01-08 06:00:00,-14.75,1.475811622746924,8.032128514056225,8.582711901104528,2.79446265766266,3.019408363537339,1726.3567118141782
2025-01-23,backward,2025-01-08 05:00:00,-14.791666666666666,1.5617144006753652,7.561436672967865,9.04772897312822,3.141198117198442,3.061024605781194,1735.4044407873064
2025-01-23,backward,2025-01-08 04:00:00,-14.833333333333334,1.532287374125322,7.561436672967865,8.709972802311611,3.0820092409520745,3.0407593539014868,1744.114413589618
2025-01-23,backward,2025-01-08 03:00:00,-14.875,1.4378408064158226,7.142857142857142,7.244786766584773,3.0615183958596197,3.0000867948146706,1751.3592003562028
2025-01-23,backward,2025-01-08 02:00:00,-14.916666666666666,1.5543705861759347,8.565310492505352,10.152763809102982,2.760002601428666,3.0642951896944575,1761.5119641653057
2025-01-23,backward,2025-01-08 01:00:00,-14.958333333333334,1.4847171689556968,7.142857142857142,7.724874972842491,3.161329755786559,3.016389925703615,1769.2368391381483
2025-01-23,backward,2025-01-08 00:00:00,-15.0,1.4933508643983118,7.142857142857142,7.814977160851156,3.1797130269413842,3.019936369267525,1777.0518162989995
2025-01-23,backward,2025-01-07 23:00:00,-15.041666666666666,1.3402702329160463,7.142857142857142,6.2948986474424204,2.853766533253385,3.1013659956879422,1783.3467149464418
2025-01-23,backward,2025-01-07 22:00:00,-15.083333333333334,1.3810091182386015,6.768189509306261,6.3328271733804975,3.1032879023355386,3.153667144945123,1789.6795421198224
2025-01-23,backward,2025-01-07 21:00:00,-15.125,1.3058582370396783,5.594405594405594,4.680346955551819,3.5500961543821186,3.121467249723242,1794.3598890753742
2025-01-23,backward,2025-01-07 20:00:00,-15.166666666666666,1.3678907908775195,6.768189509306261,6.213086434103924,3.073809496971752,3.0933858268702994,1800.572975509478
2025-01-23,backward,2025-01-07 19:00:00,-15.208333333333334,1.393981166764861,7.142857142857142,6.809540550369755,2.968130384455275,3.1206657841548715,1807.3825160598478
2025-01-23,backward,2025-01-07 18:00:00,-15.25,1.3400395349655545,6.768189509306261,5.962656168767155,3.011224489823726,3.103177511525132,1813.345172228615
2025-01-23,backward,2025-01-07 17:00:00,-15.291666666666666,1.342808322470445,6.768189509306261,5.987321685325474,3.0174462769608184,3.060165415092987,1819.3324939139404
2025-01-23,backward,2025-01-07 16:00:00,-15.333333333333334,1.3343138748889856,6.768189509306261,5.911811092540896,2.9983582665571014,3.078870296763211,1825.2443050064812
2025-01-23,backward,2025-01-07 15:00:00,-15.375,1.391984856555319,6.430868167202571,6.113228952858863,3.2920235757892504,3.080275672581326,1831.3575339593401
2025-01-23,backward,2025-01-07 14:00:00,-15.416666666666666,1.2832162063491586,6.125574272588055,4.948556296336305,3.186038786993092,3.151350454014955,1836.3060902556765
2025-01-23,backward,2025-01-07 13:00:00,-15.458333333333334,1.258596733344968,6.430868167202571,4.997753598507285,2.9765626393639657,3.1722191263244937,1841.3038438541837
2025-01-23,backward,2025-01-07 12:00:00,-15.5,1.3218142894979663,5.847953216374269,5.012758800277077,3.4376731784255017,3.253427971711624,1846.3166026544607
2025-01-23,backward,2025-01-07 11:00:00,-15.541666666666666,1.2657441873975337,6.125574272588055,4.814716575225627,3.1426583108180517,3.3303131468151075,1851.1313192296864
2025-01-23,backward,2025-01-07 10:00:00,-15.583333333333334,1.4038727266425934,6.125574272588055,5.922898871424555,3.4856113388798815,3.4473952435935775,1857.054218101111
2025-01-23,backward,2025-01-07 09:00:00,-15.625,1.3806169537729038,5.594405594405594,5.231574175535264,3.753334626410152,3.5884685791451036,1862.2857922766464
2025-01-23,backward,2025-01-07 08:00:00,-15.666666666666666,1.4303473752909857,5.594405594405594,5.61524913670071,3.8885313676639117,3.660929413699199,1867.901041413347
2025-01-23,backward,2025-01-07 07:00:00,-15.708333333333334,1.2940335583732387,5.148005148005149,4.229237595786649,3.823002652673123,3.6829553998933338,1872.1302790091336
2025-01-23,backward,2025-01-07 06:00:00,-15.75,1.2139044171250672,4.767580452920143,3.446664788802578,3.8724381857500765,3.246568012028249,1875.576943797936
2025-01-23,backward,2025-01-07 05:00:00,-15.791666666666666,0.9899867328562828,4.597701149425287,2.210708704279596,3.2748142279828545,2.788709624662987,1877.7876525022157
2025-01-23,backward,2025-01-07 04:00:00,-15.833333333333334,0.3057637341674833,5.361930294906166,0.24593772113620105,0.8672870116893793,2.3361676550817925,1878.033590223352
2025-01-23,backward,2025-01-07 03:00:00,-15.875,0.3405794793442763,5.148005148005149,0.29295975276864494,1.006184302218577,1.8832664322408863,1878.3265499761205
2025-01-23,backward,2025-01-07 02:00:00,-15.916666666666666,0.4136420027616795,5.361930294906166,0.45009321045515316,1.1732795501767461,1.4494227428272695,1878.7766431865757
2025-01-23,backward,2025-01-07 01:00:00,-15.958333333333334,0.389779793341897,5.361930294906166,0.3996610631781436,1.105595315627683,1.2170007216275223,1879.176304249754
2025-01-23,backward,2025-01-07 00:00:00,-16.0,0.4669240205767046,5.594405594405594,0.5983818552853158,1.269376049268378,1.2636007808500331,1879.7746861050393
2025-01-23,backward,2025-01-06 23:00:00,-16.041666666666668,0.5684152456337173,4.597701149425287,0.7287930252856191,1.8802821007843702,1.2870618245235925,1880.5034791303249
2025-01-23,backward,2025-01-06 22:00:00,-16.083333333333332,0.4218680987941536,5.594405594405594,0.48847164028999146,1.146887367024445,1.3331057616139648,1880.991950770615
2025-01-23,backward,2025-01-06 21:00:00,-16.125,0.4619484100282072,6.125574272588055,0.6413067290079039,1.146950564259932,1.4016425321443602,1881.633257499623
2025-01-23,backward,2025-01-06 20:00:00,-16.166666666666668,0.5110392838285421,5.361930294906166,0.6870079599585246,1.449543172718981,1.46632980751561,1882.3202654595814
2025-01-23,backward,2025-01-06 19:00:00,-16.208333333333332,0.5347564292377827,5.361930294906166,0.7522552488369756,1.5168159388100557,1.4668680764007214,1883.0725207084183
2025-01-23,backward,2025-01-06 18:00:00,-16.25,0.5843547652393304,5.361930294906166,0.8982689278435254,1.6574997014958748,1.606910405720275,1883.9707896362618
2025-01-23,backward,2025-01-06 17:00:00,-16.291666666666668,0.6928261037030463,5.594405594405594,1.3174509882429521,1.88351171409504,1.7614746873730258,1885.2882406245046
2025-01-23,backward,2025-01-06 16:00:00,-16.333333333333332,0.7640725822446086,5.847953216374269,1.6749627567187204,1.9871413429417653,1.878296875111633,1886.9632033812234
2025-01-23,backward,2025-01-06 15:00:00,-16.375,0.7975997599777421,5.847953216374269,1.825181055277722,2.0743362541764383,1.9607546131465743,1888.788384436501
2025-01-23,backward,2025-01-06 14:00:00,-16.416666666666668,0.7910256699211027,5.594405594405594,1.7173829122801696,2.1504762991506237,2.10496113829563,1890.505767348781
2025-01-23,backward,2025-01-06 13:00:00,-16.458333333333332,0.8101814202575665,6.125574272588055,1.972619864750203,2.011562367019703,2.2992122983305516,1892.4783872135313
2025-01-23,backward,2025-01-06 12:00:00,-16.5,1.01606402062324,6.125574272588055,3.1025657192654545,2.5227388523902072,2.435997650124676,1895.5809529327967
2025-01-23,backward,2025-01-06 11:00:00,-16.541666666666668,1.2280296750628774,6.125574272588055,4.5320695566859825,3.0490186743045697,2.545914827892347,1900.1130224894825
2025-01-23,backward,2025-01-06 10:00:00,-16.583333333333332,1.187260478852729,6.430868167202571,4.447271699973853,2.807853453706514,2.70458736664802,1904.5602941894565
2025-01-23,backward,2025-01-06 09:00:00,-16.625,1.15596466646577,6.430868167202571,4.215904447734991,2.7338393207824665,2.9211814338543696,1908.7761986371916
2025-01-23,backward,2025-01-06 08:00:00,-16.666666666666668,1.3806636217904016,6.768189509306261,6.329658916810731,3.1025115316846583,3.023232732544363,1915.1058575540023
2025-01-23,backward,2025-01-06 07:00:00,-16.708333333333332,1.40006236778811,6.430868167202571,6.184383387180713,3.311126770257799,3.1257619916442976,1921.2902409411831
2025-01-23,backward,2025-01-06 06:00:00,-16.75,1.4723733169850188,7.142857142857142,7.596960608572062,3.135046644530173,3.2780991696882373,1928.8872015497552
2025-01-23,backward,2025-01-06 05:00:00,-16.791666666666668,1.6306207481766517,6.768189509306261,8.828978758879007,3.664194228904176,3.422650050648853,1937.7161803086342
2025-01-23,backward,2025-01-06 04:00:00,-16.833333333333332,1.965597434086564,8.032128514056225,15.224808373961503,3.72187652197015,3.470163721791007,1952.9409886825956
2025-01-23,backward,2025-01-06 03:00:00,-16.875,1.901836494740804,8.032128514056225,14.25309027559431,3.6011446065461623,3.508234879880725,1967.19407895819
2025-01-23,backward,2025-01-06 02:00:00,-16.916666666666668,1.6842152091704647,7.561436672967865,10.522805001879123,3.38759355853758,3.453199977099634,1977.716883960069
2025-01-23,backward,2025-01-06 01:00:00,-16.958333333333332,1.575153873565501,6.768189509306261,8.238544938925942,3.539553718796112,3.3245374452484353,1985.955428898995
2025-01-23,backward,2025-01-06 00:00:00,-17.0,1.3172906055380489,7.142857142857142,6.080890555263218,2.8048372278436227,3.0799969609738045,1992.0363194542583
2025-01-23,backward,2025-01-05 23:00:00,-17.041666666666668,1.0638664108204996,5.594405594405594,3.106420027342592,2.8922190377969828,2.8715342385422424,1995.142739481601
2025-01-23,backward,2025-01-05 22:00:00,-17.083333333333332,0.8293386295317275,5.594405594405594,1.887773009551115,2.2546336163223684,2.475963793802332,1997.0305124911522
2025-01-23,backward,2025-01-05 21:00:00,-17.125,0.7650441764570308,4.950495049504951,1.4215223466778748,2.350368271956787,2.0658738928586557,1998.45203483783
2025-01-23,backward,2025-01-05 20:00:00,-17.166666666666668,0.8549062759553212,12.82051282051282,4.596999339709856,1.0141708900981186,1.7905668065285891,2003.0490341775399
2025-01-23,backward,2025-01-05 19:00:00,-17.208333333333332,0.9095667378647376,12.82051282051282,5.203631944544156,1.0790143131340542,1.495912709535921,2008.252666122084
2025-01-23,backward,2025-01-05 18:00:00,-17.25,0.971929310167826,12.82051282051282,5.941646218656935,1.1529947098632236,1.2871431056004825,2014.194312340741
2025-01-23,backward,2025-01-05 17:00:00,-17.291666666666668,0.947736121894833,12.82051282051282,5.649529724071151,1.1242944558409746,1.0357517122672053,2019.843842064812
2025-01-23,backward,2025-01-05 16:00:00,-17.333333333333332,0.8446601742752434,12.82051282051282,4.487469048677158,1.0020159927097372,1.0154127420290529,2024.3313111134892
2025-01-23,backward,2025-01-05 15:00:00,-17.375,0.7097897546061975,12.82051282051282,3.1688149864276456,0.8420199119571243,0.9784634080894042,2027.5001260999168
2025-01-23,backward,2025-01-05 14:00:00,-17.416666666666668,0.7520365516938635,12.82051282051282,3.5572577118041804,0.8921370686692035,0.9603424851689525,2031.057383811721
2025-01-23,backward,2025-01-05 13:00:00,-17.458333333333332,0.8024125961663054,14.234875444839856,4.496568150565454,0.8573183094961621,0.9036612455854921,2035.5539519622864
2025-01-23,backward,2025-01-05 12:00:00,-17.5,0.880277947175354,12.82051282051282,4.873905167464513,1.044269172340513,0.8825691299226411,2040.427857129751
2025-01-23,backward,2025-01-05 11:00:00,-17.541666666666668,0.733983612093875,14.234875444839856,3.7623433940888913,0.7842070183402128,0.8901577807470549,2044.1902005238398
2025-01-23,backward,2025-01-05 10:00:00,-17.583333333333332,0.8193955157649798,14.234875444839856,4.688920513968365,0.8754632987326311,0.9077217568388924,2048.879121037808
2025-01-23,backward,2025-01-05 09:00:00,-17.625,0.8307098422431773,14.234875444839856,4.819305049921773,0.8875518169036065,0.9405828106985994,2053.69842608773
2025-01-23,backward,2025-01-05 08:00:00,-17.666666666666668,0.9336361377917852,14.234875444839856,6.0875285588668415,0.9975209252202292,0.9423560714745406,2059.7859546465966
2025-01-23,backward,2025-01-05 07:00:00,-17.708333333333332,0.8888891794828334,12.82051282051282,4.969728572071513,1.0544846326544042,0.968884319513993,2064.755683218668
2025-01-23,backward,2025-01-05 06:00:00,-17.75,0.9873486300194269,14.234875444839856,6.808113081871985,1.0549087369961594,0.975501268595982,2071.5637963005397
2025-01-23,backward,2025-01-05 05:00:00,-17.791666666666668,0.8829593202664255,14.234875444839856,5.444613997014997,0.9433765065769277,0.981253981890006,2077.0084102975547
2025-01-23,backward,2025-01-05 04:00:00,-17.833333333333332,0.8565545725547468,14.234875444839856,5.123842604968285,0.9151649932245658,0.9733114066089043,2082.132252902523
2025-01-23,backward,2025-01-05 03:00:00,-17.875,0.8630155767046583,14.234875444839856,5.201432581819033,0.9220680966677498,0.9933021487588231,2087.333685484342
2025-01-23,backward,2025-01-05 02:00:00,-17.916666666666668,0.8890327107031891,14.234875444839856,5.51977259508188,0.9498654735336193,1.2501583912311014,2092.853458079424
2025-01-23,backward,2025-01-05 01:00:00,-17.958333333333332,1.0992144704180689,14.234875444839856,8.438214846028062,1.1744290855539161,1.2895414776713279,2101.291672925452
2025-01-23,backward,2025-01-05 00:00:00,-18.0,0.9982016248935895,5.847953216374269,2.858725581839317,2.5960461918298288,1.3544739693747785,2104.1503985072914
2025-01-23,backward,2025-01-04 23:00:00,-18.041666666666668,1.1041244414507572,14.234875444839856,8.513766841463813,1.1796750252182866,1.399048158126206,2112.664165348755
2025-01-23,backward,2025-01-04 22:00:00,-18.083333333333332,1.2211984766883237,14.234875444839856,10.414974541276303,1.3047599434452712,1.675668893190293,2123.0791398900315
2025-01-23,backward,2025-01-04 21:00:00,-18.125,1.1133325718407554,14.234875444839856,8.656364493568006,1.189513229176313,1.6514600869208316,2131.7355043835996
2025-01-23,backward,2025-01-04 20:00:00,-18.166666666666668,1.0510443390204207,6.125574272588055,3.3198687807979215,2.6095898839181406,1.4044079104119074,2135.0553731643977
2025-01-23,backward,2025-01-04 19:00:00,-18.208333333333332,0.9632641410694622,14.234875444839856,6.480022167692166,1.0291762479371476,1.366467028463113,2141.53539533209
2025-01-23,backward,2025-01-04 18:00:00,-18.25,1.0424057023028648,14.234875444839856,7.588558069188257,1.1137331327762852,1.2795980222776013,2149.1239534012784
2025-01-23,backward,2025-01-04 17:00:00,-18.291666666666668,0.8910583637886821,14.234875444839856,5.544954756148532,0.9520297335255208,1.1904822940234139,2154.668908157427
2025-01-23,backward,2025-01-04 16:00:00,-18.333333333333332,0.8243020802160858,16.0,5.333653615495266,0.7835459063322008,0.8629415506054569,2160.002561772922
2025-01-23,backward,2025-01-04 15:00:00,-18.375,0.6128819312166128,14.234875444839856,2.6232479402110638,0.6548188596511882,0.7925655769774781,2162.625809713133
2025-01-23,backward,2025-01-04 14:00:00,-18.416666666666668,0.6030792510782474,14.234875444839856,2.540004456365058,0.6443454234103977,0.7131899424721512,2165.165814169498
2025-01-23,backward,2025-01-04 13:00:00,-18.458333333333332,0.6384893970957962,16.0,3.2000693887812015,0.6069204061692762,0.6518294529462291,2168.365883558279
2025-01-23,backward,2025-01-04 12:00:00,-18.5,0.670637840181641,16.0,3.530434228879029,0.6374793257443234,0.6332902353512159,2171.8963177871583
2025-01-23,backward,2025-01-04 11:00:00,-18.541666666666668,0.6142366527952136,16.0,2.961580026333336,0.5838667963699882,0.6278165826789072,2174.8578978134915
2025-01-23,backward,2025-01-04 10:00:00,-18.583333333333332,0.707280865461613,16.0,3.926773342868545,0.6723106007621212,0.6127739231441356,2178.78467115636
2025-01-23,backward,2025-01-04 09:00:00,-18.625,0.6543291009842187,16.0,3.3608140775569164,0.6219769436173368,0.602923065826977,2182.145485233917
2025-01-23,backward,2025-01-04 08:00:00,-18.666666666666668,0.582910453522674,16.0,2.6672007438069607,0.5540894662017679,0.592614012261776,2184.812685977724
2025-01-23,backward,2025-01-04 07:00:00,-18.708333333333332,0.5127312247337636,14.234875444839856,1.835968549768869,0.5478152622663246,0.5821240275007854,2186.648654527493
2025-01-23,backward,2025-01-04 06:00:00,-18.75,0.5387599320404967,14.234875444839856,2.0271051818332664,0.5756250043531174,0.5589672048688695,2188.675759709326
2025-01-23,backward,2025-01-04 05:00:00,-18.791666666666668,0.4875648773923085,14.234875444839856,1.6601622360732882,0.520926887804045,0.5689674385891045,2190.335921945399
2025-01-23,backward,2025-01-04 04:00:00,-18.833333333333332,0.4992107748602192,14.234875444839856,1.7404181587852856,0.5333696649706257,0.5905707231154859,2192.0763401041845
2025-01-23,backward,2025-01-04 03:00:00,-18.875,0.6383020274179302,14.234875444839856,2.845366097755676,0.6819783459387471,0.5981136545027926,2194.92170620194
2025-01-23,backward,2025-01-04 02:00:00,-18.916666666666668,0.6399220064960215,14.234875444839856,2.8598272230762296,0.683709173360056,0.7764684772401217,2197.7815334250163
2025-01-23,backward,2025-01-04 01:00:00,-18.958333333333332,0.5550903561566082,14.234875444839856,2.1518553254783126,0.5930728505901652,0.7711664455473494,2199.9333887504945
2025-01-23,backward,2025-01-04 00:00:00,-19.0,0.557064962197046,5.148005148005149,0.7837592741955386,1.6457539407770914,0.7688152039661476,2200.7171480246902
2025-01-23,backward,2025-01-03 23:00:00,-19.041666666666668,0.5145560195985338,16.0,2.078343571853978,0.48911469764741117,0.9025707978981335,2202.7954915965443
2025-01-23,backward,2025-01-03 22:00:00,-19.083333333333332,0.5462716618662545,16.0,2.3424447694409296,0.5192622154834146,0.9978286325188077,2205.1379363659853
2025-01-23,backward,2025-01-03 21:00:00,-19.125,0.5233675804622396,5.361930294906166,0.7205544947914069,1.4845119095306627,1.1880179017669146,2205.858490860777
2025-01-23,backward,2025-01-03 20:00:00,-19.166666666666668,0.5055698258486284,6.125574272588055,0.7681413338805234,1.2552561810841012,1.204853037357873,2206.6266321946573
2025-01-23,backward,2025-01-03 19:00:00,-19.208333333333332,0.6984737342009845,6.125574272588055,1.466152016858663,1.7342084660788069,1.4339327223590628,2208.092784211516
2025-01-23,backward,2025-01-03 18:00:00,-19.25,0.7385943721253674,6.430868167202571,1.7211298167949947,1.7467647543228422,1.6813150935420982,2209.813914028311
2025-01-23,backward,2025-01-03 17:00:00,-19.291666666666668,0.7505848649993951,6.125574272588055,1.6930837810278412,1.8635928076545483,1.7564870401913115,2211.506997809339
2025-01-23,backward,2025-01-03 16:00:00,-19.333333333333332,0.7703843263055851,5.847953216374269,1.702749650440137,2.0035564425816292,1.8183400284215108,2213.209747459779
2025-01-23,backward,2025-01-03 15:00:00,-19.375,0.8184167894477185,6.430868167202571,2.113249137566744,1.9355435894259414,1.7906975845333626,2215.3229965973455
2025-01-23,backward,2025-01-03 14:00:00,-19.416666666666668,0.7237605877718912,6.768189509306261,1.7393797269692595,1.6263741104652962,1.6211526879796079,2217.0623763243148
2025-01-23,backward,2025-01-03 13:00:00,-19.458333333333332,0.6316737339150257,6.125574272588055,1.1991250639431066,1.5683538027499173,1.4275227097841638,2218.261501388258
2025-01-23,backward,2025-01-03 12:00:00,-19.5,0.6149359841198092,12.82051282051282,2.378467631278195,0.7294953750003146,1.2090923009123926,2220.639969019536
2025-01-23,backward,2025-01-03 11:00:00,-19.541666666666668,0.6568663421189578,14.234875444839856,3.0132816246001695,0.7018129384818844,1.0076764833387584,2223.653250644136
2025-01-23,backward,2025-01-03 10:00:00,-19.583333333333332,0.6485934707234288,14.234875444839856,2.9378583324303165,0.692973989351001,0.8769501923574335,2226.591108976566
2025-01-23,backward,2025-01-03 09:00:00,-19.625,0.6804859007360543,14.234875444839856,3.233880499389488,0.727048683984137,0.9169443518827972,2229.8249894759556
2025-01-23,backward,2025-01-03 08:00:00,-19.666666666666668,0.7097867643042035,12.82051282051282,3.168788286425988,0.8420163645773469,1.1722587750804512,2232.993777762382
2025-01-23,backward,2025-01-03 07:00:00,-19.708333333333332,0.7646215987396564,6.430868167202571,1.8445683961406438,1.8083187599021002,1.3939942515136996,2234.8383461585227
2025-01-23,backward,2025-01-03 06:00:00,-19.75,0.8695203915669177,5.847953216374269,2.1691793714978056,2.2613819141862375,1.7707601997471867,2237.0075255300203
2025-01-23,backward,2025-01-03 05:00:00,-19.791666666666668,0.8592974714526868,6.430868167202571,2.32963942744167,2.032225797081374,2.13495620304394,2239.337164957462
2025-01-23,backward,2025-01-03 04:00:00,-19.833333333333332,0.9613860557298944,4.950495049504951,2.24479301023521,2.9535696787519248,2.3780679365638027,2241.5819579676972
2025-01-23,backward,2025-01-03 03:00:00,-19.875,0.9129035150436916,4.767580452920143,1.9493051157366073,2.9122247037646596,2.459961196440926,2243.5312630834337
2025-01-23,backward,2025-01-03 02:00:00,-19.916666666666668,0.8462787015288254,5.594405594405594,1.9656799373222957,2.300686765696519,2.3694745406716113,2245.496943020756
2025-01-23,backward,2025-01-03 01:00:00,-19.958333333333332,0.8107560943201134,5.361930294906166,1.7291538703330436,2.299678319164842,2.3242951463557797,2247.226096891089
2025-01-23,backward,2025-01-03 00:00:00,-20.0,0.6921316435889053,6.125574272588055,1.4396477869111766,1.718461979570351,1.9869424696994933,2248.6657446780005
2025-01-23,backward,2025-01-02 23:00:00,-20.041666666666668,0.7446767260027052,6.430868167202571,1.749593680999818,1.761149431186382,1.6538958509270127,2250.415338359
2025-01-23,backward,2025-01-02 22:00:00,-20.083333333333332,0.7834929395940096,12.82051282051282,3.861069376457768,0.9294536188142044,1.4588819205939727,2254.2764077354577
2025-01-23,backward,2025-01-02 21:00:00,-20.125,0.7007899992678751,11.661807580174926,2.809788921572676,0.9139449911297786,1.2721477912751638,2257.0861966570305
2025-01-23,backward,2025-01-02 20:00:00,-20.166666666666668,0.7950612010239378,10.6951871657754,3.316817250000108,1.1306031836982793,1.2244045907960512,2260.4030139070305
2025-01-23,backward,2025-01-02 19:00:00,-20.208333333333332,0.8292871036916283,10.6951871657754,3.6085293831578507,1.1792735432519874,1.1822508317524834,2264.0115432901885
2025-01-23,backward,2025-01-02 18:00:00,-20.25,0.9299311496731524,9.876543209876544,4.1902370485284175,1.4320027766956762,1.3010432058679162,2268.201780338717
2025-01-23,backward,2025-01-02 17:00:00,-20.291666666666668,0.9794304707028192,9.876543209876544,4.64819376423675,1.5082268769249751,1.5723255004843464,2272.8499741029536
2025-01-23,backward,2025-01-02 16:00:00,-20.333333333333332,1.066436651775929,9.876543209876544,5.5107045438027304,1.6422078635068005,1.7764158385495434,2278.3606786467562
2025-01-23,backward,2025-01-02 15:00:00,-20.375,1.1310669237517266,6.768189509306261,4.247967139499838,2.5416387588283595,1.979547825349008,2282.608645786256
2025-01-23,backward,2025-01-02 14:00:00,-20.416666666666668,1.0480745309591517,6.768189509306261,3.6474460655899117,2.35514521208946,1.9400224919194484,2286.256091851846
2025-01-23,backward,2025-01-02 13:00:00,-20.458333333333332,0.9658502840317984,6.125574272588055,2.8034864879166315,2.3980654640487757,2.060066620167367,2289.0595783397625
2025-01-23,backward,2025-01-02 12:00:00,-20.5,0.8402413037592642,10.6951871657754,3.7044904139266106,1.1948507761183216,1.9999108957897709,2292.764068753689
2025-01-23,backward,2025-01-02 11:00:00,-20.541666666666668,0.8197226345685703,5.594405594405594,1.844250192212206,2.2284916464124866,1.7809572536185527,2294.6083189459014
2025-01-23,backward,2025-01-02 10:00:00,-20.583333333333332,0.7728893429635877,9.174311926605505,2.688686543578169,1.2812735172412215,1.6141717398208177,2297.2970054894795
2025-01-23,backward,2025-01-02 09:00:00,-20.625,0.7973994174435451,9.876543209876544,3.080979649158433,1.227916905801051,1.4562689174122845,2300.377985138638
2025-01-23,backward,2025-01-02 08:00:00,-20.666666666666668,0.7627853182712719,8.565310492505352,2.4450052441708023,1.3544321293030517,1.4844485500189457,2302.8229903828087
2025-01-23,backward,2025-01-02 07:00:00,-20.708333333333332,0.8169722028952655,8.565310492505352,2.8047212468492537,1.4506485295975753,1.3847166189481215,2305.627711629658
2025-01-23,backward,2025-01-02 06:00:00,-20.75,0.8227484947517762,9.174311926605505,3.0467704047038238,1.3639285717582896,1.4486704908918295,2308.6744820343615
2025-01-23,backward,2025-01-02 05:00:00,-20.791666666666668,0.8608884460035184,8.032128514056225,2.9204948208753856,1.63010005998754,1.5941682439634313,2311.594976855237
2025-01-23,backward,2025-01-02 04:00:00,-20.833333333333332,0.9376882366829904,8.565310492505352,3.6948097403863036,1.66499674890347,1.6853743487645974,2315.2897865956234
2025-01-23,backward,2025-01-02 03:00:00,-20.875,0.9866883954650868,7.142857142857142,3.4116466067258666,2.1009034242306597,1.7705582380920006,2318.701433202349
2025-01-23,backward,2025-01-02 02:00:00,-20.916666666666668,0.9454556427353428,7.561436672967865,3.316031665875399,1.9016687581100493,1.8778760301379585,2322.0174648682246
2025-01-23,backward,2025-01-02 01:00:00,-20.958333333333332,0.9213359253963932,7.142857142857142,2.9746783280913496,1.9617518655619957,1.9274312241680422,2324.9921431963157
2025-01-23,backward,2025-01-02 00:00:00,-21.0,0.9982386410333348,7.561436672967865,3.696622536562957,2.0078353240340365,1.9930398429841851,2328.688765732879
2025-01-23,forward,2025-01-23 00:00:00,0.0,0.9324867859847572,6.125574272588055,2.613149255275092,2.315228761767665,2.2234716214551358,2.613149255275092
2025-01-23,forward,2025-01-23 01:00:00,0.041666666666666664,0.8534596323208236,5.594405594405594,1.9991802448031073,2.3202087888889813,2.222607680736801,4.612329500078199
2025-01-23,forward,2025-01-23 02:00:00,0.08333333333333333,0.7824659158833758,5.847953216374269,1.7565753366807249,2.034977313708761,2.15976845578456,6.368904836758924
2025-01-23,forward,2025-01-23 03:00:00,0.125,0.7826709378580151,5.361930294906166,1.6114306251045658,2.220015858581797,2.082690709651667,7.98033546186349
2025-01-23,forward,2025-01-23 04:00:00,0.16666666666666666,0.7338003160867544,5.847953216374269,1.544869190465252,1.908411555975596,1.9621516729626631,9.525204652328743
2025-01-23,forward,2025-01-23 05:00:00,0.20833333333333334,0.6836091937726937,6.125574272588055,1.4044123285699708,1.6973019789872035,1.8713015323539108,10.929616980898713
2025-01-23,forward,2025-01-23 06:00:00,0.25,0.6411953315143736,6.125574272588055,1.235547785930178,1.591994541633641,1.8678058476314285,12.165164766828891
2025-01-23,forward,2025-01-23 07:00:00,0.2916666666666667,0.6529511402276547,5.594405594405594,1.1701656685668003,1.775107945236465,1.7371601788586915,13.335330435395692
2025-01-23,forward,2025-01-23 08:00:00,0.3333333333333333,0.7100407735852823,5.361930294906166,1.3262328297711066,2.014003205373868,1.682102141163415,14.661563265166798
2025-01-23,forward,2025-01-23 09:00:00,0.375,0.6744834042788127,7.142857142857142,1.5942136905137614,1.436141845945375,1.6615422541506224,16.25577695568056
2025-01-23,forward,2025-01-23 10:00:00,0.4166666666666667,0.7022615742410008,6.768189509306261,1.6375793580283868,1.5780633298039384,1.6283451138587983,17.893356313708946
2025-01-23,forward,2025-01-23 11:00:00,0.4583333333333333,0.7392014962656944,7.142857142857142,1.9148275721637982,1.573942656910447,1.595892918840863,19.808183885872744
2025-01-23,forward,2025-01-23 12:00:00,0.5,0.7355717169268117,8.032128514056225,2.13212531274544,1.3928116998826965,1.5215126473826768,21.940309198618184
2025-01-23,forward,2025-01-23 13:00:00,0.5416666666666666,0.7422317308299519,7.142857142857142,1.9305587893381757,1.5803947751288536,1.5073621622794564,23.87086798795636
2025-01-23,forward,2025-01-23 14:00:00,0.5833333333333334,0.7794265981058109,7.561436672967865,2.2536516996493967,1.56772157662475,1.4808468750959616,26.124519687605755
2025-01-23,forward,2025-01-23 15:00:00,0.625,0.6717975833800719,7.561436672967865,1.6742227047377287,1.351238935326053,1.4494268537302417,27.798742392343485
2025-01-23,forward,2025-01-23 16:00:00,0.6666666666666666,0.7054723419718301,7.561436672967865,1.8462747770574304,1.4189716067029696,1.4561336702127612,29.645017169400916
2025-01-23,forward,2025-01-23 17:00:00,0.7083333333333334,0.6506630986146733,7.142857142857142,1.4835983851289207,1.385422528716127,1.481219618137574,31.128615554529837
2025-01-23,forward,2025-01-23 18:00:00,0.75,0.673032540666616,7.142857142857142,1.5873625243725484,1.4330525987778142,1.6117876830239355,32.71597807890239
2025-01-23,forward,2025-01-23 19:00:00,0.7916666666666666,0.731890612758724,6.430868167202571,1.6900283657806854,1.7309104626777296,1.7494295802100535,34.40600644468307
2025-01-23,forward,2025-01-23 20:00:00,0.8333333333333334,0.7958249973747021,5.148005148005149,1.599580713056485,2.3511299659429192,1.895769530425518,36.005587157739555
2025-01-23,forward,2025-01-23 21:00:00,0.875,0.8371095630921346,5.847953216374269,2.0104835763827804,2.1770903184427626,2.0436386843807823,38.01607073412234
2025-01-23,forward,2025-01-23 22:00:00,0.9166666666666666,0.9251494829946088,6.125574272588055,2.5721877433269587,2.2970113079957537,2.1893619259607076,40.588258477449294
2025-01-23,forward,2025-01-23 23:00:00,0.9583333333333334,0.9153326136651628,6.125574272588055,2.5178897911172786,2.272637452447714,2.25038595384146,43.10614826856657
2025-01-23,forward,2025-01-24 00:00:00,1.0,0.8872116756187625,5.847953216374269,2.2583456841989293,2.307392048257365,2.1876379381482605,45.3644939527655
2025-01-23,forward,2025-01-24 01:00:00,1.0416666666666667,0.8063351668035943,5.847953216374269,1.865379180932079,2.0970546299622477,2.114308446824873,47.22987313369758
2025-01-23,forward,2025-01-24 02:00:00,1.0833333333333333,0.7263471864809289,5.594405594405594,1.4480197995550592,1.9746418717837184,2.0346232772970474,48.67789293325264
2025-01-23,forward,2025-01-24 03:00:00,1.125,0.6679347210835677,5.847953216374269,1.2799822961670242,1.7371133705024389,1.9052197762699252,49.95787522941967
2025-01-23,forward,2025-01-24 04:00:00,1.1666666666666667,0.6690596039774186,5.594405594405594,1.2286144002892017,1.8189002908288014,1.8049211672235508,51.18648962970887
2025-01-23,forward,2025-01-24 05:00:00,1.2083333333333333,0.6026195286501996,6.125574272588055,1.0913529994416973,1.4962164462849794,1.7305157199753225,52.27784262915057
2025-01-23,forward,2025-01-24 06:00:00,1.25,0.6013127585581393,5.361930294906166,0.951160999980066,1.705600393979118,1.7036056128571337,53.22900362913064
2025-01-23,forward,2025-01-24 07:00:00,1.2916666666666667,0.5819299992389451,5.361930294906166,0.8908297038832765,1.6506219464728795,1.70406817874749,54.119833333013915
2025-01-23,forward,2025-01-24 08:00:00,1.3333333333333333,0.6392405926203283,5.361930294906166,1.0749342189609528,1.813181229074586,1.5334909219903163,55.19476755197487
2025-01-23,forward,2025-01-24 09:00:00,1.375,0.6134011911978534,5.361930294906166,0.9897885542262223,1.739888765844577,1.5719504984539425,56.18455610620109
2025-01-23,forward,2025-01-24 10:00:00,1.4166666666666667,0.6099208651073438,11.661807580174926,2.1283590087020166,0.7954367502857592,1.660165352279326,58.312915114903106
2025-01-23,forward,2025-01-24 11:00:00,1.4583333333333333,0.6352456387132653,5.594405594405594,1.1075653670945793,1.7269739050667354,1.7471524883323752,59.420480481997686
2025-01-23,forward,2025-01-24 12:00:00,1.5,0.7879146752326284,5.361930294906166,1.6330954780116673,2.2348895169314202,1.7622815709377448,61.053575960009354
2025-01-23,forward,2025-01-24 13:00:00,1.5416666666666667,0.765934910085975,5.361930294906166,1.5432522761133203,2.172544762791174,1.7936147507743743,62.596828236122676
2025-01-23,forward,2025-01-24 14:00:00,1.5833333333333333,0.6712433187969971,5.361930294906166,1.1852586932085618,1.9039557247068029,1.9591726695954927,63.782086929331236
2025-01-23,forward,2025-01-24 15:00:00,1.625,0.6525633892223313,5.148005148005149,1.075514861365706,1.9278878448643553,1.9264129775718015,64.85760179069695
2025-01-23,forward,2025-01-24 16:00:00,1.6666666666666667,0.6054787494506092,5.148005148005149,0.9259100894467943,1.7887842632124695,1.6682071246317802,65.78351188014373
2025-01-23,forward,2025-01-24 17:00:00,1.7083333333333333,0.5180245797534877,5.148005148005149,0.6777534549748763,1.5304157529245874,1.4299609634550752,66.46126533511861
2025-01-23,forward,2025-01-24 18:00:00,1.75,0.5257425235006616,11.661807580174926,1.5814086701196455,0.6856543992912916,1.2668132871896403,68.04267400523825
2025-01-23,forward,2025-01-24 19:00:00,1.7916666666666667,0.4825422833073327,9.876543209876544,1.1282562587767413,0.7430677957309442,1.0913594413217564,69.170930264015
2025-01-23,forward,2025-01-24 20:00:00,1.8333333333333333,0.6007328428875519,9.876543209876544,1.7486373631616705,0.9250696671141929,0.9442612345804934,70.91956762717668
2025-01-23,forward,2025-01-24 21:00:00,1.875,0.5683250016306199,9.876543209876544,1.5650583187521907,0.8751647696570526,0.8309849677063837,72.48462594592887
2025-01-23,forward,2025-01-24 22:00:00,1.9166666666666667,0.588475799811198,9.876543209876544,1.6780087350184674,0.9061950227648919,0.8681841989571574,74.16263468094733
2025-01-23,forward,2025-01-24 23:00:00,1.9583333333333333,0.5524755391264539,9.876543209876544,1.4789827557199435,0.8507581516799292,0.8508373315397934,75.64161743666727
2025-01-23,forward,2025-01-25 00:00:00,2.0,0.5482360363474679,9.174311926605505,1.3528221126067403,0.9088497867959342,0.8050718432933821,76.99443954927402
2025-01-23,forward,2025-01-25 01:00:00,2.0416666666666665,0.3854492581093551,9.174311926605505,0.6687133043037635,0.6389865912267596,0.8813754939136486,77.66315285357778
2025-01-23,forward,2025-01-25 02:00:00,2.0833333333333335,0.3923803400283057,9.174311926605505,0.6929789041950025,0.6504767376357252,1.1414090273453708,78.35613175777279
2025-01-23,forward,2025-01-25 03:00:00,2.125,0.4699470617619757,5.361930294906166,0.5809664785585124,1.332986673378652,1.351762057895453,78.9370982363313
2025-01-23,forward,2025-01-25 04:00:00,2.1666666666666665,0.8695328178853975,5.361930294906166,1.9889558955279805,2.4663962233552246,1.544650684432266,80.92605413185927
2025-01-23,forward,2025-01-25 05:00:00,2.2083333333333335,0.7771949958241641,5.594405594405594,1.6578528271734598,2.1128763349804225,1.789449152042324,82.58390695903273
2025-01-23,forward,2025-01-25 06:00:00,2.25,0.7600189047710547,5.594405594405594,1.5853851034901845,2.0661815460168116,2.0307065322130895,84.16929206252291
2025-01-23,forward,2025-01-25 07:00:00,2.2916666666666665,0.7431010484183777,5.361930294906166,1.4526097184307531,2.107777396887107,2.2163415183978485,85.62190178095366
2025-01-23,forward,2025-01-25 08:00:00,2.3333333333333335,0.7717306544832991,5.594405594405594,1.634622550871248,2.09802101866032,2.1953029183957944,87.2565243318249
2025-01-23,forward,2025-01-25 09:00:00,2.375,0.8626229289406021,5.361930294906166,1.9574703513464236,2.4467965904872058,2.255799654833518,89.21399468317134
2025-01-23,forward,2025-01-25 10:00:00,2.4166666666666665,0.8608001351312841,5.594405594405594,2.0337175481377234,2.340164623342898,2.2872277478334264,91.24771223130907
2025-01-23,forward,2025-01-25 11:00:00,2.4583333333333335,0.9107127792684888,5.594405594405594,2.2764014020341112,2.4758567536067666,2.2999864319065075,93.52411363334318
2025-01-23,forward,2025-01-25 12:00:00,2.5,0.8293814780653926,5.594405594405594,1.887968081605051,2.2547501040162623,2.320712989140279,95.41208171494823
2025-01-23,forward,2025-01-25 13:00:00,2.5416666666666665,0.77008964273146,5.361930294906166,1.5600401012748417,2.1843295013255917,2.2542137429980706,96.97212181622307
2025-01-23,forward,2025-01-25 14:00:00,2.5833333333333335,0.7233841496903874,4.950495049504951,1.2709212497533977,2.2223803620629474,2.1552412162563734,98.24304306597647
2025-01-23,forward,2025-01-25 15:00:00,2.625,0.6931523733219365,5.148005148005149,1.2134682989524568,2.04780111363396,2.029010008815293,99.45651136492893
2025-01-23,forward,2025-01-25 16:00:00,2.6666666666666665,0.5911083863305665,5.148005148005149,0.8824807646007349,1.7463294628927135,1.8947384394226408,100.33899212952966
2025-01-23,forward,2025-01-25 17:00:00,2.7083333333333335,0.6058497902431943,5.361930294906166,0.9655685707968754,1.718469508960282,1.7869324951865986,101.30456070032653
2025-01-23,forward,2025-01-25 18:00:00,2.75,0.5108903358938726,5.361930294906166,0.6866075464967332,1.4491206876603502,1.5578021161944855,101.99116824682326
2025-01-23,forward,2025-01-25 19:00:00,2.7916666666666665,0.4647892654161664,4.597701149425287,0.4872871406052574,1.5374938359093397,1.4591547745031053,102.47845538742853
2025-01-23,forward,2025-01-25 20:00:00,2.8333333333333335,0.2988223656076558,5.361930294906166,0.23489804177945428,0.8475980881102675,1.4376235578008922,102.71335342920798
2025-01-23,forward,2025-01-25 21:00:00,2.875,0.3976237414102666,4.153686396677051,0.32218873566833833,1.4559170634856797,1.22027559296396,103.03554216487632
2025-01-23,forward,2025-01-25 22:00:00,2.9166666666666665,0.4416557324889213,4.153686396677051,0.3974966575943725,1.6171421626794358,1.0409117994010695,103.43303882247069
2025-01-23,forward,2025-01-25 23:00:00,2.9583333333333335,0.2188432745245146,8.032128514056225,0.18872485090166707,0.41438171993868644,1.0211292542401162,103.62176367337236
2025-01-23,forward,2025-01-26 00:00:00,3.0,0.22496347964149,9.174311926605505,0.22778733693749334,0.37293792628300654,1.0030616206783407,103.84955101030985
2025-01-23,forward,2025-01-26 01:00:00,3.0416666666666665,0.4003748479287873,4.291845493562232,0.3375279066230382,1.4187985649436214,0.8795604388795261,104.18707891693289
2025-01-23,forward,2025-01-26 02:00:00,3.0833333333333335,0.4162962554605695,8.565310492505352,0.7282494296698611,0.7391922867396146,0.7407267391182019,104.91532834660275
2025-01-23,forward,2025-01-26 03:00:00,3.125,0.3775582557972665,8.032128514056225,0.5617338876216115,0.7149099726927916,0.7503329607188739,105.47706223422436
2025-01-23,forward,2025-01-26 04:00:00,3.1666666666666665,0.3489539077564358,6.768189509306261,0.4043343854112766,0.7841399641114909,0.7325806236069883,105.88139661963564
2025-01-23,forward,2025-01-26 05:00:00,3.2083333333333335,0.3319325806318992,10.6951871657754,0.5781229197901079,0.47201904954271795,0.5399301538440644,106.45951953942574
2025-01-23,forward,2025-01-26 06:00:00,3.25,0.17301355208104,9.876543209876544,0.14504315790604386,0.2664239036116935,0.5653342310285,106.60456269733179
2025-01-23,forward,2025-01-26 07:00:00,3.2916666666666665,0.170722394984813,9.876543209876544,0.14122708360782127,0.2628957463660778,0.5855834173458775,106.7457897809396
2025-01-23,forward,2025-01-26 08:00:00,3.3333333333333335,0.3143412309936662,5.361930294906166,0.2599296945769792,0.8916167498462283,0.5604060232511109,107.00571947551659
2025-01-23,forward,2025-01-26 09:00:00,3.375,0.3216048016136298,5.847953216374269,0.29674333379723217,0.8364050905970559,0.5793801234705339,107.30246280931382
2025-01-23,forward,2025-01-26 10:00:00,3.4166666666666665,0.2549789640019878,6.125574272588055,0.1953833483428908,0.6330755995428915,0.6040627776507822,107.49784615765671
2025-01-23,forward,2025-01-26 11:00:00,3.4583333333333335,0.2359637724947489,6.125574272588055,0.1673283410318484,0.585863650859257,0.6694728084353839,107.66517449868856
2025-01-23,forward,2025-01-26 12:00:00,3.5,0.2334481238437426,8.565310492505352,0.22901077697049702,0.4145198286931831,0.7899382397432061,107.89418527565905
2025-01-23,forward,2025-01-26 13:00:00,3.5416666666666665,0.3953235653113657,9.174311926605505,0.7034138942554471,0.6553559310736884,0.9219858976716814,108.5975991699145
2025-01-23,forward,2025-01-26 14:00:00,3.5833333333333335,0.42715867921336,4.024144869215292,0.3602335105387082,1.6144093376931612,1.0329595275884214,108.95783268045321
2025-01-23,forward,2025-01-26 15:00:00,3.625,0.4754182775496857,4.439511653718091,0.49228769708884385,1.6286910381679076,1.0152066434277218,109.45012037754205
2025-01-23,forward,2025-01-26 16:00:00,3.6666666666666665,0.4396655798449427,5.148005148005149,0.4882204206503785,1.298917379043331,1.0572373383979798,109.93834079819243
2025-01-23,forward,2025-01-26 17:00:00,3.7083333333333335,0.2383173755251994,7.561436672967865,0.21069186521527725,0.47934634589506037,1.065555729726243,110.14903266340771
2025-01-23,forward,2025-01-26 18:00:00,3.75,0.2350478001200222,5.361930294906166,0.14533344861520608,0.6667039985147315,0.9657213750591787,110.29436611202291
2025-01-23,forward,2025-01-26 19:00:00,3.7916666666666665,0.2486430076274554,5.361930294906166,0.16263188592556288,0.7052662790432661,0.8498493265286508,110.45699799794848
2025-01-23,forward,2025-01-26 20:00:00,3.8333333333333335,0.3579823897926609,5.361930294906166,0.3371137939244001,1.0154032096907748,0.8048370172883285,110.79411179187288
2025-01-23,forward,2025-01-26 21:00:00,3.875,0.3433610642297989,5.594405594405594,0.32358477224966176,0.9334587469847407,0.9240662156109724,111.11769656412254
2025-01-23,forward,2025-01-26 22:00:00,3.9166666666666665,0.395598999837627,5.847953216374269,0.4489999503177159,1.0288435236013969,1.0043273926431953,111.56669651444025
2025-01-23,forward,2025-01-26 23:00:00,3.9583333333333335,0.439463296397684,5.594405594405594,0.5300675291292245,1.1947215358309238,1.1860317500755408,112.09676404356948
2025-01-23,forward,2025-01-27 00:00:00,4.0,0.4223770731192772,5.594405594405594,0.48965101128811744,1.1482710607080693,1.2703336906700775,112.5864150548576
2025-01-23,forward,2025-01-27 01:00:00,4.041666666666667,0.660449314324906,5.594405594405594,1.1971952092153528,1.7954924236373395,1.384848827782956,113.78361026407295
2025-01-23,forward,2025-01-27 02:00:00,4.083333333333333,0.6126879437277697,6.125574272588055,1.1281257506151603,1.521214853257994,1.4107833675761758,114.9117360146881
2025-01-23,forward,2025-01-27 03:00:00,4.125,0.623114957949587,5.847953216374269,1.1139668739907078,1.6205495696620136,1.3646391001676987,116.02570288867881
2025-01-23,forward,2025-01-27 04:00:00,4.166666666666667,0.4356853215052899,5.594405594405594,0.5209929422764837,1.1844507623607152,1.3378163946450836,116.54669583095529
2025-01-23,forward,2025-01-27 05:00:00,4.208333333333333,0.4847380757883864,8.032128514056225,0.9259274324636034,0.9178559313800617,1.2351500296314601,117.4726232634189
2025-01-23,forward,2025-01-27 06:00:00,4.25,0.3480868267173604,5.361930294906166,0.3187339852580483,0.9873348275723771,1.2250619184365188,117.79135724867695
2025-01-23,forward,2025-01-27 07:00:00,4.291666666666667,0.3992424957020221,5.148005148005149,0.40257289383219697,1.1794942335555993,1.1080353842786101,118.19393014250915
2025-01-23,forward,2025-01-27 08:00:00,4.333333333333333,0.4121952362208944,4.291845493562232,0.35775198243840767,1.4606861860883464,1.1383688783923254,118.55168212494755
2025-01-23,forward,2025-01-27 09:00:00,4.375,0.3108624449413619,5.148005148005149,0.24406613447851053,0.9183903647145604,1.211986954264815,118.79574825942606
2025-01-23,forward,2025-01-27 10:00:00,4.416666666666667,0.4283455816930986,4.767580452920143,0.429159417505655,1.3664517270430079,1.1274163016492487,119.22490767693172
2025-01-23,forward,2025-01-27 11:00:00,4.458333333333333,0.4261865871354656,4.767580452920143,0.42484412709800273,1.3595643866149985,1.0197536513505938,119.64975180402972
2025-01-23,forward,2025-01-27 12:00:00,4.5,0.2385980616819851,7.561436672967865,0.21118845608129816,0.4799109118789801,0.9180626500470815,119.86094026011102
2025-01-23,forward,2025-01-27 13:00:00,4.541666666666667,0.2374235662629186,6.768189509306261,0.18717687493483656,0.5335183317636699,0.9022324995441463,120.04811713504586
2025-01-23,forward,2025-01-27 14:00:00,4.583333333333333,0.39945583128384,7.142857142857142,0.5591669943139834,0.8505401782672726,0.809773592849998,120.60728412935984
2025-01-23,forward,2025-01-27 15:00:00,4.625,0.4093757751043623,7.561436672967865,0.6216996630803414,0.823409461696949,0.710408371332862,121.22898379244018
2025-01-23,forward,2025-01-27 16:00:00,4.666666666666667,0.3812137535902265,7.142857142857142,0.5092618221330865,0.8116982868781178,0.743821357016523,121.73824561457326
2025-01-23,forward,2025-01-27 17:00:00,4.708333333333333,0.3795273817582791,7.561436672967865,0.5343460232130656,0.7633730575121834,0.7215140967362298,122.27259163778632
2025-01-23,forward,2025-01-27 18:00:00,4.75,0.3593269477466132,8.032128514056225,0.5087943251776744,0.6803888259809447,0.6963768714032299,122.781385962964
2025-01-23,forward,2025-01-27 19:00:00,4.791666666666667,0.2110762401451969,8.032128514056225,0.17556639078852018,0.399674770081911,1.0146126585141324,122.95695235375251
2025-01-23,forward,2025-01-27 20:00:00,4.833333333333333,0.2368444745696796,5.148005148005149,0.14167640256019584,0.6997168262692733,1.0219435194729625,123.0986287563127
2025-01-23,forward,2025-01-27 21:00:00,4.875,0.5383842980116769,2.9962546816479403,0.42608429756222005,2.7328241843623635,1.2314857323899495,123.52471305387493
2025-01-23,forward,2025-01-27 22:00:00,4.916666666666667,0.30167287670107,5.361930294906166,0.2394008712899308,0.8556834526310988,1.483928924652876,123.76411392516486
2025-01-23,forward,2025-01-27 23:00:00,4.958333333333333,0.518470561070898,3.902439024390244,0.5146551979991979,2.020626335014105,1.7726330244466737,124.27876912316407
2025-01-23,forward,2025-01-28 00:00:00,5.0,0.6194269029635298,4.291845493562232,0.8078974547111715,2.1950479795585043,2.0217014536049747,125.08666657787523
2025-01-23,forward,2025-01-28 01:00:00,5.041666666666667,0.644479944207688,4.597701149425287,0.9368964342508658,2.1318993688446968,1.927381242224777,126.0235630121261
2025-01-23,forward,2025-01-28 02:00:00,5.083333333333333,0.6877994731784421,4.767580452920143,1.1065059195582814,2.1941274012190792,2.1816394519337776,127.13006893168439
2025-01-23,forward,2025-01-28 03:00:00,5.125,0.6792653349488209,4.767580452920143,1.0792174712989064,2.1669029160811775,2.255616521794794,128.2092864029833
2025-01-23,forward,2025-01-28 04:00:00,5.166666666666667,0.8395082548091441,5.361930294906166,1.8539718644251282,2.381232710885104,2.2038252895551893,130.06325826740843
2025-01-23,forward,2025-01-28 05:00:00,5.208333333333333,0.9065312036028502,5.594405594405594,2.2555450099672067,2.464488754180202,2.1043244318629735,132.31880327737562
2025-01-23,forward,2025-01-28 06:00:00,5.25,0.8385416928209682,6.768189509306261,2.334822477643583,1.8843005861208781,2.0385212185408492,134.6536257550192
2025-01-23,forward,2025-01-28 07:00:00,5.291666666666667,0.720862415820278,7.142857142857142,1.8209950435002487,1.5348942226913986,1.9115012888634937,136.47462079851945
2025-01-23,forward,2025-01-28 08:00:00,5.333333333333333,0.6090409299533132,5.148005148005149,0.9368368514685081,1.799308121286334,1.7872884355522445,137.41145764998797
2025-01-23,forward,2025-01-28 09:00:00,5.375,0.5167318893436936,5.594405594405594,0.7328523949013169,1.4047833380170451,1.6013693704957406,138.1443100448893
2025-01-23,forward,2025-01-28 10:00:00,5.416666666666667,0.4775388155289817,4.439511653718091,0.4966890544916955,1.6359555910176098,1.5473961585125888,138.640999099381
2025-01-23,forward,2025-01-28 11:00:00,5.458333333333333,0.4755835533393296,5.361930294906166,0.594986144163311,1.3489743638411773,1.499837454517887,139.2359852435443
2025-01-23,forward,2025-01-28 12:00:00,5.5,0.4717324069911534,4.597701149425287,0.5019543207153742,1.5604613142219683,1.4374000954090314,139.73793956425968
2025-01-23,forward,2025-01-28 13:00:00,5.541666666666667,0.4596283144459486,5.594405594405594,0.5798284654329763,1.2495419987231873,1.3688406780350773,140.31776802969264
2025-01-23,forward,2025-01-28 14:00:00,5.583333333333333,0.4822358314636755,5.148005148005149,0.5873405141372534,1.4246839666332,1.2602559678224443,140.9051085438299
2025-01-23,forward,2025-01-28 15:00:00,5.625,0.493903578964585,7.561436672967865,0.9049419043101685,0.9934268337733202,1.2071698646762898,141.81005044814006
2025-01-23,forward,2025-01-28 16:00:00,5.666666666666667,0.5544183082284183,8.565310492505352,1.29166612743266,0.9844473297418124,1.6931767323615923,143.1017165755727
2025-01-23,forward,2025-01-28 17:00:00,5.708333333333333,0.6215923444449204,9.174311926605505,1.7390691442484942,1.030457744964251,1.762025162161007,144.8407857198212
2025-01-23,forward,2025-01-28 18:00:00,5.75,0.7024683757004891,2.386634844868735,0.5777920549451672,4.476502520333784,1.9493707303647938,145.4185777747664
2025-01-23,forward,2025-01-28 19:00:00,5.791666666666667,0.7030202902991255,6.430868167202571,1.5593275764719001,1.6626325775196742,2.0337970503507803,146.9779053512383
2025-01-23,forward,2025-01-28 20:00:00,5.833333333333333,0.743987541605517,4.439511653718091,1.2055870107102966,2.548757375855921,2.2443580612660274,148.1834923619486
2025-01-23,forward,2025-01-28 21:00:00,5.875,0.7044671986203758,7.142857142857142,1.7391039857101918,1.4999847536892381,2.3547596253795926,149.92259634765878
2025-01-23,forward,2025-01-28 22:00:00,5.916666666666667,1.0003102814211302,6.768189509306261,3.3225690031079447,2.247813395233296,1.9061308783268212,153.24516535076674
2025-01-23,forward,2025-01-28 23:00:00,5.958333333333333,0.795054324068852,7.142857142857142,2.2151217716676093,1.6928671296456401,1.9361982769086126,155.46028712243435
2025-01-23,forward,2025-01-29 00:00:00,6.0,0.8381976997321287,7.142857142857142,2.4620503325764966,1.7847300380171565,1.80441599949605,157.92233745501085
2025-01-23,forward,2025-01-29 01:00:00,6.041666666666667,0.8655815249583203,7.142857142857142,2.6255479508049553,1.8430369690104231,1.9014724736792132,160.5478854058158
2025-01-23,forward,2025-01-29 02:00:00,6.083333333333333,0.7823644122846894,6.768189509306261,2.032463329066433,1.7580637113805455,1.9185719046568002,162.58034873488225
2025-01-23,forward,2025-01-29 03:00:00,6.125,0.8386813744192303,6.125574272588055,2.1138435445861696,2.0823235987882174,2.017415364457865,164.6941922794684
2025-01-23,forward,2025-01-29 04:00:00,6.166666666666667,0.9037524330972088,5.847953216374269,2.3433377136900546,2.3504099810988177,2.0104414076799006,167.03752999315847
2025-01-23,forward,2025-01-29 05:00:00,6.208333333333333,0.8408498340894511,5.594405594405594,1.9405412039752172,2.28592788845203,1.9837552549616742,168.9780711971337
2025-01-23,forward,2025-01-29 06:00:00,6.25,0.614457976799202,5.361930294906166,0.9932019656847068,1.7428862973493693,2.3633804672352308,169.9712731628184
2025-01-23,forward,2025-01-29 07:00:00,6.291666666666667,0.5933167598311865,5.361930294906166,0.9260329287046872,1.682920052701063,2.681370114548692,170.8973060915231
2025-01-23,forward,2025-01-29 08:00:00,6.333333333333333,0.7950820363963472,2.9962546816479403,0.929254433626308,4.0358149850218865,2.876559659780373,171.8265605251494
2025-01-23,forward,2025-01-29 09:00:00,6.375,0.9938009243909234,3.787878787878788,1.8353838222243097,3.9902614826689873,2.758786841094286,173.66194434737372
2025-01-23,forward,2025-01-29 10:00:00,6.416666666666667,1.0279469155619558,4.439511653718091,2.3014874408336246,3.5215472524888987,2.927661677949761,175.96343178820734
2025-01-23,forward,2025-01-29 11:00:00,6.458333333333333,0.5567821260469931,5.361930294906166,0.8154996281185509,1.5792909763355094,3.0722883016864766,176.7789314163259
2025-01-23,forward,2025-01-29 12:00:00,6.5,0.8639737232246933,4.767580452920143,1.7459473058226367,2.7561353184822193,2.7404968814602007,178.52487872214851
2025-01-23,forward,2025-01-29 13:00:00,6.541666666666667,0.7995689850810981,4.767580452920143,1.4953468608364922,2.5506797951213573,2.403306648678689,180.020225582985
2025-01-23,forward,2025-01-29 14:00:00,6.583333333333333,0.6656685282733689,4.950495049504951,1.0762092325192267,2.045066463664233,2.152384059922776,181.09643481550424
2025-01-23,forward,2025-01-29 15:00:00,6.625,0.640297005421054,4.950495049504951,0.9957346162053806,1.9671200859799156,2.203585684382866,182.0921694317096
2025-01-23,forward,2025-01-29 16:00:00,6.666666666666667,0.741564565010467,5.594405594405594,1.5093290171729155,2.0160117199534233,2.0341761133252354,183.60149844888252
2025-01-23,forward,2025-01-29 17:00:00,6.708333333333333,0.6939255730849472,5.594405594405594,1.3216357219031118,1.8865007230960442,1.8368900796704064,184.92313417078563
2025-01-23,forward,2025-01-29 18:00:00,6.75,0.7741824501782117,6.768189509306261,1.9901746413913817,1.7396778921364373,1.72936625684528,186.913308812177
2025-01-23,forward,2025-01-29 19:00:00,6.791666666666667,0.7219208147846901,8.032128514056225,2.0537227292746154,1.3669635931923838,1.6433706427616466,188.96703154145163
2025-01-23,forward,2025-01-29 20:00:00,6.833333333333333,0.6229867212039979,6.768189509306261,1.288730549662237,1.399923526713475,1.527817430359163,190.25576209111387
2025-01-23,forward,2025-01-29 21:00:00,6.875,0.5579780130541263,5.847953216374269,0.893243974229095,1.4511464014781144,1.3652724735461987,191.14900606534297
2025-01-23,forward,2025-01-29 22:00:00,6.916666666666667,0.466317811580265,5.361930294906166,0.572027892321309,1.3226924455385218,1.2323218742511657,191.72103395766428
2025-01-23,forward,2025-01-29 23:00:00,6.958333333333333,0.5496724201801655,9.174311926605505,1.3599202135951414,0.9112309822182595,1.555204298711874,193.0809541712594
2025-01-23,forward,2025-01-30 00:00:00,7.0,0.6117105739164176,9.876543209876544,1.8131301385872733,0.9419742963662393,1.692811792572123,194.89408430984668
2025-01-23,forward,2025-01-30 01:00:00,7.041666666666667,0.9024219285192874,4.153686396677051,1.659529655590311,3.3042581399566333,1.781067858404455,196.553613965437
2025-01-23,forward,2025-01-30 02:00:00,7.083333333333333,0.9410496504083884,6.430868167202571,2.7940020183601826,2.225568489874969,1.8409522853875968,199.34761598379717
2025-01-23,forward,2025-01-30 03:00:00,7.125,0.9302268290090604,7.142857142857142,3.0323667071021876,1.980682796472106,2.0305912657310814,202.37998269089937
2025-01-23,forward,2025-01-30 04:00:00,7.166666666666667,0.8362420878372984,7.561436672967865,2.5941817284031803,1.681999007437373,2.4693002652905207,204.97416441930255
2025-01-23,forward,2025-01-30 05:00:00,7.208333333333333,0.9118642389905816,6.768189509306261,2.7609904988480647,2.0490648642791682,2.578698431322284,207.7351549181506
2025-01-23,forward,2025-01-30 06:00:00,7.25,1.5113110657298354,6.430868167202571,7.206250662875041,3.574228293722873,2.8334746348364903,214.94140558102566
2025-01-23,forward,2025-01-30 07:00:00,7.291666666666667,2.091696971186004,8.032128514056225,17.24091128393704,3.9606471361472138,2.9806273255474736,232.1823168649627
2025-01-23,forward,2025-01-30 08:00:00,7.333333333333333,1.982681687822092,8.032128514056225,15.490615452596431,3.75422571096021,3.1926231748947362,247.67293231755914
2025-01-23,forward,2025-01-30 09:00:00,7.375,1.3448880188897676,7.142857142857142,6.338350438679607,2.8635989407380014,3.3413313800510576,254.01128275623876
2025-01-23,forward,2025-01-30 10:00:00,7.416666666666667,1.387332675473094,7.142857142857142,6.744740238017351,2.953974103520951,3.2577710737990615,260.7560229942561
2025-01-23,forward,2025-01-30 11:00:00,7.458333333333333,1.3813869079828622,7.142857142857142,6.687051519414389,2.9413140952170944,3.138681292646216,267.4430745136705
2025-01-23,forward,2025-01-30 12:00:00,7.5,1.3674711237597426,6.768189509306261,6.209274685218834,3.0728664562109014,3.009449127241009,273.65234919888934
2025-01-23,forward,2025-01-30 13:00:00,7.541666666666667,1.3725703051750835,6.430868167202571,5.9438910177892135,3.246108449230137,2.980682012152331,279.59624021667855
2025-01-23,forward,2025-01-30 14:00:00,7.583333333333333,1.325624716578805,6.768189509306261,5.835065425671607,2.9788327185289654,2.921295457031585,285.43130564235014
2025-01-23,forward,2025-01-30 15:00:00,7.625,1.1975332214208665,6.768189509306261,4.761893568732683,2.6909962502059344,2.7837900493064307,290.1931992110828
2025-01-23,forward,2025-01-30 16:00:00,7.666666666666667,1.0983809875737147,6.430868167202571,3.806340657064841,2.5976547727964805,2.5926825126383024,293.9995398681476
2025-01-23,forward,2025-01-30 17:00:00,7.708333333333333,0.9417767045222069,6.768189509306261,2.9451026145836816,2.1162816488661647,2.3907210517368145,296.9446424827313
2025-01-23,forward,2025-01-30 18:00:00,7.75,0.8571970035193827,6.768189509306261,2.4398651981816744,1.9262212362021314,2.2218899173700506,299.384507680913
2025-01-23,forward,2025-01-30 19:00:00,7.791666666666667,0.8601912980801637,6.430868167202571,2.3344884507547117,2.0343396838212082,2.0667927915367987,301.71899613166767
2025-01-23,forward,2025-01-30 20:00:00,7.833333333333333,0.7917685573017794,6.125574272588055,1.8839759117091581,1.9658459123283858,1.9027111123522156,303.60297204337684
2025-01-23,forward,2025-01-30 21:00:00,7.875,0.7090281311536171,6.125574272588055,1.5107958263967365,1.7604134952064232,1.823877219763273,305.1137678697736
2025-01-23,forward,2025-01-30 22:00:00,7.916666666666667,0.6497218715715927,6.125574272588055,1.2686266104798232,1.6131646976889789,1.7564330838381357,306.3823944802534
2025-01-23,forward,2025-01-30 23:00:00,7.958333333333333,0.6318543436242527,5.847953216374269,1.1454334820720469,1.6432782933325112,1.6984049881555021,307.5278279623255
2025-01-23,forward,2025-01-31 00:00:00,8.0,0.5364276953930438,5.361930294906166,0.7569646202516094,1.5215564206513066,1.619659926918674,308.2847925825771
2025-01-23,forward,2025-01-31 01:00:00,8.041666666666666,0.5707456152609378,5.148005148005149,0.8227278020050258,1.6861711097254053,1.631932240747043,309.10752038458213
2025-01-23,forward,2025-01-31 02:00:00,8.083333333333334,0.6014753207694896,6.125574272588055,1.0872125786876317,1.4933755449074189,1.6146855392563773,310.19473296326976
2025-01-23,forward,2025-01-31 03:00:00,8.125,0.6465969943433413,5.361930294906166,1.0998173342334774,1.8340473781766369,1.5627264060783388,311.29455029750324
2025-01-23,forward,2025-01-31 04:00:00,8.166666666666666,0.5553184587761661,5.594405594405594,0.8463893738734648,1.5096844887449836,1.4129625809208564,312.1409396713767
2025-01-23,forward,2025-01-31 05:00:00,8.208333333333334,0.5119819977555011,5.847953216374269,0.7520475562228376,1.3315234942642822,1.264029907673821,312.8929872275996
2025-01-23,forward,2025-01-31 06:00:00,8.25,0.4045539885311762,9.876543209876544,0.7930306561362589,0.6229734697064105,1.4869640166994287,313.6860178837358
2025-01-23,forward,2025-01-31 07:00:00,8.291666666666666,0.3940457922848323,7.561436672967865,0.5760096263864242,0.792575070243193,1.6795047907578775,314.26202751012227
2025-01-23,forward,2025-01-31 08:00:00,8.333333333333334,0.6849663650852058,3.679852805887765,0.8470342532582851,2.8309801990610635,1.6703993795948573,315.10906176338057
2025-01-23,forward,2025-01-31 09:00:00,8.375,0.8435569139313838,4.291845493562232,1.498321084857565,2.9892920225273314,1.7239116915989132,316.6073828482381
2025-01-23,forward,2025-01-31 10:00:00,8.416666666666666,0.492514998394938,5.148005148005149,0.6126464578989581,1.4550520217668614,1.8706181489959928,317.22002930613706
2025-01-23,forward,2025-01-31 11:00:00,8.458333333333334,0.5826264373629662,5.361930294906166,0.8929632217024172,1.6525973662886186,2.134387392285049,318.1129925278395
2025-01-23,forward,2025-01-31 12:00:00,8.5,0.5529377139161678,5.594405594405594,0.8391476994223009,1.5032122140888882,2.023332380162639,318.9521402272618
2025-01-23,forward,2025-01-31 13:00:00,8.541666666666666,0.744557856717571,4.767580452920143,1.2966625430297396,2.3751905299775324,1.8835325886853542,320.24880277029155
2025-01-23,forward,2025-01-31 14:00:00,8.583333333333334,0.7962393340482787,5.594405594405594,1.7400961200579794,2.164650126326602,2.023386351504584,321.9888988903495
2025-01-23,forward,2025-01-31 15:00:00,8.625,0.8661375472501425,6.125574272588055,2.2545121236161383,2.150493273663622,2.1163580449858768,324.24341101396567
2025-01-23,forward,2025-01-31 16:00:00,8.666666666666666,0.8821294549385755,5.847953216374269,2.2325467945143673,2.2941745986822406,2.267679925760217,326.47595780848
2025-01-23,forward,2025-01-31 17:00:00,8.708333333333334,0.9346475119349232,6.430868167202571,2.75611508754819,2.2104275271763734,2.2030322965493316,329.2320728960282
2025-01-23,forward,2025-01-31 18:00:00,8.75,0.9711176229370826,6.125574272588055,2.8341479267398113,2.4111434987349325,2.176860609404733,332.06622082276806
2025-01-23,forward,2025-01-31 19:00:00,8.791666666666666,0.800411369319273,6.125574272588055,1.9253307240959803,1.9873047547122171,2.08374631458141,333.99155154686406
2025-01-23,forward,2025-01-31 20:00:00,8.833333333333334,0.8488932652502313,6.430868167202571,2.273567310402401,2.00762000345901,1.9930654401259176,336.2651188572665
2025-01-23,forward,2025-01-31 21:00:00,8.875,0.6730729261546236,6.430868167202571,1.4293081944538752,1.5918075047236844,1.9257234913473835,337.69442705172037
2025-01-23,forward,2025-01-31 22:00:00,8.916666666666666,0.7400001304510928,6.430868167202571,1.7276876654801512,1.7500893519492864,1.814201966701811,339.42211471720054
2025-01-23,forward,2025-01-31 23:00:00,8.958333333333334,0.6644526401816714,5.594405594405594,1.2117528388235739,1.8063758345051684,1.7245007205092264,340.63386755602414
2025-01-23,forward,2025-02-01 00:00:00,9.0,0.70161765005629,6.125574272588055,1.4793803809753725,1.7420143508614998,1.5958604970731043,342.1132479369995
2025-01-23,forward,2025-02-01 01:00:00,9.041666666666666,0.5571901076484393,5.847953216374269,0.8907231048150759,1.4490972775567084,1.5001803437465087,343.0039710418146
2025-01-23,forward,2025-02-01 02:00:00,9.083333333333334,0.4977250164353194,6.125574272588055,0.7444881384440779,1.2357786628422764,1.4416434344603317,343.7484591802587
2025-01-23,forward,2025-02-01 03:00:00,9.125,0.4779748556556272,7.142857142857142,0.8005972596485388,1.0177265847641102,1.4460839922305218,344.54905643990725
2025-01-23,forward,2025-02-01 04:00:00,9.166666666666666,0.5914911856030135,6.430868167202571,1.1038198365524379,1.3988678962322258,1.5042113473468086,345.65287627645966
2025-01-23,forward,2025-02-01 05:00:00,9.208333333333334,0.7382709618516778,6.125574272588055,1.6379868737056194,1.8330191811263086,1.6316876457875862,347.2908631501653
2025-01-23,forward,2025-02-01 06:00:00,9.25,0.8840556325737787,6.430868167202571,2.46581693603203,2.0907784815592203,2.137720782313154,349.7566800861973
2025-01-23,forward,2025-02-01 07:00:00,9.291666666666666,1.0397830517484916,7.142857142857142,3.7886934424458394,2.2139550682013747,2.214557749664515,353.54537352864315
2025-01-23,forward,2025-02-01 08:00:00,9.333333333333334,1.1303281121044406,4.024144869215292,2.522404301387141,4.271977481995683,2.7287870354661314,356.0677778300303
2025-01-23,forward,2025-02-01 09:00:00,9.375,0.8327974034619864,8.565310492505352,2.9144316132575785,1.4787483888722774,3.2581769240512526,358.9822094432879
2025-01-23,forward,2025-02-01 10:00:00,9.416666666666666,1.308959970746121,4.439511653718091,3.7318137887172074,4.484243611041923,3.7311520316040636,362.7140232320051
2025-01-23,forward,2025-02-01 11:00:00,9.458333333333334,1.5143449742143091,4.597701149425287,5.172761004603236,5.0093585126370375,4.296407526290185,367.8867842366083
2025-01-23,forward,2025-02-01 12:00:00,9.5,1.8950994086425996,5.847953216374269,10.30385919415918,4.928629126876085,4.587141317640749,378.1906434307675
2025-01-23,forward,2025-02-01 13:00:00,9.541666666666666,2.3702000549270466,6.430868167202571,17.724404297095944,5.605488036318105,5.344294351309551,395.91504772786345
2025-01-23,forward,2025-02-01 14:00:00,9.583333333333334,2.8255904042415287,7.142857142857142,27.978370170501652,6.01638023009907,5.5972357208407395,423.8934178983651
2025-01-23,forward,2025-02-01 15:00:00,9.625,2.993801435051884,7.561436672967865,33.24928703979768,6.021666590885086,5.674878422287358,457.14270493816275
2025-01-23,forward,2025-02-01 16:00:00,9.666666666666666,3.169719120877045,8.032128514056225,39.59170833027482,6.00189182822905,5.82234355951269,496.73441326843755
2025-01-23,forward,2025-02-01 17:00:00,9.708333333333334,3.0835161935742046,8.565310492505352,39.95467582187026,5.47521472131675,5.835242309365179,536.6890890903078
2025-01-23,forward,2025-02-01 18:00:00,9.75,3.2739856734357597,8.565310492505352,45.04314368988891,5.813419950228072,5.583296207764254,581.7322327801967
2025-01-23,forward,2025-02-01 19:00:00,9.791666666666666,3.001242876471027,8.032128514056225,35.49481905339374,5.682880535433046,5.370527748383618,617.2270518335904
2025-01-23,forward,2025-02-01 20:00:00,9.833333333333334,2.5369464519746865,8.565310492505352,27.045670042123916,4.5047036204935145,5.0250449466579745,644.2727218757143
2025-01-23,forward,2025-02-01 21:00:00,9.875,2.505958894131347,8.032128514056225,24.74631676417806,4.745055834601273,4.8667737585146496,669.0190386398924
2025-01-23,forward,2025-02-01 22:00:00,9.916666666666666,2.212720482892207,8.565310492505352,20.57445104255611,3.9289950178751902,4.51469260465442,689.5934896824485
2025-01-23,forward,2025-02-01 23:00:00,9.958333333333334,2.390053325777262,8.032128514056225,22.510122773588662,4.5255875924567945,4.22011078301878,712.1036124560372
2025-01-23,forward,2025-02-02 00:00:00,10.0,1.954536755528309,8.032128514056225,15.053946412848674,3.7009330270666996,4.177381692373281,727.1575588688859
2025-01-23,forward,2025-02-02 01:00:00,10.041666666666666,2.205058224670944,8.565310492505352,20.432206410665678,3.915389605619202,4.107272417000321,747.5897652795516
2025-01-23,forward,2025-02-02 02:00:00,10.083333333333334,2.3925621496431693,8.565310492505352,24.054791673955652,4.248329076620522,4.23041140170801,771.6445569535072
2025-01-23,forward,2025-02-02 03:00:00,10.125,2.283802230472109,8.032128514056225,20.553210377334263,4.3244001823635205,4.217849531001305,792.1977673308414
2025-01-23,forward,2025-02-02 04:00:00,10.166666666666666,2.3207118372763764,7.561436672967865,19.979231895989773,4.66782892612132,4.345078028657229,812.1769992268312
2025-01-23,forward,2025-02-02 05:00:00,10.208333333333334,2.0900422157367946,7.142857142857142,15.30784705432516,4.450216368216563,4.375403982981737,827.4848462811564
2025-01-23,forward,2025-02-02 06:00:00,10.25,2.096658472090679,7.142857142857142,15.404917770911343,4.464304013002243,4.309076353298665,842.8897640520677
2025-01-23,forward,2025-02-02 07:00:00,10.291666666666666,2.1638900223455013,8.032128514056225,18.451558345027756,4.097345331566252,4.223072201616328,861.3413223970954
2025-01-23,forward,2025-02-02 08:00:00,10.333333333333334,2.0334538707022687,8.032128514056225,16.294135804204533,3.8503632985220904,4.058319632269963,877.6354582012999
2025-01-23,forward,2025-02-02 09:00:00,10.375,1.8934159145567528,7.561436672967865,13.299288249144531,3.808375272269497,3.9228501558418416,890.9347464504444
2025-01-23,forward,2025-02-02 10:00:00,10.416666666666666,1.829250075559872,7.561436672967865,12.413164652371185,3.679313510043128,3.7594640035458475,903.3479111028156
2025-01-23,forward,2025-02-02 11:00:00,10.458333333333334,1.8084116261641303,7.561436672967865,12.13195899081419,3.637399509647837,3.550385310088389,915.4798700936298
2025-01-23,forward,2025-02-02 12:00:00,10.5,1.5504259041631527,6.768189509306261,7.981905387822987,3.4839870992262822,3.3673675876836486,923.4617754814527
2025-01-23,forward,2025-02-02 13:00:00,10.541666666666666,1.3351541699046905,7.142857142857142,6.246932750880373,2.8428731708214987,3.183987689768896,929.708708232333
2025-01-23,forward,2025-02-02 14:00:00,10.583333333333334,1.2247951472012828,6.768189509306261,4.981171078456997,2.752256964093646,2.9934913994582364,934.68987931079
2025-01-23,forward,2025-02-02 15:00:00,10.625,1.205142812283807,6.768189509306261,4.822603685397142,2.7080958847809806,2.8297572105286393,939.5124829961871
2025-01-23,forward,2025-02-02 16:00:00,10.666666666666666,1.260994036774152,7.561436672967865,5.898782978427018,2.536335768179173,2.7880419319553273,945.4112659746141
2025-01-23,forward,2025-02-02 17:00:00,10.708333333333334,1.3199877231936712,7.561436672967865,6.463624772130333,2.6549943760702517,2.705129548681002,951.8748907467444
2025-01-23,forward,2025-02-02 18:00:00,10.75,1.3024105030588564,6.125574272588055,5.097704103592478,3.233695427786414,2.6078833087867697,956.9725948503369
2025-01-23,forward,2025-02-02 19:00:00,10.791666666666666,1.2386520551874307,8.032128514056225,6.0459052563778215,2.345398871175544,2.5229528416197,963.0185001067148
2025-01-23,forward,2025-02-02 20:00:00,10.833333333333334,1.145375845690004,8.032128514056225,5.169621210060359,2.168779524728253,2.436177483716493,968.1881213167751
2025-01-23,forward,2025-02-02 21:00:00,10.875,1.0930382012800155,7.561436672967865,4.432074317301548,2.198513081778562,2.3217432486996894,972.6201956340766
2025-01-23,forward,2025-02-02 22:00:00,10.916666666666666,1.0021405910410393,7.561436672967865,3.725577991359119,2.0156836207599316,2.1116287029083547,976.3457736254358
2025-01-23,forward,2025-02-02 23:00:00,10.958333333333334,0.9244530367666848,7.142857142857142,2.9948405486697314,1.9683889659694318,2.046001801799239,979.3406141741054
2025-01-23,forward,2025-02-03 00:00:00,11.0,0.8780178750590597,6.768189509306261,2.559830792936064,1.9730081530384027,1.9784683325560526,981.9004449670415
2025-01-23,forward,2025-02-03 01:00:00,11.041666666666666,0.8685076018795831,6.768189509306261,2.504677371226975,1.951637464520851,2.037640748233962,984.4051223382685
2025-01-23,forward,2025-02-03 02:00:00,11.083333333333334,0.8768011963048329,7.561436672967865,2.8519284141195835,1.763578709269136,2.4390745282202673,987.2570507523881
2025-01-23,forward,2025-02-03 03:00:00,11.125,1.1992725278544951,7.142857142857142,5.040107137315583,2.5535475758460167,2.7425442031233973,992.2971578897036
2025-01-23,forward,2025-02-03 04:00:00,11.166666666666666,1.3374757879706265,4.597701149425287,4.035010134366902,4.424286300677762,3.0452460002389095,996.3321680240705
2025-01-23,forward,2025-02-03 05:00:00,11.208333333333334,1.3358923527540152,5.361930294906166,4.694573304636595,3.7892070153882114,3.3077992647617065,1001.0267413287071
2025-01-23,forward,2025-02-03 06:00:00,11.25,1.3938165458036411,5.594405594405594,5.332086845852165,3.789218935731478,3.5558401068166425,1006.3588281745592
2025-01-23,forward,2025-02-03 07:00:00,11.291666666666666,1.3561446907125487,5.847953216374269,5.276524745093204,3.5269570516576327,3.5661889179160755,1011.6353529196524
2025-01-23,forward,2025-02-03 08:00:00,11.333333333333334,1.3097119118920024,6.125574272588055,5.15502052094424,3.25182376159875,3.249168781490093,1016.7903734405967
2025-01-23,forward,2025-02-03 09:00:00,11.375,1.053481275691678,6.125574272588055,3.335281430321135,2.6156404424426167,3.0373102301728143,1020.1256548709179
2025-01-23,forward,2025-02-03 10:00:00,11.416666666666666,1.015833088713818,6.125574272588055,3.101155571893129,2.522165482121867,2.8208894140921217,1023.226810442811
2025-01-23,forward,2025-02-03 11:00:00,11.458333333333334,1.064723666792343,6.430868167202571,3.576641863680065,2.518055707484541,2.617637291666516,1026.8034523064912
2025-01-23,forward,2025-02-03 12:00:00,11.5,1.0031575790186191,6.125574272588055,3.0242463200163225,2.49069403924732,2.4355247701834846,1029.8276986265075
2025-01-23,forward,2025-02-03 13:00:00,11.541666666666666,0.9293515054004076,6.125574272588055,2.5956065238487196,2.307444317103999,2.391136651175793,1032.4233051503563
2025-01-23,forward,2025-02-03 14:00:00,11.583333333333334,0.8302108338177644,5.847953216374269,1.9774828052276632,2.1591486327005627,2.3435657431829195,1034.400787955584
2025-01-23,forward,2025-02-03 15:00:00,11.625,0.8641647827238643,5.594405594405594,2.049647183458305,2.349311728396467,2.237174235138744,1036.4504351390424
2025-01-23,forward,2025-02-03 16:00:00,11.666666666666666,0.8600453811624734,5.847953216374269,2.122162611179502,2.236740034164626,2.1069914808914754,1038.5725977502218
2025-01-23,forward,2025-02-03 17:00:00,11.708333333333334,0.6914264621058764,5.594405594405594,1.3121333576862504,1.879706659219489,2.0045436089333117,1039.884731107908
2025-01-23,forward,2025-02-03 18:00:00,11.75,0.6573546424264993,5.847953216374269,1.2397536393795834,1.7095975137637063,1.9373006680936744,1041.1244847472876
2025-01-23,forward,2025-02-03 19:00:00,11.791666666666666,0.6508793558717529,5.847953216374269,1.2154494944266008,1.6927570853550185,1.880896526317189,1042.3399342417142
2025-01-23,forward,2025-02-03 20:00:00,11.833333333333334,0.6750779713440689,5.847953216374269,1.3075063187725633,1.755690987662738,1.7970560850515787,1043.6474405604868
2025-01-23,forward,2025-02-03 21:00:00,11.875,0.7732029403606241,5.847953216374269,1.715232183462009,2.010886877737555,1.7371376672095877,1045.3626727439487
2025-01-23,forward,2025-02-03 22:00:00,11.916666666666666,0.6666212464921909,5.847953216374269,1.2749531484654513,1.7336973865709637,1.7350568285715555,1046.6376258924142
2025-01-23,forward,2025-02-03 23:00:00,11.958333333333334,0.5845282237374357,5.847953216374269,0.980272669822911,1.5201961521675431,1.7438504897322524,1047.617898562237
2025-01-23,forward,2025-02-04 00:00:00,12.0,0.755240211668919,6.768189509306261,1.893977234443154,1.6971124819355132,1.790019638897844,1049.5118757966802
2025-01-23,forward,2025-02-04 01:00:00,12.041666666666666,0.7767818530461884,6.768189509306261,2.003561538947966,1.7455190523192006,1.7609235670155783,1051.5154373356281
2025-01-23,forward,2025-02-04 02:00:00,12.083333333333334,0.8595004687383212,6.430868167202571,2.3307402484153372,2.032705882656287,1.7565537622540088,1053.8461775840435
2025-01-23,forward,2025-02-04 03:00:00,12.125,0.8624224165092526,7.142857142857142,2.606418026058448,1.8363104464439608,1.801713406653099,1056.452595610102
2025-01-23,forward,2025-02-04 04:00:00,12.166666666666666,0.7598532691802037,6.768189509306261,1.9171849740211235,1.7074785580015472,1.8033982049699444,1058.3697805841232
2025-01-23,forward,2025-02-04 05:00:00,12.208333333333334,0.7573637345531086,6.430868167202571,1.8097169386835479,1.7911540185620838,1.7909026662349128,1060.1794975228067
2025-01-23,forward,2025-02-04 06:00:00,12.25,0.7597387730229052,6.768189509306261,1.9166072472858713,1.7072212718365858,1.7341377533006412,1062.0961047700926
2025-01-23,forward,2025-02-04 07:00:00,12.291666666666666,0.7063662911155277,6.430868167202571,1.5742060307603327,1.6705458199090095,1.6959006273947403,1063.6703108008528
2025-01-23,forward,2025-02-04 08:00:00,12.333333333333334,0.7154871030334724,6.430868167202571,1.615121728279117,1.6921164050506592,1.6519026981207119,1065.2854325291319
2025-01-23,forward,2025-02-04 09:00:00,12.375,0.679449366195014,6.430868167202571,1.4565179319673223,1.606887691008554,1.6086022895550425,1066.7419504610991
2025-01-23,forward,2025-02-04 10:00:00,12.416666666666666,0.6103594162547583,6.430868167202571,1.1753654978079662,1.4434909823573765,1.5211785654184629,1067.917315958907
2025-01-23,forward,2025-02-04 11:00:00,12.458333333333334,0.6167706296076886,6.125574272588055,1.1432105212144203,1.531351567168067,1.3619549756774665,1069.0605264801213
2025-01-23,forward,2025-02-04 12:00:00,12.5,0.5000787870057161,6.430868167202571,0.7890027284542701,1.1826789270171085,1.6354819689454871,1069.8495292085756
2025-01-23,forward,2025-02-04 13:00:00,12.541666666666666,0.5029449617658333,10.6951871657754,1.3272763210964484,0.7152042814630316,1.9617163936592978,1071.176805529672
2025-01-23,forward,2025-02-04 14:00:00,12.583333333333334,1.0448924259801888,4.767580452920143,2.5537196972936815,3.333278364658784,2.237995399577388,1073.7305252269657
2025-01-23,forward,2025-02-04 15:00:00,12.625,1.3110808240690777,5.594405594405594,4.717858528753178,3.564294239291417,2.503664559740874,1078.4483837557189
2025-01-23,forward,2025-02-04 16:00:00,12.666666666666666,1.1924240676607465,5.847953216374269,4.079410312360169,3.101165017865916,2.8271134432398313,1082.527794068079
2025-01-23,forward,2025-02-04 17:00:00,12.708333333333334,1.2587797097997728,6.125574272588055,4.761878513805208,3.1253665281489877,3.241006138280419,1087.2896725818841
2025-01-23,forward,2025-02-04 18:00:00,12.75,1.2009629269925983,5.847953216374269,4.1380442025032345,3.123372228010848,3.2569430615251633,1091.4277167843873
2025-01-23,forward,2025-02-04 19:00:00,12.791666666666666,1.1276587502090996,5.361930294906166,3.3450959983424036,3.1985604517065607,3.3287213886008153,1094.7728127827297
2025-01-23,forward,2025-02-04 20:00:00,12.833333333333334,1.3184408916409809,5.847953216374269,4.987205359202654,3.428899904127248,3.357497311027132,1099.7600181419323
2025-01-23,forward,2025-02-04 21:00:00,12.875,1.6090208406729765,6.125574272588055,7.780404602797752,3.9949642017453284,3.3796913140184284,1107.54042274473
2025-01-23,forward,2025-02-04 22:00:00,12.916666666666666,1.5375484235285966,7.142857142857142,8.284410347635237,3.273820552423818,3.35546073319218,1115.8248330923652
2025-01-23,forward,2025-02-04 23:00:00,12.958333333333334,1.4500943959572328,6.768189509306261,6.98227729211941,3.258530546096764,3.353155875920967,1122.8071103844845
2025-01-23,forward,2025-02-05 00:00:00,13.0,1.32524913498146,6.768189509306261,5.831759463271927,2.97798874305336,3.3406674000214918,1128.6388698477565
2025-01-23,forward,2025-02-05 01:00:00,13.041666666666666,1.4172526410738069,6.768189509306261,6.669589332641672,3.1847313080792814,3.289730184377934,1135.3084591803981
2025-01-23,forward,2025-02-05 02:00:00,13.083333333333334,1.7712981387949152,8.032128514056225,12.36363042555821,3.3539690487303955,3.3023855774119735,1147.6720896059564
2025-01-23,forward,2025-02-05 03:00:00,13.125,1.9484147255290136,8.032128514056225,14.959789700072651,3.6893409078839823,3.26500131200404,1162.631879306029
2025-01-23,forward,2025-02-05 04:00:00,13.166666666666666,1.7690715119342988,8.032128514056225,12.332566328460073,3.3497529106280544,3.2778508006107177,1174.964445634489
2025-01-23,forward,2025-02-05 05:00:00,13.208333333333334,1.6024348868449796,8.032128514056225,10.118670757097712,3.034224953649166,3.2110717906044637,1185.0831163915868
2025-01-23,forward,2025-02-05 06:00:00,13.25,1.434819681668846,7.142857142857142,7.214373927990513,3.055085674693421,3.114674338377794,1192.2974903195773
2025-01-23,forward,2025-02-05 07:00:00,13.291666666666666,1.3075312969034771,7.142857142857142,5.99112227779948,2.784057248041761,2.9467766835657803,1198.2886125973766
2025-01-23,forward,2025-02-05 08:00:00,13.333333333333334,1.117900640687916,6.125574272588055,3.755651222158592,2.775584335370379,2.8201120770746595,1202.0442638195352
2025-01-23,forward,2025-02-05 09:00:00,13.375,1.0801902688117988,6.125574272588055,3.506544579317021,2.6819549790118984,2.7286659923920347,1205.5508083988523
2025-01-23,forward,2025-02-05 10:00:00,13.416666666666666,1.0950450254138957,6.430868167202571,3.783254813654428,2.5897652716813306,2.6487276981335452,1209.3340632125066
2025-01-23,forward,2025-02-05 11:00:00,13.458333333333334,1.0509784382742409,6.430868167202571,3.484891430622008,2.4855484455534165,2.581642555028328,1212.8189546431286
2025-01-23,forward,2025-02-05 12:00:00,13.5,1.0372964619393086,6.125574272588055,3.2335876441822156,2.5754559091424833,2.6146105331712017,1216.0525422873109
2025-01-23,forward,2025-02-05 13:00:00,13.541666666666666,0.9591970240726552,6.125574272588055,2.764995882421378,2.3815463894104596,2.662527772559049,1218.8175381697322
2025-01-23,forward,2025-02-05 14:00:00,13.583333333333334,1.0937249395477278,5.594405594405594,3.283236848929413,2.97339220422762,2.7548049724015606,1222.1007750186616
2025-01-23,forward,2025-02-05 15:00:00,13.625,1.0922779447623443,5.594405594405594,3.2745551708158365,2.969458415338984,2.8580868381828473,1225.3753301894774
2025-01-23,forward,2025-02-05 16:00:00,13.666666666666666,1.2086747212360562,5.847953216374269,4.191358427053619,3.143428470736398,3.050693155170226,1229.566688616531
2025-01-23,forward,2025-02-05 17:00:00,13.708333333333334,1.142223361242105,5.594405594405594,3.5808659180564004,3.1052396402411357,3.1877498189485443,1233.1475545345875
2025-01-23,forward,2025-02-05 18:00:00,13.75,1.2629236858057455,5.148005148005149,4.028331689593221,3.731093811066756,3.2056821460489235,1237.1758862241807
2025-01-23,forward,2025-02-05 19:00:00,13.791666666666666,1.1785093213196356,5.594405594405594,3.811992405867445,3.2038863720803668,3.110995198577084,1240.987878630048
2025-01-23,forward,2025-02-05 20:00:00,13.833333333333334,1.002860084864702,4.950495049504951,2.4426506394570002,3.0809861668299017,3.013930341083047,1243.430529269505
2025-01-23,forward,2025-02-05 21:00:00,13.875,0.9233341971546912,5.847953216374269,2.4459848590743283,2.401336730507943,2.8927562761814642,1245.8765141285794
2025-01-23,forward,2025-02-05 22:00:00,13.916666666666666,0.9420461174872636,5.594405594405594,2.4357365386163523,2.561039325772176,2.6557573697266066,1248.3122506671957
2025-01-23,forward,2025-02-05 23:00:00,13.958333333333334,0.8747892233154622,5.594405594405594,2.1003556118717537,2.378195250831641,2.5053126291700365,1250.4126062790674
2025-01-23,forward,2025-02-06 00:00:00,14.0,0.8140778576150779,5.361930294906166,1.7433519910567654,2.3091003723376073,2.3912744064722893,1252.155958270124
2025-01-23,forward,2025-02-06 01:00:00,14.041666666666666,0.811298886690811,5.361930294906166,1.7314699447156157,2.301217928740948,2.28894307188933,1253.8874282148397
2025-01-23,forward,2025-02-06 02:00:00,14.083333333333334,0.8816168670849858,5.594405594405594,2.1332696957229063,2.396756830643417,2.1434590565321323,1256.0206979105626
2025-01-23,forward,2025-02-06 03:00:00,14.125,0.6301332920258365,5.361930294906166,1.0445230980749558,1.7873487230101905,2.0099079490358442,1257.0652210086375
2025-01-23,forward,2025-02-06 04:00:00,14.166666666666666,0.6209593217215257,5.594405594405594,1.0583085018761866,1.688135233628989,1.8913922747313983,1258.1235295105137
2025-01-23,forward,2025-02-06 05:00:00,14.208333333333334,0.5800386483353552,5.594405594405594,0.9234212122667711,1.5768886058539127,1.7891815385428018,1259.0469507227804
2025-01-23,forward,2025-02-06 06:00:00,14.25,0.5633802593970387,5.361930294906166,0.83494226973682,1.5980063265109317,1.6688105715954868,1259.8818929925171
2025-01-23,forward,2025-02-06 07:00:00,14.291666666666666,0.529127677540318,4.767580452920143,0.6548638578884967,1.687953511609368,1.6424130552974165,1260.5367568504057
2025-01-23,forward,2025-02-06 08:00:00,14.333333333333334,0.5450593540115828,4.950495049504951,0.7215530360043736,1.6745310289595279,1.597555439503105,1261.2583098864102
2025-01-23,forward,2025-02-06 09:00:00,14.375,0.5302271775897934,4.950495049504951,0.6828174836956163,1.6289636252217683,1.595915808663248,1261.9411273701057
2025-01-23,forward,2025-02-06 10:00:00,14.416666666666666,0.461880674664178,4.950495049504951,0.5181317992918412,1.4189895388631217,1.7865324795181536,1262.4592591693977
2025-01-23,forward,2025-02-06 11:00:00,14.458333333333334,0.414628027260997,4.024144869215292,0.3394086850464772,1.5670508208147687,2.035010182731764,1262.7986678544441
2025-01-23,forward,2025-02-06 12:00:00,14.5,0.611083967155047,3.389830508474576,0.6210288792164166,2.741706351640366,2.3507606166410375,1263.4196967336607
2025-01-23,forward,2025-02-06 13:00:00,14.541666666666666,0.7917060074265005,3.787878787878788,1.1648124054909308,3.1788197308910306,2.706342687078799,1264.5845091391516
2025-01-23,forward,2025-02-06 14:00:00,14.583333333333334,0.944335279099012,4.024144869215292,1.7605893470337222,3.5690336324151652,3.1140210922833043,1266.3450984861854
2025-01-23,forward,2025-02-06 15:00:00,14.625,1.13740240240102,4.597701149425287,2.918105940025344,3.7624560478483406,3.548618139317084,1269.2632044262107
2025-01-23,forward,2025-02-06 16:00:00,14.666666666666666,1.2580758756213437,4.950495049504951,3.8440969580360997,3.8650599700901553,3.8338985627904107,1273.1073013842467
2025-01-23,forward,2025-02-06 17:00:00,14.708333333333334,1.3588418387086534,4.950495049504951,4.484546015919422,4.174633103017445,4.0490841418864445,1277.5918474001662
2025-01-23,forward,2025-02-06 18:00:00,14.75,1.793657008613961,6.125574272588055,9.668467489157509,4.453388892480324,4.171269227317893,1287.2603148893238
2025-01-23,forward,2025-02-06 19:00:00,14.791666666666666,1.8003204336276142,6.125574272588055,9.740437522721123,4.469933205467236,4.2319353196617415,1297.000752412045
2025-01-23,forward,2025-02-06 20:00:00,14.833333333333334,1.9145179175144225,6.768189509306261,12.170920180629983,4.3021441450038544,4.196676641879494,1309.171672592675
2025-01-23,forward,2025-02-06 21:00:00,14.875,1.836332576468419,6.768189509306261,11.197142911319617,4.126452601911436,4.050285285075812,1320.3688155039945
2025-01-23,forward,2025-02-06 22:00:00,14.916666666666666,1.8164202615798837,7.561436672967865,12.239650818044893,3.653507903396665,3.794224953128855,1332.6084663220395
2025-01-23,forward,2025-02-06 23:00:00,14.958333333333334,1.7408340189318312,8.032128514056225,11.942009490504935,3.296284962195358,3.4994678456879105,1344.5504758125444
2025-01-23,forward,2025-02-07 00:00:00,15.0,1.4502628449929054,7.561436672967865,7.802428439261106,2.9170269007985787,3.2091600430358476,1352.3529042518055
2025-01-23,forward,2025-02-07 01:00:00,15.041666666666666,1.4266583868305778,8.032128514056225,8.020522650799139,2.701390560821567,2.93674248084633,1360.3734269026047
2025-01-23,forward,2025-02-07 02:00:00,15.083333333333334,1.27290704364071,7.561436672967865,6.010764767464371,2.5602973290914766,2.7171225940116064,1366.3841916700692
2025-01-23,forward,2025-02-07 03:00:00,15.125,1.3160471740113358,8.032128514056225,6.825046206019633,2.4919472287743343,2.522400486291907,1373.2092378760888
2025-01-23,forward,2025-02-07 04:00:00,15.166666666666666,1.1612876774873258,7.561436672967865,5.002832796389148,2.335788582388322,2.3514692732070808,1378.212070672478
2025-01-23,forward,2025-02-07 05:00:00,15.208333333333334,1.0579573944924503,7.561436672967865,4.152146893942257,2.12795231587716,2.1739429413654805,1382.3642175664202
2025-01-23,forward,2025-02-07 06:00:00,15.25,0.8883138103882399,7.142857142857142,2.7652654396148257,1.8914396222896233,2.0165768681759375,1385.129483006035
2025-01-23,forward,2025-02-07 07:00:00,15.291666666666666,0.7684559272243657,7.142857142857142,2.0693880042279544,1.6362325697719657,1.856176621153751,1387.1988710102628
2025-01-23,forward,2025-02-07 08:00:00,15.333333333333334,0.7191888523590096,6.768189509306261,1.717475055406442,1.6161008899542184,1.713056893844425,1388.9163460656691
2025-01-23,forward,2025-02-07 09:00:00,15.375,0.7183505063287354,7.142857142857142,1.8083263148403967,1.5295457466412148,1.6442090205527362,1390.7246723805094
2025-01-23,forward,2025-02-07 10:00:00,15.416666666666666,0.7800703259161442,8.032128514056225,2.3978951932502173,1.4770702185323668,1.676894669389073,1393.1225675737596
2025-01-23,forward,2025-02-07 11:00:00,15.458333333333334,0.9056545464478944,8.032128514056225,3.232122595414748,1.7148650761270263,1.7510256548565148,1396.3546901691743
2025-01-23,forward,2025-02-07 12:00:00,15.5,1.102478765479045,8.032128514056225,4.78964305207846,2.0875535153076448,1.7856384112881676,1401.1443332212527
2025-01-23,forward,2025-02-07 13:00:00,15.541666666666666,1.1719821991947397,8.565310492505352,5.7718784275809165,2.081018482576617,1.8757628329635951,1406.9162116488337
2025-01-23,forward,2025-02-07 14:00:00,15.583333333333334,1.1843464750728043,9.876543209876544,6.796644352348284,1.8237774285441344,1.918794123229352,1413.712856001182
2025-01-23,forward,2025-02-07 15:00:00,15.625,1.1659414444081606,8.565310492505352,5.712531714032845,2.0702922766937792,1.8631080234487591,1419.4253877152148
2025-01-23,forward,2025-02-07 16:00:00,15.666666666666666,1.1268626402832982,9.876543209876544,6.152887335505576,1.7352579601269071,1.7677199861666768,1425.5782750507203
2025-01-23,forward,2025-02-07 17:00:00,15.708333333333334,0.9709680271704784,10.6951871657754,4.9468675361735475,1.3807484774434715,1.6515084238933502,1430.525142586894
2025-01-23,forward,2025-02-07 18:00:00,15.75,1.0655346257143403,10.6951871657754,5.957383481920889,1.5152252916151498,1.5858519846909225,1436.4825260688149
2025-01-23,forward,2025-02-07 19:00:00,15.791666666666666,0.9730781270828076,10.6951871657754,4.9683918845947,1.3837491089366554,1.440624373748415,1441.4509179534095
2025-01-23,forward,2025-02-07 20:00:00,15.833333333333334,0.9285258761832782,9.876543209876544,4.177582391530534,1.4298387933295702,1.3766990064516798,1445.62850034494
2025-01-23,forward,2025-02-07 21:00:00,15.875,0.8431075067327937,10.6951871657754,3.7298067866650952,1.1989266110387333,1.3796556811106615,1449.358307131605
2025-01-23,forward,2025-02-07 22:00:00,15.916666666666666,0.8777869068938599,9.876543209876544,3.7334917740658544,1.3517057563464974,1.342973587740748,1453.0917989056709
2025-01-23,forward,2025-02-07 23:00:00,15.958333333333334,0.9081672629353124,9.876543209876544,3.9963975762881154,1.3984885253973611,1.3683099670537218,1457.088196481959
2025-01-23,forward,2025-02-08 00:00:00,16.0,0.841048836975862,9.876543209876544,3.427515526398912,1.295132731395668,1.353100488535944,1460.515712008358
2025-01-23,forward,2025-02-08 01:00:00,16.041666666666668,0.99731505625047,9.876543209876544,4.819497426087461,1.535767384814499,1.3390777689603237,1465.3352094344455
2025-01-23,forward,2025-02-08 02:00:00,16.083333333333332,0.8692643939816748,9.876543209876544,3.661346094692813,1.3385819222229032,1.291987641625965,1468.9965555291383
2025-01-23,forward,2025-02-08 03:00:00,16.125,0.7839412823943187,10.6951871657754,3.2246864494358256,1.1147902935850127,1.4364049207399479,1472.2212419785742
2025-01-23,forward,2025-02-08 04:00:00,16.166666666666668,0.7518567214027183,10.6951871657754,2.9661328294635716,1.0691649923403443,1.5717019120418707,1475.1873748080377
2025-01-23,forward,2025-02-08 05:00:00,16.208333333333332,0.7985274351198381,5.361930294906166,1.6773854866522118,2.2649922000812586,1.6296676785602144,1476.8647602946899
2025-01-23,forward,2025-02-08 06:00:00,16.25,0.77500207570051,5.594405594405594,1.6485104874539636,2.106914679207205,1.7124202956881662,1478.5132707821438
2025-01-23,forward,2025-02-08 07:00:00,16.291666666666668,0.7242454463477955,5.847953216374269,1.5048994020917486,1.88356198392456,1.89429302354277,1480.0181701842355
2025-01-23,forward,2025-02-08 08:00:00,16.333333333333332,0.6750175897089262,5.594405594405594,1.2505934875807556,1.8350976249906152,2.1113742428828117,1481.2687636718163
2025-01-23,forward,2025-02-08 09:00:00,16.375,0.8114591720184314,5.594405594405594,1.8072545632542145,2.2060266607126358,2.0886811048446066,1483.0760182350705
2025-01-23,forward,2025-02-08 10:00:00,16.416666666666668,0.8361306651472152,5.361930294906166,1.839083721712205,2.3716523083805914,2.162271762906567,1484.9151019567828
2025-01-23,forward,2025-02-08 11:00:00,16.458333333333332,0.818554360703644,5.847953216374269,1.9223434224598366,2.1288333718520294,2.0339146870134344,1486.8374453792426
2025-01-23,forward,2025-02-08 12:00:00,16.5,0.8626180219642556,5.148005148005149,1.8793516973108824,2.548458627578967,1.8945377122317695,1488.7167970765536
2025-01-23,forward,2025-02-08 13:00:00,16.541666666666668,0.7230457364453439,9.876543209876544,2.5331945251119388,1.1134195285657664,1.6723206022724322,1491.2499916016654
2025-01-23,forward,2025-02-08 14:00:00,16.583333333333332,0.6486359641936034,9.876543209876544,2.038633006018936,0.9988357763006265,1.4080006306206367,1493.2886246076844
2025-01-23,forward,2025-02-08 15:00:00,16.625,0.491498274760519,8.565310492505352,1.0151241028768825,0.8727240009566106,1.1791855533901094,1494.3037487105612
2025-01-23,forward,2025-02-08 16:00:00,16.666666666666668,0.5102483870352538,9.876543209876544,1.261537842521313,0.7857324784698182,0.8873551521077668,1495.5652865530826
2025-01-23,forward,2025-02-08 17:00:00,16.708333333333332,0.4559996050667524,9.174311926605505,0.9359108209459777,0.7559429084688666,0.8080302077775413,1496.5011973740286
2025-01-23,forward,2025-02-08 18:00:00,16.75,0.5178746787808614,9.876543209876544,1.2995301367091965,0.7974762198849109,0.7511705504473841,1497.8007275107377
2025-01-23,forward,2025-02-08 19:00:00,16.791666666666668,0.4139678301204091,9.876543209876544,0.8303672029230581,0.6374698625844132,0.7158016741288554,1498.6310947136608
2025-01-23,forward,2025-02-08 20:00:00,16.833333333333332,0.3967241817326802,9.174311926605505,0.7084070614943561,0.6576778323196835,0.6988884259782879,1499.3395017751552
2025-01-23,forward,2025-02-08 21:00:00,16.875,0.3984330491056811,9.174311926605505,0.7145230534583608,0.6605107430454389,0.7266576409924994,1500.0540248286136
2025-01-23,forward,2025-02-08 22:00:00,16.916666666666668,0.3853556949310252,8.565310492505352,0.624020284718982,0.6842529895664129,0.697291851549723,1500.6780451133325
2025-01-23,forward,2025-02-08 23:00:00,16.958333333333332,0.5195637595144738,8.565310492505352,1.1343650713989797,0.9225581985541352,0.7027948808881943,1501.8124101847316
2025-01-23,forward,2025-02-09 00:00:00,17.0,0.4034552260451868,9.876543209876544,0.7887287875599042,0.6212814832282515,0.7136560122032085,1502.6011389722914
2025-01-23,forward,2025-02-09 01:00:00,17.041666666666668,0.4044515496941446,9.174311926605505,0.7362724379078475,0.6704880386152424,0.7198702225936046,1503.3374114101994
2025-01-23,forward,2025-02-09 02:00:00,17.083333333333332,0.4360340677153876,9.174311926605505,0.8557489606179794,0.722844620209768,0.7419321260960333,1504.1931603708174
2025-01-23,forward,2025-02-09 03:00:00,17.125,0.3929828129018584,8.565310492505352,0.6489664689574849,0.6977960053878152,0.7107569860392018,1504.842126839775
2025-01-23,forward,2025-02-09 04:00:00,17.166666666666668,0.4926038786011513,9.174311926605505,1.0921975287546444,0.8166244105809853,0.6965774805390367,1505.9343243685296
2025-01-23,forward,2025-02-09 05:00:00,17.208333333333332,0.3656733482791655,7.561436672967865,0.4960471623087928,0.7355073582131463,0.6688884462306636,1506.4303715308383
2025-01-23,forward,2025-02-09 06:00:00,17.25,0.3482068812815332,9.876543209876544,0.5875051804145862,0.5362044502272608,0.6344066416042328,1507.017876711253
2025-01-23,forward,2025-02-09 07:00:00,17.291666666666668,0.3546710019933766,10.6951871657754,0.6600423264109253,0.5043538327650039,1.0570532819968539,1507.677919037664
2025-01-23,forward,2025-02-09 08:00:00,17.333333333333332,0.3628283095376158,10.6951871657754,0.6907529579562002,0.515953792451183,1.5021621172339283,1508.3686719956202
2025-01-23,forward,2025-02-09 09:00:00,17.375,0.7824001001587153,3.679852805887765,1.1051475760326341,3.2336758477435428,1.579164751111528,1509.4738195716527
2025-01-23,forward,2025-02-09 10:00:00,17.416666666666668,0.8947971479265973,3.902439024390244,1.5329124155592788,3.487277422003432,2.034480706723056,1511.0067319872119
2025-01-23,forward,2025-02-09 11:00:00,17.458333333333332,0.4221891353965435,5.361930294906166,0.4688860405403082,1.1975231614787443,2.487641863798568,1511.4756180277523
2025-01-23,forward,2025-02-09 12:00:00,17.5,0.9879570560237536,4.597701149425287,2.2016531797365677,3.2681001838964288,2.912904058149282,1513.6772712074887
2025-01-23,forward,2025-02-09 13:00:00,17.541666666666668,1.049189957742457,4.950495049504951,2.6735537163550225,3.2233207752180784,2.869350228277336,1516.3508249238437
2025-01-23,forward,2025-02-09 14:00:00,17.583333333333332,1.1283512254242345,5.594405594405594,3.4944159000799915,3.0675269585554648,2.757965401918345,1519.8452408239236
2025-01-23,forward,2025-02-09 15:00:00,17.625,1.0933426329716684,5.594405594405594,3.2809419690789645,2.972352868511869,3.106533692142911,1523.1261827930025
2025-01-23,forward,2025-02-09 16:00:00,17.666666666666668,1.135374130649807,6.125574272588055,3.8739751703269483,2.8189684638494823,3.278013065485723,1527.0001579633295
2025-01-23,forward,2025-02-09 17:00:00,17.708333333333332,1.3906780099115563,6.430868167202571,6.101755692221674,3.288932902826145,3.5788308650848717,1533.1019136555512
2025-01-23,forward,2025-02-09 18:00:00,17.75,1.8169147253704652,6.430868167202571,10.415274717033524,4.296976423953301,3.716158185926974,1543.5171883725848
2025-01-23,forward,2025-02-09 19:00:00,17.791666666666668,1.93339584993242,5.847953216374269,10.724510707361297,5.028227572812967,3.911155700147279,1554.241699079946
2025-01-23,forward,2025-02-09 20:00:00,17.833333333333332,1.827637030636162,7.142857142857142,11.705336298327497,3.8914908836080784,4.168061260439546,1565.9470353782735
2025-01-23,forward,2025-02-09 21:00:00,17.875,1.9454472499796205,7.142857142857142,13.263035038509143,4.1423379538337,4.26663518499597,1579.2100704167826
2025-01-23,forward,2025-02-09 22:00:00,17.916666666666668,2.047860854176504,7.142857142857142,14.69619434325749,4.360401825603083,4.237784588333716,1593.9062647600401
2025-01-23,forward,2025-02-09 23:00:00,17.958333333333332,1.8224171417187165,7.142857142857142,11.638568882293221,3.8803764501646856,4.141287308557808,1605.5448336423333
2025-01-23,forward,2025-02-10 00:00:00,18.0,1.8351845459476983,6.768189509306261,11.183146924143236,4.123872843979781,4.175925241846742,1616.7279805664766
2025-01-23,forward,2025-02-10 01:00:00,18.041666666666668,1.979979486426199,6.768189509306261,13.017450217280192,4.449243894157519,4.058938486466209,1629.7454307837568
2025-01-23,forward,2025-02-10 02:00:00,18.083333333333332,1.8242574914813017,6.768189509306261,11.050370024242685,4.099318483341684,3.8897965338538145,1640.7958008079995
2025-01-23,forward,2025-02-10 03:00:00,18.125,1.6157905719264027,7.142857142857142,9.149010735918347,3.4404174215505017,3.7553923582573945,1649.944811543918
2025-01-23,forward,2025-02-10 04:00:00,18.166666666666668,1.4888193918000687,6.768189509306261,7.360182407017413,3.3455501099287126,3.5539746197160014,1657.3049939509353
2025-01-23,forward,2025-02-10 05:00:00,18.208333333333332,1.3679539383093886,6.768189509306261,6.213660090291876,3.073951396586168,3.2939388237021987,1663.5186540412271
2025-01-23,forward,2025-02-10 06:00:00,18.25,1.369200589991021,7.142857142857142,6.569588281274927,2.9153664127314247,3.0707408061967087,1670.088242322502
2025-01-23,forward,2025-02-10 07:00:00,18.291666666666668,1.356831290809528,7.142857142857142,6.451425685615511,2.8890291180747028,2.8730532442278025,1676.5396680081176
2025-01-23,forward,2025-02-10 08:00:00,18.333333333333332,1.296294052757416,7.142857142857142,5.888586444499907,2.760130378308741,2.742565243103703,1682.4282544526175
2025-01-23,forward,2025-02-10 09:00:00,18.375,1.120769918371867,7.561436672967865,4.6598215401051535,2.254292049737064,2.6270995936268955,1687.0880759927227
2025-01-23,forward,2025-02-10 10:00:00,18.416666666666668,1.2035343757412498,7.142857142857142,5.07599278704177,2.5626221031841157,2.5816704676183657,1692.1640687797644
2025-01-23,forward,2025-02-10 11:00:00,18.458333333333332,1.1838438133643705,7.561436672967865,5.199064083904702,2.3811574997253233,2.4441352690821554,1697.363132863669
2025-01-23,forward,2025-02-10 12:00:00,18.5,1.2411859722839202,7.142857142857142,5.398557296127859,2.6427916566802443,2.3916594086033904,1702.761690159797
2025-01-23,forward,2025-02-10 13:00:00,18.541666666666668,1.0899435264729016,8.032128514056225,4.681345283023876,2.063817926857444,2.4164648913380073,1707.4430354428207
2025-01-23,forward,2025-02-10 14:00:00,18.583333333333332,1.2157213187709106,7.561436672967865,5.4828254220308805,2.44527521543615,2.3709629325033106,1712.9258608648515
2025-01-23,forward,2025-02-10 15:00:00,18.625,1.194765403197075,7.561436672967865,5.295434850222635,2.403124946144764,2.3490164036068397,1718.2212957150741
2025-01-23,forward,2025-02-10 16:00:00,18.666666666666668,1.209189021397619,8.032128514056225,5.761705720619241,2.2896103501759364,2.2390569563448204,1723.9830014356933
2025-01-23,forward,2025-02-10 17:00:00,18.708333333333332,1.1879944969156278,8.032128514056225,5.5614948554531205,2.249478326346498,2.2298246486651716,1729.5444962911463
2025-01-23,forward,2025-02-10 18:00:00,18.75,1.116800118942615,8.565310492505352,5.241143459700232,1.9830349731081292,2.1279695851182816,1734.7856397508465
2025-01-23,forward,2025-02-10 19:00:00,18.791666666666668,1.13109868596327,8.565310492505352,5.37620895515061,2.0084240807795495,1.9869700848656515,1740.161848705997
2025-01-23,forward,2025-02-10 20:00:00,18.833333333333332,1.106392176763524,9.174311926605505,5.509646407228295,1.8341448341548128,1.8910622194268971,1745.6714951132253
2025-01-23,forward,2025-02-10 21:00:00,18.875,0.8769389836049519,8.565310492505352,3.231572454901376,1.5571279446289812,1.7797565724720326,1748.9030675681267
2025-01-23,forward,2025-02-10 22:00:00,18.916666666666668,0.9653776379097398,8.565310492505352,3.9162428353781356,1.714163157543411,1.7059162692837193,1752.819310403505
2025-01-23,forward,2025-02-10 23:00:00,18.958333333333332,0.9540789840364252,9.174311926605505,4.097077646195658,1.5816444446173108,1.6823930289693731,1756.9163880497006
2025-01-23,forward,2025-02-11 00:00:00,19.0,0.928954107714215,9.174311926605505,3.884132659350242,1.53999315397825,1.7290167075174736,1760.8005207090507
2025-01-23,forward,2025-02-11 01:00:00,19.041666666666668,1.126382757670522,9.174311926605505,5.710544538976721,1.867284638893473,2.0113666188163606,1766.5110652480275
2025-01-23,forward,2025-02-11 02:00:00,19.083333333333332,1.1163859555150724,8.032128514056225,4.911242862066576,2.1138869054434135,2.227475456292401,1771.422308110094
2025-01-23,forward,2025-02-11 03:00:00,19.125,1.2501243222066905,5.847953216374269,4.483759736110054,3.251227412422304,2.4859993589484395,1775.906067846204
2025-01-23,forward,2025-02-11 04:00:00,19.166666666666668,1.1576841794979316,5.847953216374269,3.845175087644453,3.01081618239965,2.819092831557379,1779.7512429338485
2025-01-23,forward,2025-02-11 05:00:00,19.208333333333332,1.261768742467269,6.125574272588055,4.784519980429789,3.132787860553545,3.0008035694541264,1784.5357629142784
2025-01-23,forward,2025-02-11 06:00:00,19.25,1.3606038110341063,5.847953216374269,5.31128112618687,3.538553989631887,3.0970642119840925,1789.8470440404653
2025-01-23,forward,2025-02-11 07:00:00,19.291666666666668,1.2505571172240686,6.430868167202571,4.934108605415803,2.9575490662739594,2.944152002665273,1794.781152645881
2025-01-23,forward,2025-02-11 08:00:00,19.333333333333332,1.0840148113457229,6.125574272588055,3.5314192162685916,2.6914507606232094,2.8173599170554287,1798.3125718621498
2025-01-23,forward,2025-02-11 09:00:00,19.375,0.98679440471664,6.430868167202571,3.072238991447417,2.3337541565093867,2.6157842580014634,1801.3848108535972
2025-01-23,forward,2025-02-11 10:00:00,19.416666666666668,0.9062407453521124,6.125574272588055,2.4681185298715143,2.2500636687405824,2.33199490559146,1803.8529293834688
2025-01-23,forward,2025-02-11 11:00:00,19.458333333333332,0.7746463253274272,6.125574272588055,1.8033738740900027,1.9233339062297532,2.1639399544453317,1805.6563032575589
2025-01-23,forward,2025-02-11 12:00:00,19.5,0.7058874344271976,5.847953216374269,1.4295746063947172,1.8358178751718666,2.053454347811225,1807.0858778639536
2025-01-23,forward,2025-02-11 13:00:00,19.541666666666668,0.7169958349224048,5.594405594405594,1.4109747718359238,1.9492193593971898,1.974355757761933,1808.4968526357895
2025-01-23,forward,2025-02-11 14:00:00,19.583333333333332,0.6866317780108286,5.148005148005149,1.190745103422622,2.0285371208185716,1.9300181118742357,1809.6875977392122
2025-01-23,forward,2025-02-11 15:00:00,19.625,0.629300849208469,5.148005148005149,1.0002018226320295,1.8591626162136317,1.8534654707324514,1810.6877995618443
2025-01-23,forward,2025-02-11 16:00:00,19.666666666666668,0.5997809207563981,4.597701149425287,0.8114430882429967,1.9840377934143991,1.757144708859749,1811.4992426500874
2025-01-23,forward,2025-02-11 17:00:00,19.708333333333332,0.5629272739232984,5.847953216374269,0.9091603867339,1.4640180593790484,1.5460487124423385,1812.4084030368213
2025-01-23,forward,2025-02-11 18:00:00,19.75,0.4627002370721193,5.594405594405594,0.5876049248262464,1.2578933039356508,1.29931609353699,1812.9960079616476
2025-01-23,forward,2025-02-11 19:00:00,19.791666666666668,0.4433031516008369,9.876543209876544,0.9522229388290194,0.6826433808927286,1.0952702471645743,1813.9482309004766
2025-01-23,forward,2025-02-11 20:00:00,19.833333333333332,0.355958645785989,9.876543209876544,0.6139543677213565,0.5481414073864798,0.8465751120912456,1814.562185268198
2025-01-23,forward,2025-02-11 21:00:00,19.875,0.3829766287068924,9.174311926605505,0.6601613267613694,0.6348875379791376,0.6795048802030367,1815.2223465949594
2025-01-23,forward,2025-02-11 22:00:00,19.916666666666668,0.2967038217687717,9.174311926605505,0.3962340708251219,0.49186698297442644,0.5438485611709095,1815.6185806657845
2025-01-23,forward,2025-02-11 23:00:00,19.958333333333332,0.2784441734590389,9.174311926605505,0.34896494677634793,0.46159666804979527,0.5116096972651621,1815.9675456125608
2025-01-23,forward,2025-02-12 00:00:00,20.0,0.2883010792338238,9.876543209876544,0.4027444254337834,0.44395538974288756,0.5317234787337736,1816.3702900379947
2025-01-23,forward,2025-02-12 01:00:00,20.041666666666668,0.2951011965803433,9.174311926605505,0.39196516923411767,0.4892101974582445,0.5361897040400402,1816.7622552072287
2025-01-23,forward,2025-02-12 02:00:00,20.083333333333332,0.4034478269572177,9.174311926605505,0.7326225748448015,0.6688240961981481,0.5490245752716868,1817.4948777820734
2025-01-23,forward,2025-02-12 03:00:00,20.125,0.3991413174920953,9.174311926605505,0.717065633190037,0.6616848898167373,0.5379875465560469,1818.2119434152635
2025-01-23,forward,2025-02-12 04:00:00,20.166666666666668,0.3694236609976976,9.876543209876544,0.661281567391671,0.568876210364306,0.5542195960707197,1818.873224982655
2025-01-23,forward,2025-02-12 05:00:00,20.208333333333332,0.2567530352407376,9.876543209876544,0.3194244637176385,0.395374495755956,0.5688181969598864,1819.1926494463728
2025-01-23,forward,2025-02-12 06:00:00,20.25,0.3265515538715687,9.174311926605505,0.47996442082800495,0.5413476868309243,0.5502523300875387,1819.6726138672009
2025-01-23,forward,2025-02-12 07:00:00,20.291666666666668,0.3479381727493819,9.174311926605505,0.5448910722526121,0.5768018027932453,0.493365687970831,1820.2175049394534
2025-01-23,forward,2025-02-12 08:00:00,20.333333333333332,0.3362520543664534,9.174311926605505,0.5089034889218126,0.5574288949640614,0.4527839546295958,1820.7264084283752
2025-01-23,forward,2025-02-12 09:00:00,20.375,0.2080424927445045,9.876543209876544,0.20972060370080173,0.32036503711649095,0.44378150098890107,1820.936129032076
2025-01-23,forward,2025-02-12 10:00:00,20.416666666666668,0.2288173577403766,10.6951871657754,0.2747251095230445,0.3253858103168951,0.4234424583569931,1821.210854141599
2025-01-23,forward,2025-02-12 11:00:00,20.458333333333332,0.240050546240098,10.6951871657754,0.3023610325063229,0.3413597739117877,0.4079676245344457,1821.5132151741052
2025-01-23,forward,2025-02-12 12:00:00,20.5,0.2722987883443197,9.876543209876544,0.3592761757333501,0.41931343103947605,0.42785853783971356,1821.8724913498386
2025-01-23,forward,2025-02-12 13:00:00,20.541666666666668,0.2919298311206633,9.174311926605505,0.3835857699759438,0.4839527998579609,1.0181877075401524,1822.2560771198146
2025-01-23,forward,2025-02-12 14:00:00,20.583333333333332,0.4759203361582468,10.6951871657754,1.1884719824729206,0.6767743747956688,1.7338321681209556,1823.4445491022875
2025-01-23,forward,2025-02-12 15:00:00,20.625,0.9910341070131262,3.902439024390244,1.8803788680645936,3.862340055319124,2.5262412264902028,1825.324927970352
2025-01-23,forward,2025-02-12 16:00:00,20.666666666666668,1.628526539648243,5.361930294906166,6.976584815686925,4.619252573801713,3.193070115155656,1832.301512786039
2025-01-23,forward,2025-02-12 17:00:00,20.708333333333332,1.7965392473496424,5.361930294906166,8.490369984445971,5.095814124127272,3.873241661527084,1840.791882770485
2025-01-23,forward,2025-02-12 18:00:00,20.75,1.8690547300523497,6.430868167202571,11.021626191474187,4.420286763032197,4.471351044139824,1851.8135089619593
2025-01-23,forward,2025-02-12 19:00:00,20.791666666666668,1.838602533091758,6.125574272588055,10.159084011237315,4.564982078086526,4.4266605899113545,1861.9725929731967
2025-01-23,forward,2025-02-12 20:00:00,20.833333333333332,1.8035760568817616,6.430868167202571,10.262910997848605,4.2654306704721066,4.298669123174195,1872.2355039710453
2025-01-23,forward,2025-02-12 21:00:00,20.875,1.5994710905397556,6.768189509306261,8.494881669504846,3.594197329948312,3.986651262370201,1880.7303856405501
2025-01-23,forward,2025-02-12 22:00:00,20.916666666666668,1.628468450215248,6.430868167202571,8.36681830946414,3.8513037733787514,3.887430326149019,1889.0972039500143
2025-01-23,forward,2025-02-12 23:00:00,20.958333333333332,1.363098157110365,6.430868167202571,5.8621361572535715,3.22370695930331,3.751919975761518,1894.959340107268
2025-01-23,forward,2025-02-13 00:00:00,21.0,1.6173298486957262,6.430868167202571,8.252752933603883,3.824961145705107,3.6235423020838704,1903.2120930408719
2025-02-19,backward,2025-02-19 00:00:00,-0.0,0.930922539630738,6.125574272588055,2.6043894942259325,2.311344966089541,2.048452299624563,2.6043894942259325
2025-02-19,backward,2025-02-18 23:00:00,-0.041666666666666664,0.8205558542362527,6.430868167202571,2.124310211206199,1.9406024459794684,2.0426944652388936,4.728699705432131
2025-02-19,backward,2025-02-18 22:00:00,-0.08333333333333333,0.8006009896992969,6.430868167202571,2.0222455359443865,1.8934094868046798,2.0541924605064223,6.750945241376518
2025-02-19,backward,2025-02-18 21:00:00,-0.125,0.8564201447712175,6.430868167202571,2.3140641201608827,2.0254209620818866,2.0828113315631307,9.0650093615374
2025-02-19,backward,2025-02-18 20:00:00,-0.16666666666666666,0.8880328075860594,6.430868167202571,2.4880531955922436,2.100184441576536,2.1042377356677617,11.553062557129644
2025-02-19,backward,2025-02-18 19:00:00,-0.20833333333333334,0.94119222930173,6.430868167202571,2.794848723725604,2.2259056868466747,2.155049826812348,14.347911280855248
2025-02-19,backward,2025-02-18 18:00:00,-0.25,0.982701022246382,6.125574272588055,2.9021620526572125,2.439903390717325,2.3275412201631123,17.25007333351246
2025-02-19,backward,2025-02-18 17:00:00,-0.2916666666666667,0.99926965769583,6.768189509306261,3.315659655569365,2.2454749928469844,2.5949623307443783,20.565732989081827
2025-02-19,backward,2025-02-18 16:00:00,-0.3333333333333333,1.0323982928160278,5.361930294906166,2.8038046570862734,2.928357846909269,2.79278313261775,23.3695376461681
2025-02-19,backward,2025-02-18 15:00:00,-0.375,1.02434536127022,4.291845493562232,2.209372390932134,3.6299476255694816,2.7911199280231234,25.578910037100236
2025-02-19,backward,2025-02-18 14:00:00,-0.4166666666666667,1.0699530883097814,4.950495049504951,2.780418293690012,3.287109252816766,2.7576673527759046,28.359328330790248
2025-02-19,backward,2025-02-18 13:00:00,-0.4583333333333333,0.9861201222442948,6.768189509306261,3.2289713056957035,2.2159264592789163,2.7732890347532106,31.588299636485953
2025-02-19,backward,2025-02-18 12:00:00,-0.5,0.9468084388331844,6.430868167202571,2.8283026492696806,2.239187939234013,2.727694201397519,34.41660228575563
2025-02-19,backward,2025-02-18 11:00:00,-0.5416666666666666,0.989099251366696,6.430868167202571,3.086607352827567,2.339205084710818,2.54591679068886,37.5032096385832
2025-02-19,backward,2025-02-18 10:00:00,-0.5833333333333334,0.9765307001285264,5.594405594405594,2.617325794811659,2.65478884677512,2.3349492076585086,40.120535433394856
2025-02-19,backward,2025-02-18 09:00:00,-0.625,0.9763757615982492,5.847953216374269,2.7350791714374747,2.5392831613175244,2.207941572858557,42.85561460483233
2025-02-19,backward,2025-02-18 08:00:00,-0.6666666666666666,0.8546792427740436,6.430868167202571,2.304665779139497,2.021303754634661,2.3030756437617934,45.16028038397183
2025-02-19,backward,2025-02-18 07:00:00,-0.7083333333333334,1.022395932350337,10.6951871657754,5.484772880184681,1.4538806504792061,2.312510281420517,50.64505326415651
2025-02-19,backward,2025-02-18 06:00:00,-0.75,1.0336203628940692,5.594405594405594,2.932297945944465,2.80999236465343,2.146564420915609,53.57735121010097
2025-02-19,backward,2025-02-18 05:00:00,-0.7916666666666666,1.1911300670343077,7.561436672967865,5.263258828825934,2.3958129106631616,2.2869499840083627,58.840610038926904
2025-02-19,backward,2025-02-18 04:00:00,-0.8333333333333334,1.1667196210426607,10.6951871657754,7.142552244901554,1.6591136837456697,2.166308797421019,65.98316228382846
2025-02-19,backward,2025-02-18 03:00:00,-0.875,1.144623690076732,5.148005148005149,3.308997708173378,3.381596539874047,2.1321362681331717,69.29215999200184
2025-02-19,backward,2025-02-18 02:00:00,-0.9166666666666666,0.994857068197603,11.661807580174926,5.662644329185517,1.297456635110598,1.8738029336416666,74.95480432118735
2025-02-19,backward,2025-02-18 01:00:00,-0.9583333333333334,1.0527277448879462,12.82051282051282,6.970590480004474,1.248845474752124,1.7072615324253224,81.92539480119183
2025-02-19,backward,2025-02-18 00:00:00,-1.0,1.062124129941275,12.82051282051282,7.095581321158226,1.259992357704399,1.6598753505094361,89.02097612235005
2025-02-19,backward,2025-02-17 23:00:00,-1.0416666666666667,1.0708504853021226,11.661807580174926,6.560781592961951,1.396564503365098,1.325763147422548,95.581757715312
2025-02-19,backward,2025-02-17 22:00:00,-1.0833333333333333,1.0541593993371894,11.661807580174926,6.357852902302056,1.3747965922503502,1.3340409221608118,101.93961061761405
2025-02-19,backward,2025-02-17 21:00:00,-1.125,1.1606923452711193,12.82051282051282,8.473672431289206,1.3769233213527177,1.3190210043896244,110.41328304890325
2025-02-19,backward,2025-02-17 20:00:00,-1.1666666666666667,1.032940203237909,11.661807580174926,6.104474258931283,1.347123283540183,1.342743149483545,116.51775730783453
2025-02-19,backward,2025-02-17 19:00:00,-1.2083333333333333,0.9767605360538684,12.82051282051282,6.0008620044324585,1.158725968124999,1.3542441798166527,122.51861931226699
2025-02-19,backward,2025-02-17 18:00:00,-1.25,1.0752676640597203,11.661807580174926,6.615018698809737,1.4023252282679204,1.342637417133422,129.13363801107673
2025-02-19,backward,2025-02-17 17:00:00,-1.2916666666666667,1.123762687569933,11.661807580174926,7.225154210044186,1.4655706853637456,1.3081549378942203,136.35879222112092
2025-02-19,backward,2025-02-17 16:00:00,-1.3333333333333333,1.0007607596516952,11.661807580174926,5.730050387473832,1.305156016150967,1.3025661215588953,142.08884260859475
2025-02-19,backward,2025-02-17 15:00:00,-1.375,0.897148342313627,11.661807580174926,4.604965944606273,1.1700284459175077,1.3449713030851809,146.69380855320102
2025-02-19,backward,2025-02-17 14:00:00,-1.4166666666666667,1.107305164826815,12.82051282051282,7.71208987330202,1.3135903855282316,1.3253974542758151,154.40589842650303
2025-02-19,backward,2025-02-17 13:00:00,-1.4583333333333333,1.1912359632651868,12.82051282051282,8.92550963740571,1.4131570572827126,1.2866310820709213,163.33140806390873
2025-02-19,backward,2025-02-17 12:00:00,-1.5,1.0831052361600395,12.82051282051282,7.378681110768527,1.284882135411727,1.2913042634342755,170.71008917467725
2025-02-19,backward,2025-02-17 11:00:00,-1.5416666666666667,1.0393474094959727,12.82051282051282,6.794521960596278,1.2329724521343812,1.350591459299055,177.50461113527354
2025-02-19,backward,2025-02-17 10:00:00,-1.5833333333333333,1.12383117371402,12.82051282051282,7.944006306122298,1.3331951043310937,1.4347483808747417,185.44861744139584
2025-02-19,backward,2025-02-17 09:00:00,-1.625,1.0729369365234611,10.6951871657754,6.040443346415962,1.525751621106185,1.513536264966987,191.4890607878118
2025-02-19,backward,2025-02-17 08:00:00,-1.6666666666666667,1.0969741573644112,9.174311926605505,5.416245342797023,1.8185319149823513,1.5817579674079694,196.90530613060884
2025-02-19,backward,2025-02-17 07:00:00,-1.7083333333333333,1.137602475748711,9.174311926605505,5.8248747670391205,1.8858843618361831,1.728163233181973,202.73018089764795
2025-02-19,backward,2025-02-17 06:00:00,-1.75,1.0219821548300267,9.174311926605505,4.701020667757987,1.6942123500576216,1.901045079465877,207.43120156540596
2025-02-19,backward,2025-02-17 05:00:00,-1.7916666666666667,1.115074708193369,8.032128514056225,4.899712670266859,2.1114040467784028,2.0423139478992396,212.33091423567282
2025-02-19,backward,2025-02-17 04:00:00,-1.8333333333333333,1.1785383375904397,7.561436672967865,5.152568592594073,2.3704861820345173,2.208024683466357,217.4834828282669
2025-02-19,backward,2025-02-17 03:00:00,-1.875,1.2534214383028166,8.032128514056225,6.190944619514963,2.37336483170636,2.4137622407514834,223.67442744778185
2025-02-19,backward,2025-02-17 02:00:00,-1.9166666666666667,1.4854940009549618,8.032128514056225,8.695698765486538,2.812796328385057,2.710497444539268,232.37012621326838
2025-02-19,backward,2025-02-17 01:00:00,-1.9583333333333333,1.5513292762526878,7.561436672967865,8.927797471637602,3.12030970554694,2.9828140628516864,241.29792368490598
2025-02-19,backward,2025-02-17 00:00:00,-2.0,1.63185547623694,7.142857142857142,9.33184215555617,3.474623572784333,3.2756931375655984,250.62976584046214
2025-02-19,backward,2025-02-16 23:00:00,-2.0416666666666665,1.977969825300609,8.032128514056225,15.417075740677218,3.745303756652914,3.5306998240278578,266.04684158113935
2025-02-19,backward,2025-02-16 22:00:00,-2.0833333333333335,2.17995294996561,8.032128514056225,18.72651326915785,4.127760630317987,3.8252029126054397,284.7733548502972
2025-02-19,backward,2025-02-16 21:00:00,-2.125,1.9406619689014928,7.561436672967865,13.971278277468373,3.903404950479913,4.095774415516024,298.7446331277656
2025-02-19,backward,2025-02-16 20:00:00,-2.1666666666666665,2.2769537457365643,7.561436672967865,19.232899824882878,4.5798148598505515,4.3311598181572375,317.9775329526485
2025-02-19,backward,2025-02-16 19:00:00,-2.2083333333333335,2.5052633011561225,8.032128514056225,24.73258072474067,4.743738723010446,4.626132530329391,342.7101136773892
2025-02-19,backward,2025-02-16 18:00:00,-2.25,2.429645639617119,7.561436672967865,21.898896284418907,4.886935988631617,5.058782666922602,364.6090099618081
2025-02-19,backward,2025-02-16 17:00:00,-2.2916666666666665,2.590183158299491,7.142857142857142,23.51066688845631,5.515140029685833,5.473106174876183,388.1196768502644
2025-02-19,backward,2025-02-16 16:00:00,-2.3333333333333335,3.157764726886121,7.142857142857142,34.94326938324228,6.723661449877253,5.805491238892255,423.0629462335067
2025-02-19,backward,2025-02-16 15:00:00,-2.375,2.8433536818987024,6.768189509306261,26.845179544070074,6.389345998201401,6.125586210583368,449.90812577757674
2025-02-19,backward,2025-02-16 14:00:00,-2.4166666666666665,2.779774377064812,6.430868167202571,24.37927212170906,6.57412524394698,6.0473923223584665,474.2873978992858
2025-02-19,backward,2025-02-16 13:00:00,-2.4583333333333335,2.5624827660962315,5.847953216374269,18.83899928155935,6.664308553157124,5.942144921024912,493.1263971808451
2025-02-19,backward,2025-02-16 12:00:00,-2.5,1.7793121337695257,6.125574272588055,9.51443764625115,4.417772659282209,5.589119913926377,502.6408348270963
2025-02-19,backward,2025-02-16 11:00:00,-2.5416666666666665,1.7963913209984024,5.594405594405594,8.85702517956157,4.883655621684505,5.253687629519349,511.49786000665785
2025-02-19,backward,2025-02-16 10:00:00,-2.5833333333333335,1.4990925991428603,4.950495049504951,5.458050935083767,4.605511407286044,4.751092899826143,516.9559109417416
2025-02-19,backward,2025-02-16 09:00:00,-2.625,1.3719932210098502,4.767580452920143,4.402851066949926,4.376752291759228,4.167405019576267,521.3587620086915
2025-02-19,backward,2025-02-16 08:00:00,-2.6666666666666665,1.0387500981146849,4.439511653718091,2.3501164880574756,3.5585568657877538,3.914294684683084,523.708878496749
2025-02-19,backward,2025-02-16 07:00:00,-2.7083333333333335,0.8366856805750995,4.024144869215292,1.3820708689036778,3.1621812716578686,3.606046189700768,525.0909493656527
2025-02-19,backward,2025-02-16 06:00:00,-2.75,0.6636005253639512,3.4812880765883376,0.7521170578078614,2.8991106499231063,2.9998053022984834,525.8430664234605
2025-02-19,backward,2025-02-16 05:00:00,-2.7916666666666665,0.5588212283145805,2.801120448179272,0.4291504858556409,3.0341646517906065,2.373560693497758,526.2722169093162
2025-02-19,backward,2025-02-16 04:00:00,-2.8333333333333335,0.4546518221622964,7.142857142857142,0.7243723588110033,0.9680660828723364,1.8843534993318884,526.9965892681272
2025-02-19,backward,2025-02-16 03:00:00,-2.875,0.2755908443229293,6.768189509306261,0.25219363105080506,0.6192846389548754,1.5007144710560318,527.248782899178
2025-02-19,backward,2025-02-16 02:00:00,-2.9166666666666665,0.2927390132326567,7.142857142857142,0.300306828131437,0.6233137007925363,1.1567236811480646,527.5490897273094
2025-02-19,backward,2025-02-16 01:00:00,-2.9583333333333335,0.3033170554187243,5.361930294906166,0.24201754979666112,0.8603471020027295,0.8869579915219813,527.791107277106
2025-02-19,backward,2025-02-16 00:00:00,-3.0,0.3072052801000074,5.594405594405594,0.2590259855211867,0.8351659104753036,0.9585641911723789,528.0501332626271
2025-02-19,backward,2025-02-15 23:00:00,-3.0416666666666665,0.3866047442789875,4.153686396677051,0.30457909796867744,1.4155705140341064,1.0157710840262293,528.3547123605958
2025-02-19,backward,2025-02-15 22:00:00,-3.0833333333333335,0.407992474139812,4.439511653718091,0.3625530291999709,1.3977032807747232,1.0821366810638364,528.7172653897958
2025-02-19,backward,2025-02-15 21:00:00,-3.125,0.3540530863626733,5.594405594405594,0.34405094271464975,0.9625259960779764,1.1200513795582323,529.0613163325104
2025-02-19,backward,2025-02-15 20:00:00,-3.1666666666666665,0.3601343927963538,5.361930294906166,0.34117908032262656,1.0215072830181795,1.3168728592450702,529.402495412833
2025-02-19,backward,2025-02-15 19:00:00,-3.2083333333333335,0.3835184625784991,5.361930294906166,0.38692407122007483,1.0878352929691042,1.3209451536010475,529.789419484053
2025-02-19,backward,2025-02-15 18:00:00,-3.25,0.6319910743122358,4.767580452920143,0.9342260078990642,2.016094788596332,1.3859756261398075,530.7236454919521
2025-02-19,backward,2025-02-15 17:00:00,-3.2916666666666665,0.529687470101674,5.594405594405594,0.7700614494076367,1.4400042801699686,1.5233155343025049,531.4937069413597
2025-02-19,backward,2025-02-15 16:00:00,-3.3333333333333335,0.6576514296929912,5.594405594405594,1.1870732544767417,1.7878861160072843,1.646063858581563,532.6807801958365
2025-02-19,backward,2025-02-15 15:00:00,-3.375,0.6869494602385339,5.847953216374269,1.3538965960276304,1.7865654450541606,1.79859189535049,534.0346767918642
2025-02-19,backward,2025-02-15 14:00:00,-3.4166666666666665,0.6197853652322802,5.361930294906166,1.0104988688432193,1.757997228692529,1.7618919326964664,535.0451756607074
2025-02-19,backward,2025-02-15 13:00:00,-3.4583333333333335,0.7367796598418006,5.594405594405594,1.4899141292844005,2.0030035135826663,1.836803114709194,536.5350897899918
2025-02-19,backward,2025-02-15 12:00:00,-3.5,0.7233187475842178,6.125574272588055,1.572310399177877,1.7958950126721915,1.9081055173908037,538.1074001891698
2025-02-19,backward,2025-02-15 11:00:00,-3.5416666666666665,0.7265176559269181,5.847953216374269,1.514356999238316,1.8894713722463325,2.079512765012734,539.6217571884081
2025-02-19,backward,2025-02-15 10:00:00,-3.5833333333333335,0.8924005705174156,6.125574272588055,2.3933076116843437,2.215700532096942,2.108287271702895,542.0150648000924
2025-02-19,backward,2025-02-15 09:00:00,-3.625,1.035465643675394,5.594405594405594,2.9427771183402394,2.8150089307857438,2.1997462969188843,544.9578419184327
2025-02-19,backward,2025-02-15 08:00:00,-3.6666666666666665,0.8163451821474998,6.430868167202571,2.1025644064057665,1.9306442688334937,2.273159742495022,547.0604063248385
2025-02-19,backward,2025-02-15 07:00:00,-3.7083333333333335,1.0277517033426515,6.125574272588055,3.1743532463345034,2.551757664878601,2.4160948097324444,550.234759571173
2025-02-19,backward,2025-02-15 06:00:00,-3.75,0.9952203313224374,6.768189509306261,3.288842100150241,2.2363756861290205,2.532518072901333,553.5236016713231
2025-02-19,backward,2025-02-15 05:00:00,-3.7916666666666665,1.1615640481967624,6.430868167202571,4.256846239016847,2.747081775670867,2.490196993794176,557.78044791034
2025-02-19,backward,2025-02-15 04:00:00,-3.8333333333333335,1.1737459553337144,6.125574272588055,4.1402547201884285,2.9142401111102734,2.5404541107799528,561.9207026305284
2025-02-19,backward,2025-02-15 03:00:00,-3.875,1.202811281166193,7.142857142857142,5.069895212582223,2.561082456142799,2.42288704193369,566.9905978431105
2025-02-19,backward,2025-02-15 02:00:00,-3.9166666666666665,0.8990406859323904,6.125574272588055,2.4290560474561964,2.2321869707481574,2.3493374385971943,569.4196538905668
2025-02-19,backward,2025-02-15 01:00:00,-3.9583333333333335,0.8671399550530093,7.142857142857142,2.63501076000136,1.846355251801023,2.204705587631761,572.0546646505682
2025-02-19,backward,2025-02-15 00:00:00,-4.0,0.7988363488229294,6.768189509306261,2.1189474188630517,1.7950780661100465,2.025439859071332,574.1736120694312
2025-02-19,backward,2025-02-14 23:00:00,-4.041666666666667,0.8826080600795442,7.142857142857142,2.7298562358010523,1.8792906698782659,1.9368990678004128,576.9034683052323
2025-02-19,backward,2025-02-14 22:00:00,-4.083333333333333,0.9141223897285912,7.561436672967865,3.0998811654073677,1.838645739747699,1.9276948262846947,580.0033494706397
2025-02-19,backward,2025-02-14 21:00:00,-4.125,0.9533124124469786,7.142857142857142,3.1847437444413917,2.029837708517285,2.036883161346795,583.1880932150812
2025-02-19,backward,2025-02-14 20:00:00,-4.166666666666667,1.0823233782895434,7.561436672967865,4.345606836221359,2.1769615216538485,2.1842752307000826,587.5337000513025
2025-02-19,backward,2025-02-14 19:00:00,-4.208333333333333,1.0577170921405668,6.430868167202571,3.5297234877333854,2.5014852621736243,2.349935786123332,591.0634235390359
2025-02-19,backward,2025-02-14 18:00:00,-4.25,1.1329586710393993,6.430868167202571,4.049764558571539,2.6794304822297734,2.533921555809886,595.1131880976073
2025-02-19,backward,2025-02-14 17:00:00,-4.291666666666667,1.2786406228594431,6.768189509306261,5.428771219799335,2.873254002417763,2.7428503149989893,600.5419593174067
2025-02-19,backward,2025-02-14 16:00:00,-4.333333333333333,1.309482978399603,6.768189509306261,5.693826888174405,2.94256035786702,2.8969973661151402,606.2357862055811
2025-02-19,backward,2025-02-14 15:00:00,-4.375,1.4611662390746551,6.768189509306261,7.089307299503748,3.2834102636519074,2.9406652986384176,613.3250935050849
2025-02-19,backward,2025-02-14 14:00:00,-4.416666666666667,1.3803664839090897,6.768189509306261,6.326934749931534,3.1018438283507535,2.9568631063338313,619.6520282550164
2025-02-19,backward,2025-02-14 13:00:00,-4.458333333333333,1.2978732395850996,7.142857142857142,5.902942511944615,2.763492857313287,2.951172379423756,625.554970766961
2025-02-19,backward,2025-02-14 12:00:00,-4.5,1.235635870425347,6.768189509306261,5.069738498476813,2.776617328402257,2.689467777894729,630.6247092654378
2025-02-19,backward,2025-02-14 11:00:00,-4.541666666666667,1.0916615681853843,5.847953216374269,3.419101280641205,2.839109640957313,2.391931551805528,634.043810546079
2025-02-19,backward,2025-02-14 10:00:00,-4.583333333333333,0.8911819107437903,9.876543209876544,3.848307141989058,1.3723327486928572,2.1377765026422835,637.8921176880681
2025-02-19,backward,2025-02-14 09:00:00,-4.625,0.9037393780738956,9.174311926605505,3.6761391954846365,1.4981929071167008,1.933448691940135,641.5682568835527
2025-02-19,backward,2025-02-14 08:00:00,-4.666666666666667,0.8880817764252529,8.565310492505352,3.314217918049638,1.5769135333712854,1.7540830120317763,644.8824748016024
2025-02-19,backward,2025-02-14 07:00:00,-4.708333333333333,0.9274658678308412,9.174311926605505,3.8716974040062144,1.5375259931003973,1.6374191806459457,648.7541722056086
2025-02-19,backward,2025-02-14 06:00:00,-4.75,1.0257286909920362,9.174311926605505,4.735551265391811,1.7004232489521034,1.8075166321873706,653.4897234710004
2025-02-19,backward,2025-02-14 05:00:00,-4.791666666666667,1.2047073967434303,8.565310492505352,6.09871442715923,2.1391266526423305,1.9215570021572124,659.5884378981597
2025-02-19,backward,2025-02-14 04:00:00,-4.833333333333333,1.263747571297932,8.032128514056225,6.293371223229359,2.3929174579414063,2.1084390957277983,665.881809121389
2025-02-19,backward,2025-02-14 03:00:00,-4.875,1.2290977428028895,8.565310492505352,6.348161786252166,2.182435126935753,2.257024056349882,672.2299709076411
2025-02-19,backward,2025-02-14 02:00:00,-4.916666666666667,1.5195682015005036,8.565310492505352,9.703212401055044,2.698206094794798,2.439907836361942,681.9331833086961
2025-02-19,backward,2025-02-14 01:00:00,-4.958333333333333,1.3679775994545351,8.565310492505352,7.863811886886398,2.4290357568328993,2.522564322619676,689.7969951955826
2025-02-19,backward,2025-02-14 00:00:00,-5.0,1.575615504857257,8.565310492505352,10.432193548017269,2.797725929024466,2.694109511589128,700.2291887435998
2025-02-19,backward,2025-02-13 23:00:00,-5.041666666666667,1.5895232905416508,9.174311926605505,11.372064837838355,2.6350655701887327,2.8869205911196585,711.6012535814382
2025-02-19,backward,2025-02-13 22:00:00,-5.083333333333333,1.8073262439559303,8.032128514056225,12.871696528157782,3.4221885917581205,3.067249578825985,724.472950109596
2025-02-19,backward,2025-02-13 21:00:00,-5.125,1.8806185867816971,8.565310492505352,14.861977257012951,3.339301604118934,3.383851118920886,739.334927366609
2025-02-19,backward,2025-02-13 20:00:00,-5.166666666666667,2.1289112670045083,8.565310492505352,19.04540731258672,3.780180021032755,3.7204983643147007,758.3803346791957
2025-02-19,backward,2025-02-13 19:00:00,-5.208333333333333,2.4377942464535947,8.565310492505352,24.972915039926082,4.328644997402311,4.018542131525134,783.3532497191218
2025-02-19,backward,2025-02-13 18:00:00,-5.25,2.71316785909004,8.565310492505352,30.933457983519187,4.817609401387354,4.29051921307991,814.2867077026409
2025-02-19,backward,2025-02-13 17:00:00,-5.291666666666667,2.66823840474921,9.174311926605505,32.044595743979286,4.423328173451332,4.668718152079016,846.3313034466202
2025-02-19,backward,2025-02-13 16:00:00,-5.333333333333333,2.846326426433626,8.565310492505352,34.044311390727515,5.054051081086775,4.976140053497441,880.3756148373477
2025-02-19,backward,2025-02-13 15:00:00,-5.375,2.961958513144666,8.032128514056225,34.57169115194639,5.60849523811357,5.2790384243422475,914.9473059892941
2025-02-19,backward,2025-02-13 14:00:00,-5.416666666666667,2.9705226081856457,8.032128514056225,34.77189873610805,5.624711429543305,5.418163548795403,949.7192047254022
2025-02-19,backward,2025-02-13 13:00:00,-5.458333333333333,3.055633982918514,7.561436672967865,34.63689997556695,6.146035222471148,5.569725317014484,984.3561047009691
2025-02-19,backward,2025-02-13 12:00:00,-5.5,2.810192770959013,7.561436672967865,29.296016885114362,5.652360148106284,5.60254921442809,1013.6521215860835
2025-02-19,backward,2025-02-13 11:00:00,-5.541666666666667,2.6512662279757917,7.561436672967865,26.076123684701724,5.332698782765821,5.561742011623508,1039.7282452707852
2025-02-19,backward,2025-02-13 10:00:00,-5.583333333333333,2.4661273069822505,7.142857142857142,21.312528739223477,5.25099446556841,5.4441991937577,1061.0407740100088
2025-02-19,backward,2025-02-13 09:00:00,-5.625,2.5190368798860088,7.142857142857142,22.236838884810027,5.363652021286081,5.234341946364901,1083.277612894819
2025-02-19,backward,2025-02-13 08:00:00,-5.666666666666667,2.1892301861552417,6.768189509306261,15.9142948255034,4.919454522348455,5.110761233416933,1099.1919077203224
2025-02-19,backward,2025-02-13 07:00:00,-5.708333333333333,2.066351937789391,6.430868167202571,13.471322208905935,4.886891738114351,5.082978068013127,1112.6632299292285
2025-02-19,backward,2025-02-13 06:00:00,-5.75,1.97791550122258,6.125574272588055,11.75694026812354,4.9108758704184785,5.1606548782874855,1124.420170197352
2025-02-19,backward,2025-02-13 05:00:00,-5.791666666666667,1.9863704279027457,5.847953216374269,11.320260089926823,5.165999790342984,5.025559571685775,1135.740430287279
2025-02-19,backward,2025-02-13 04:00:00,-5.833333333333333,2.1982559228692686,5.847953216374269,13.864123776428368,5.717055327214564,4.945330459408262,1149.6045540637074
2025-02-19,backward,2025-02-13 03:00:00,-5.875,1.750697676306029,5.847953216374269,8.793428440057589,4.553080181675813,4.839198709751567,1158.397982503765
2025-02-19,backward,2025-02-13 02:00:00,-5.916666666666667,1.5646537406614642,5.361930294906166,6.440056578194987,4.438079848683382,4.658212922299339,1164.83803908196
2025-02-19,backward,2025-02-13 01:00:00,-5.958333333333333,1.6341997215826982,5.847953216374269,7.662071271760737,4.250101240174184,4.334497450459393,1172.5001103537206
2025-02-19,backward,2025-02-13 00:00:00,-6.0,1.6173298486957262,6.430868167202571,8.252752933603883,3.824961145705107,4.023538858153425,1180.7528632873245
2025-02-19,backward,2025-02-12 23:00:00,-6.041666666666667,1.363098157110365,6.430868167202571,5.8621361572535715,3.22370695930331,3.8637250495321744,1186.6149994445782
2025-02-19,backward,2025-02-12 22:00:00,-6.083333333333333,1.628468450215248,6.430868167202571,8.36681830946414,3.8513037733787514,3.8349501864969624,1194.9818177540424
2025-02-19,backward,2025-02-12 21:00:00,-6.125,1.5994710905397556,6.768189509306261,8.494881669504846,3.594197329948312,3.887430326149019,1203.4766994235472
2025-02-19,backward,2025-02-12 20:00:00,-6.166666666666667,1.8035760568817616,6.430868167202571,10.262910997848605,4.2654306704721066,3.986651262370201,1213.7396104213958
2025-02-19,backward,2025-02-12 19:00:00,-6.208333333333333,1.838602533091758,6.125574272588055,10.159084011237315,4.564982078086526,4.298669123174194,1223.8986944326332
2025-02-19,backward,2025-02-12 18:00:00,-6.25,1.8690547300523497,6.430868167202571,11.021626191474187,4.420286763032197,4.4266605899113545,1234.9203206241075
2025-02-19,backward,2025-02-12 17:00:00,-6.291666666666667,1.7965392473496424,5.361930294906166,8.490369984445971,5.095814124127272,4.471351044139823,1243.4106906085535
2025-02-19,backward,2025-02-12 16:00:00,-6.333333333333333,1.628526539648243,5.361930294906166,6.976584815686925,4.619252573801713,3.8732416615270835,1250.3872754242404
2025-02-19,backward,2025-02-12 15:00:00,-6.375,0.9910341070131262,3.902439024390244,1.8803788680645936,3.862340055319124,3.1930701151556558,1252.267654292305
2025-02-19,backward,2025-02-12 14:00:00,-6.416666666666667,0.4759203361582468,10.6951871657754,1.1884719824729206,0.6767743747956688,2.5262412264902028,1253.456126274778
2025-02-19,backward,2025-02-12 13:00:00,-6.458333333333333,0.2919298311206633,9.174311926605505,0.3835857699759438,0.4839527998579609,1.733832168120955,1253.839712044754
2025-02-19,backward,2025-02-12 12:00:00,-6.5,0.2722987883443197,9.876543209876544,0.3592761757333501,0.41931343103947605,1.0181877075401522,1254.1989882204873
2025-02-19,backward,2025-02-12 11:00:00,-6.541666666666667,0.240050546240098,10.6951871657754,0.3023610325063229,0.3413597739117877,0.4278585378397133,1254.5013492529936
2025-02-19,backward,2025-02-12 10:00:00,-6.583333333333333,0.2288173577403766,10.6951871657754,0.2747251095230445,0.3253858103168951,0.4079676245344454,1254.7760743625165
2025-02-19,backward,2025-02-12 09:00:00,-6.625,0.2080424927445045,9.876543209876544,0.20972060370080173,0.32036503711649095,0.42344245835699273,1254.9857949662173
2025-02-19,backward,2025-02-12 08:00:00,-6.666666666666667,0.3362520543664534,9.174311926605505,0.5089034889218126,0.5574288949640614,0.4437815009889008,1255.494698455139
2025-02-19,backward,2025-02-12 07:00:00,-6.708333333333333,0.3479381727493819,9.174311926605505,0.5448910722526121,0.5768018027932453,0.45278395462959553,1256.0395895273916
2025-02-19,backward,2025-02-12 06:00:00,-6.75,0.3265515538715687,9.174311926605505,0.47996442082800495,0.5413476868309243,0.49336568797083064,1256.5195539482197
2025-02-19,backward,2025-02-12 05:00:00,-6.791666666666667,0.2567530352407376,9.876543209876544,0.3194244637176385,0.395374495755956,0.5502523300875384,1256.8389784119374
2025-02-19,backward,2025-02-12 04:00:00,-6.833333333333333,0.3694236609976976,9.876543209876544,0.661281567391671,0.568876210364306,0.5688181969598861,1257.500259979329
2025-02-19,backward,2025-02-12 03:00:00,-6.875,0.3991413174920953,9.174311926605505,0.717065633190037,0.6616848898167373,0.5542195960707194,1258.217325612519
2025-02-19,backward,2025-02-12 02:00:00,-6.916666666666667,0.4034478269572177,9.174311926605505,0.7326225748448015,0.6688240961981481,0.5379875465560465,1258.9499481873638
2025-02-19,backward,2025-02-12 01:00:00,-6.958333333333333,0.2951011965803433,9.174311926605505,0.39196516923411767,0.4892101974582445,0.5490245752716865,1259.3419133565978
2025-02-19,backward,2025-02-12 00:00:00,-7.0,0.2883010792338238,9.876543209876544,0.4027444254337834,0.44395538974288756,0.5361897040400398,1259.7446577820317
2025-02-19,backward,2025-02-11 23:00:00,-7.041666666666667,0.2784441734590389,9.174311926605505,0.34896494677634793,0.46159666804979527,0.5317234787337732,1260.093622728808
2025-02-19,backward,2025-02-11 22:00:00,-7.083333333333333,0.2967038217687717,9.174311926605505,0.3962340708251219,0.49186698297442644,0.5116096972651619,1260.4898567996331
2025-02-19,backward,2025-02-11 21:00:00,-7.125,0.3829766287068924,9.174311926605505,0.6601613267613694,0.6348875379791376,0.5438485611709092,1261.1500181263946
2025-02-19,backward,2025-02-11 20:00:00,-7.166666666666667,0.355958645785989,9.876543209876544,0.6139543677213565,0.5481414073864798,0.6795048802030363,1261.763972494116
2025-02-19,backward,2025-02-11 19:00:00,-7.208333333333333,0.4433031516008369,9.876543209876544,0.9522229388290194,0.6826433808927286,0.8465751120912453,1262.716195432945
2025-02-19,backward,2025-02-11 18:00:00,-7.25,0.4627002370721193,5.594405594405594,0.5876049248262464,1.2578933039356508,1.095270247164574,1263.3038003577713
2025-02-19,backward,2025-02-11 17:00:00,-7.291666666666667,0.5629272739232984,5.847953216374269,0.9091603867339,1.4640180593790484,1.2993160935369896,1264.2129607445052
2025-02-19,backward,2025-02-11 16:00:00,-7.333333333333333,0.5997809207563981,4.597701149425287,0.8114430882429967,1.9840377934143991,1.5460487124423385,1265.0244038327482
2025-02-19,backward,2025-02-11 15:00:00,-7.375,0.629300849208469,5.148005148005149,1.0002018226320295,1.8591626162136317,1.7571447088597483,1266.0246056553804
2025-02-19,backward,2025-02-11 14:00:00,-7.416666666666667,0.6866317780108286,5.148005148005149,1.190745103422622,2.0285371208185716,1.8534654707324512,1267.215350758803
2025-02-19,backward,2025-02-11 13:00:00,-7.458333333333333,0.7169958349224048,5.594405594405594,1.4109747718359238,1.9492193593971898,1.9300181118742354,1268.626325530639
2025-02-19,backward,2025-02-11 12:00:00,-7.5,0.7058874344271976,5.847953216374269,1.4295746063947172,1.8358178751718666,1.9743557577619324,1270.0559001370336
2025-02-19,backward,2025-02-11 11:00:00,-7.541666666666667,0.7746463253274272,6.125574272588055,1.8033738740900027,1.9233339062297532,2.053454347811225,1271.8592740111237
2025-02-19,backward,2025-02-11 10:00:00,-7.583333333333333,0.9062407453521124,6.125574272588055,2.4681185298715143,2.2500636687405824,2.1639399544453313,1274.3273925409953
2025-02-19,backward,2025-02-11 09:00:00,-7.625,0.98679440471664,6.430868167202571,3.072238991447417,2.3337541565093867,2.33199490559146,1277.3996315324428
2025-02-19,backward,2025-02-11 08:00:00,-7.666666666666667,1.0840148113457229,6.125574272588055,3.5314192162685916,2.6914507606232094,2.615784258001463,1280.9310507487114
2025-02-19,backward,2025-02-11 07:00:00,-7.708333333333333,1.2505571172240686,6.430868167202571,4.934108605415803,2.9575490662739594,2.817359917055428,1285.8651593541272
2025-02-19,backward,2025-02-11 06:00:00,-7.75,1.3606038110341063,5.847953216374269,5.31128112618687,3.538553989631887,2.9441520026652728,1291.176440480314
2025-02-19,backward,2025-02-11 05:00:00,-7.791666666666667,1.261768742467269,6.125574272588055,4.784519980429789,3.132787860553545,3.0970642119840925,1295.960960460744
2025-02-19,backward,2025-02-11 04:00:00,-7.833333333333333,1.1576841794979316,5.847953216374269,3.845175087644453,3.01081618239965,3.0008035694541264,1299.8061355483885
2025-02-19,backward,2025-02-11 03:00:00,-7.875,1.2501243222066905,5.847953216374269,4.483759736110054,3.251227412422304,2.819092831557379,1304.2898952844985
2025-02-19,backward,2025-02-11 02:00:00,-7.916666666666667,1.1163859555150724,8.032128514056225,4.911242862066576,2.1138869054434135,2.485999358948439,1309.201138146565
2025-02-19,backward,2025-02-11 01:00:00,-7.958333333333333,1.126382757670522,9.174311926605505,5.710544538976721,1.867284638893473,2.2274754562924,1314.9116826855418
2025-02-19,backward,2025-02-11 00:00:00,-8.0,0.928954107714215,9.174311926605505,3.884132659350242,1.53999315397825,2.01136661881636,1318.795815344892
2025-02-19,backward,2025-02-10 23:00:00,-8.041666666666666,0.9540789840364252,9.174311926605505,4.097077646195658,1.5816444446173108,1.7290167075174734,1322.8928929910876
2025-02-19,backward,2025-02-10 22:00:00,-8.083333333333334,0.9653776379097398,8.565310492505352,3.9162428353781356,1.714163157543411,1.6823930289693731,1326.8091358264658
2025-02-19,backward,2025-02-10 21:00:00,-8.125,0.8769389836049519,8.565310492505352,3.231572454901376,1.5571279446289812,1.7059162692837193,1330.0407082813672
2025-02-19,backward,2025-02-10 20:00:00,-8.166666666666666,1.106392176763524,9.174311926605505,5.509646407228295,1.8341448341548128,1.7797565724720326,1335.5503546885955
2025-02-19,backward,2025-02-10 19:00:00,-8.208333333333334,1.13109868596327,8.565310492505352,5.37620895515061,2.0084240807795495,1.8910622194268971,1340.926563643746
2025-02-19,backward,2025-02-10 18:00:00,-8.25,1.116800118942615,8.565310492505352,5.241143459700232,1.9830349731081292,1.986970084865651,1346.1677071034462
2025-02-19,backward,2025-02-10 17:00:00,-8.291666666666666,1.1879944969156278,8.032128514056225,5.5614948554531205,2.249478326346498,2.1279695851182816,1351.7292019588992
2025-02-19,backward,2025-02-10 16:00:00,-8.333333333333334,1.209189021397619,8.032128514056225,5.761705720619241,2.2896103501759364,2.229824648665171,1357.4909076795184
2025-02-19,backward,2025-02-10 15:00:00,-8.375,1.194765403197075,7.561436672967865,5.295434850222635,2.403124946144764,2.2390569563448204,1362.786342529741
2025-02-19,backward,2025-02-10 14:00:00,-8.416666666666666,1.2157213187709106,7.561436672967865,5.4828254220308805,2.44527521543615,2.3490164036068393,1368.2691679517718
2025-02-19,backward,2025-02-10 13:00:00,-8.458333333333334,1.0899435264729016,8.032128514056225,4.681345283023876,2.063817926857444,2.37096293250331,1372.9505132347956
2025-02-19,backward,2025-02-10 12:00:00,-8.5,1.2411859722839202,7.142857142857142,5.398557296127859,2.6427916566802443,2.416464891338007,1378.3490705309234
2025-02-19,backward,2025-02-10 11:00:00,-8.541666666666666,1.1838438133643705,7.561436672967865,5.199064083904702,2.3811574997253233,2.39165940860339,1383.548134614828
2025-02-19,backward,2025-02-10 10:00:00,-8.583333333333334,1.2035343757412498,7.142857142857142,5.07599278704177,2.5626221031841157,2.4441352690821554,1388.6241274018698
2025-02-19,backward,2025-02-10 09:00:00,-8.625,1.120769918371867,7.561436672967865,4.6598215401051535,2.254292049737064,2.581670467618365,1393.283948941975
2025-02-19,backward,2025-02-10 08:00:00,-8.666666666666666,1.296294052757416,7.142857142857142,5.888586444499907,2.760130378308741,2.627099593626895,1399.172535386475
2025-02-19,backward,2025-02-10 07:00:00,-8.708333333333334,1.356831290809528,7.142857142857142,6.451425685615511,2.8890291180747028,2.742565243103703,1405.6239610720904
2025-02-19,backward,2025-02-10 06:00:00,-8.75,1.369200589991021,7.142857142857142,6.569588281274927,2.9153664127314247,2.8730532442278025,1412.1935493533654
2025-02-19,backward,2025-02-10 05:00:00,-8.791666666666666,1.3679539383093886,6.768189509306261,6.213660090291876,3.073951396586168,3.0707408061967087,1418.4072094436572
2025-02-19,backward,2025-02-10 04:00:00,-8.833333333333334,1.4888193918000687,6.768189509306261,7.360182407017413,3.3455501099287126,3.293938823702199,1425.7673918506746
2025-02-19,backward,2025-02-10 03:00:00,-8.875,1.6157905719264027,7.142857142857142,9.149010735918347,3.4404174215505017,3.553974619716002,1434.916402586593
2025-02-19,backward,2025-02-10 02:00:00,-8.916666666666666,1.8242574914813017,6.768189509306261,11.050370024242685,4.099318483341684,3.755392358257394,1445.9667726108357
2025-02-19,backward,2025-02-10 01:00:00,-8.958333333333334,1.979979486426199,6.768189509306261,13.017450217280192,4.449243894157519,3.8897965338538136,1458.984222828116
2025-02-19,backward,2025-02-10 00:00:00,-9.0,1.8351845459476983,6.768189509306261,11.183146924143236,4.123872843979781,4.058938486466209,1470.1673697522592
2025-02-19,backward,2025-02-09 23:00:00,-9.041666666666666,1.8224171417187165,7.142857142857142,11.638568882293221,3.8803764501646856,4.175925241846742,1481.8059386345524
2025-02-19,backward,2025-02-09 22:00:00,-9.083333333333334,2.047860854176504,7.142857142857142,14.69619434325749,4.360401825603083,4.141287308557808,1496.5021329778099
2025-02-19,backward,2025-02-09 21:00:00,-9.125,1.9454472499796205,7.142857142857142,13.263035038509143,4.1423379538337,4.237784588333716,1509.765168016319
2025-02-19,backward,2025-02-09 20:00:00,-9.166666666666666,1.827637030636162,7.142857142857142,11.705336298327497,3.8914908836080784,4.26663518499597,1521.4705043146464
2025-02-19,backward,2025-02-09 19:00:00,-9.208333333333334,1.93339584993242,5.847953216374269,10.724510707361297,5.028227572812967,4.168061260439546,1532.1950150220077
2025-02-19,backward,2025-02-09 18:00:00,-9.25,1.8169147253704652,6.430868167202571,10.415274717033524,4.296976423953301,3.911155700147279,1542.6102897390413
2025-02-19,backward,2025-02-09 17:00:00,-9.291666666666666,1.3906780099115563,6.430868167202571,6.101755692221674,3.288932902826145,3.716158185926974,1548.712045431263
2025-02-19,backward,2025-02-09 16:00:00,-9.333333333333334,1.135374130649807,6.125574272588055,3.8739751703269483,2.8189684638494823,3.5788308650848717,1552.58602060159
2025-02-19,backward,2025-02-09 15:00:00,-9.375,1.0933426329716684,5.594405594405594,3.2809419690789645,2.972352868511869,3.278013065485723,1555.8669625706689
2025-02-19,backward,2025-02-09 14:00:00,-9.416666666666666,1.1283512254242345,5.594405594405594,3.4944159000799915,3.0675269585554648,3.106533692142911,1559.3613784707488
2025-02-19,backward,2025-02-09 13:00:00,-9.458333333333334,1.049189957742457,4.950495049504951,2.6735537163550225,3.2233207752180784,2.7579654019183444,1562.0349321871038
2025-02-19,backward,2025-02-09 12:00:00,-9.5,0.9879570560237536,4.597701149425287,2.2016531797365677,3.2681001838964288,2.869350228277336,1564.2365853668402
2025-02-19,backward,2025-02-09 11:00:00,-9.541666666666666,0.4221891353965435,5.361930294906166,0.4688860405403082,1.1975231614787443,2.9129040581492815,1564.7054714073806
2025-02-19,backward,2025-02-09 10:00:00,-9.583333333333334,0.8947971479265973,3.902439024390244,1.5329124155592788,3.487277422003432,2.487641863798568,1566.2383838229398
2025-02-19,backward,2025-02-09 09:00:00,-9.625,0.7824001001587153,3.679852805887765,1.1051475760326341,3.2336758477435428,2.034480706723056,1567.3435313989723
2025-02-19,backward,2025-02-09 08:00:00,-9.666666666666666,0.3628283095376158,10.6951871657754,0.6907529579562002,0.515953792451183,1.579164751111528,1568.0342843569285
2025-02-19,backward,2025-02-09 07:00:00,-9.708333333333334,0.3546710019933766,10.6951871657754,0.6600423264109253,0.5043538327650039,1.5021621172339283,1568.6943266833396
2025-02-19,backward,2025-02-09 06:00:00,-9.75,0.3482068812815332,9.876543209876544,0.5875051804145862,0.5362044502272608,1.0570532819968537,1569.2818318637542
2025-02-19,backward,2025-02-09 05:00:00,-9.791666666666666,0.3656733482791655,7.561436672967865,0.4960471623087928,0.7355073582131463,0.6344066416042324,1569.777879026063
2025-02-19,backward,2025-02-09 04:00:00,-9.833333333333334,0.4926038786011513,9.174311926605505,1.0921975287546444,0.8166244105809853,0.6688884462306633,1570.8700765548176
2025-02-19,backward,2025-02-09 03:00:00,-9.875,0.3929828129018584,8.565310492505352,0.6489664689574849,0.6977960053878152,0.6965774805390365,1571.519043023775
2025-02-19,backward,2025-02-09 02:00:00,-9.916666666666666,0.4360340677153876,9.174311926605505,0.8557489606179794,0.722844620209768,0.7107569860392015,1572.3747919843931
2025-02-19,backward,2025-02-09 01:00:00,-9.958333333333334,0.4044515496941446,9.174311926605505,0.7362724379078475,0.6704880386152424,0.741932126096033,1573.111064422301
2025-02-19,backward,2025-02-09 00:00:00,-10.0,0.4034552260451868,9.876543209876544,0.7887287875599042,0.6212814832282515,0.7198702225936042,1573.899793209861
2025-02-19,backward,2025-02-08 23:00:00,-10.041666666666666,0.5195637595144738,8.565310492505352,1.1343650713989797,0.9225581985541352,0.7136560122032082,1575.03415828126
2025-02-19,backward,2025-02-08 22:00:00,-10.083333333333334,0.3853556949310252,8.565310492505352,0.624020284718982,0.6842529895664129,0.702794880888194,1575.658178565979
2025-02-19,backward,2025-02-08 21:00:00,-10.125,0.3984330491056811,9.174311926605505,0.7145230534583608,0.6605107430454389,0.6972918515497226,1576.3727016194373
2025-02-19,backward,2025-02-08 20:00:00,-10.166666666666666,0.3967241817326802,9.174311926605505,0.7084070614943561,0.6576778323196835,0.7266576409924991,1577.0811086809317
2025-02-19,backward,2025-02-08 19:00:00,-10.208333333333334,0.4139678301204091,9.876543209876544,0.8303672029230581,0.6374698625844132,0.6988884259782876,1577.9114758838548
2025-02-19,backward,2025-02-08 18:00:00,-10.25,0.5178746787808614,9.876543209876544,1.2995301367091965,0.7974762198849109,0.7158016741288552,1579.211006020564
2025-02-19,backward,2025-02-08 17:00:00,-10.291666666666666,0.4559996050667524,9.174311926605505,0.9359108209459777,0.7559429084688666,0.7511705504473838,1580.14691684151
2025-02-19,backward,2025-02-08 16:00:00,-10.333333333333334,0.5102483870352538,9.876543209876544,1.261537842521313,0.7857324784698182,0.808030207777541,1581.4084546840313
2025-02-19,backward,2025-02-08 15:00:00,-10.375,0.491498274760519,8.565310492505352,1.0151241028768825,0.8727240009566106,0.8873551521077666,1582.4235787869081
2025-02-19,backward,2025-02-08 14:00:00,-10.416666666666666,0.6486359641936034,9.876543209876544,2.038633006018936,0.9988357763006265,1.1791855533901092,1584.462211792927
2025-02-19,backward,2025-02-08 13:00:00,-10.458333333333334,0.7230457364453439,9.876543209876544,2.5331945251119388,1.1134195285657664,1.4080006306206363,1586.995406318039
2025-02-19,backward,2025-02-08 12:00:00,-10.5,0.8626180219642556,5.148005148005149,1.8793516973108824,2.548458627578967,1.672320602272432,1588.87475801535
2025-02-19,backward,2025-02-08 11:00:00,-10.541666666666666,0.818554360703644,5.847953216374269,1.9223434224598366,2.1288333718520294,1.8945377122317695,1590.7971014378097
2025-02-19,backward,2025-02-08 10:00:00,-10.583333333333334,0.8361306651472152,5.361930294906166,1.839083721712205,2.3716523083805914,2.0339146870134344,1592.636185159522
2025-02-19,backward,2025-02-08 09:00:00,-10.625,0.8114591720184314,5.594405594405594,1.8072545632542145,2.2060266607126358,2.1622717629065664,1594.4434397227762
2025-02-19,backward,2025-02-08 08:00:00,-10.666666666666666,0.6750175897089262,5.594405594405594,1.2505934875807556,1.8350976249906152,2.088681104844606,1595.694033210357
2025-02-19,backward,2025-02-08 07:00:00,-10.708333333333334,0.7242454463477955,5.847953216374269,1.5048994020917486,1.88356198392456,2.111374242882811,1597.1989326124487
2025-02-19,backward,2025-02-08 06:00:00,-10.75,0.77500207570051,5.594405594405594,1.6485104874539636,2.106914679207205,1.8942930235427697,1598.8474430999026
2025-02-19,backward,2025-02-08 05:00:00,-10.791666666666666,0.7985274351198381,5.361930294906166,1.6773854866522118,2.2649922000812586,1.712420295688166,1600.5248285865548
2025-02-19,backward,2025-02-08 04:00:00,-10.833333333333334,0.7518567214027183,10.6951871657754,2.9661328294635716,1.0691649923403443,1.6296676785602138,1603.4909614160183
2025-02-19,backward,2025-02-08 03:00:00,-10.875,0.7839412823943187,10.6951871657754,3.2246864494358256,1.1147902935850127,1.5717019120418705,1606.7156478654542
2025-02-19,backward,2025-02-08 02:00:00,-10.916666666666666,0.8692643939816748,9.876543209876544,3.661346094692813,1.3385819222229032,1.4364049207399479,1610.376993960147
2025-02-19,backward,2025-02-08 01:00:00,-10.958333333333334,0.99731505625047,9.876543209876544,4.819497426087461,1.535767384814499,1.2919876416259646,1615.1964913862346
2025-02-19,backward,2025-02-08 00:00:00,-11.0,0.841048836975862,9.876543209876544,3.427515526398912,1.295132731395668,1.3390777689603235,1618.6240069126336
2025-02-19,backward,2025-02-07 23:00:00,-11.041666666666666,0.9081672629353124,9.876543209876544,3.9963975762881154,1.3984885253973611,1.3531004885359437,1622.6204044889216
2025-02-19,backward,2025-02-07 22:00:00,-11.083333333333334,0.8777869068938599,9.876543209876544,3.7334917740658544,1.3517057563464974,1.3683099670537215,1626.3538962629875
2025-02-19,backward,2025-02-07 21:00:00,-11.125,0.8431075067327937,10.6951871657754,3.7298067866650952,1.1989266110387333,1.3429735877407476,1630.0837030496525
2025-02-19,backward,2025-02-07 20:00:00,-11.166666666666666,0.9285258761832782,9.876543209876544,4.177582391530534,1.4298387933295702,1.379655681110661,1634.261285441183
2025-02-19,backward,2025-02-07 19:00:00,-11.208333333333334,0.9730781270828076,10.6951871657754,4.9683918845947,1.3837491089366554,1.3766990064516795,1639.2296773257776
2025-02-19,backward,2025-02-07 18:00:00,-11.25,1.0655346257143403,10.6951871657754,5.957383481920889,1.5152252916151498,1.4406243737484143,1645.1870608076986
2025-02-19,backward,2025-02-07 17:00:00,-11.291666666666666,0.9709680271704784,10.6951871657754,4.9468675361735475,1.3807484774434715,1.5858519846909223,1650.1339283438722
2025-02-19,backward,2025-02-07 16:00:00,-11.333333333333334,1.1268626402832982,9.876543209876544,6.152887335505576,1.7352579601269071,1.6515084238933495,1656.2868156793777
2025-02-19,backward,2025-02-07 15:00:00,-11.375,1.1659414444081606,8.565310492505352,5.712531714032845,2.0702922766937792,1.7677199861666766,1661.9993473934105
2025-02-19,backward,2025-02-07 14:00:00,-11.416666666666666,1.1843464750728043,9.876543209876544,6.796644352348284,1.8237774285441344,1.8631080234487591,1668.7959917457588
2025-02-19,backward,2025-02-07 13:00:00,-11.458333333333334,1.1719821991947397,8.565310492505352,5.7718784275809165,2.081018482576617,1.9187941232293515,1674.5678701733398
2025-02-19,backward,2025-02-07 12:00:00,-11.5,1.102478765479045,8.032128514056225,4.78964305207846,2.0875535153076448,1.875762832963595,1679.3575132254182
2025-02-19,backward,2025-02-07 11:00:00,-11.541666666666666,0.9056545464478944,8.032128514056225,3.232122595414748,1.7148650761270263,1.7856384112881676,1682.5896358208329
2025-02-19,backward,2025-02-07 10:00:00,-11.583333333333334,0.7800703259161442,8.032128514056225,2.3978951932502173,1.4770702185323668,1.7510256548565148,1684.987531014083
2025-02-19,backward,2025-02-07 09:00:00,-11.625,0.7183505063287354,7.142857142857142,1.8083263148403967,1.5295457466412148,1.676894669389073,1686.7958573289234
2025-02-19,backward,2025-02-07 08:00:00,-11.666666666666666,0.7191888523590096,6.768189509306261,1.717475055406442,1.6161008899542184,1.6442090205527358,1688.5133323843297
2025-02-19,backward,2025-02-07 07:00:00,-11.708333333333334,0.7684559272243657,7.142857142857142,2.0693880042279544,1.6362325697719657,1.7130568938444248,1690.5827203885576
2025-02-19,backward,2025-02-07 06:00:00,-11.75,0.8883138103882399,7.142857142857142,2.7652654396148257,1.8914396222896233,1.8561766211537505,1693.3479858281723
2025-02-19,backward,2025-02-07 05:00:00,-11.791666666666666,1.0579573944924503,7.561436672967865,4.152146893942257,2.12795231587716,2.016576868175937,1697.5001327221146
2025-02-19,backward,2025-02-07 04:00:00,-11.833333333333334,1.1612876774873258,7.561436672967865,5.002832796389148,2.335788582388322,2.17394294136548,1702.5029655185037
2025-02-19,backward,2025-02-07 03:00:00,-11.875,1.3160471740113358,8.032128514056225,6.825046206019633,2.4919472287743343,2.3514692732070803,1709.3280117245233
2025-02-19,backward,2025-02-07 02:00:00,-11.916666666666666,1.27290704364071,7.561436672967865,6.010764767464371,2.5602973290914766,2.522400486291906,1715.3387764919878
2025-02-19,backward,2025-02-07 01:00:00,-11.958333333333334,1.4266583868305778,8.032128514056225,8.020522650799139,2.701390560821567,2.717122594011606,1723.359299142787
2025-02-19,backward,2025-02-07 00:00:00,-12.0,1.4502628449929054,7.561436672967865,7.802428439261106,2.9170269007985787,2.93674248084633,1731.1617275820481
2025-02-19,backward,2025-02-06 23:00:00,-12.041666666666666,1.7408340189318312,8.032128514056225,11.942009490504935,3.296284962195358,3.209160043035847,1743.103737072553
2025-02-19,backward,2025-02-06 22:00:00,-12.083333333333334,1.8164202615798837,7.561436672967865,12.239650818044893,3.653507903396665,3.49946784568791,1755.343387890598
2025-02-19,backward,2025-02-06 21:00:00,-12.125,1.836332576468419,6.768189509306261,11.197142911319617,4.126452601911436,3.7942249531288543,1766.5405308019176
2025-02-19,backward,2025-02-06 20:00:00,-12.166666666666666,1.9145179175144225,6.768189509306261,12.170920180629983,4.3021441450038544,4.050285285075812,1778.7114509825476
2025-02-19,backward,2025-02-06 19:00:00,-12.208333333333334,1.8003204336276142,6.125574272588055,9.740437522721123,4.469933205467236,4.196676641879493,1788.4518885052687
2025-02-19,backward,2025-02-06 18:00:00,-12.25,1.793657008613961,6.125574272588055,9.668467489157509,4.453388892480324,4.2319353196617415,1798.1203559944263
2025-02-19,backward,2025-02-06 17:00:00,-12.291666666666666,1.3588418387086534,4.950495049504951,4.484546015919422,4.174633103017445,4.171269227317892,1802.6049020103458
2025-02-19,backward,2025-02-06 16:00:00,-12.333333333333334,1.2580758756213437,4.950495049504951,3.8440969580360997,3.8650599700901553,4.0490841418864445,1806.4489989683818
2025-02-19,backward,2025-02-06 15:00:00,-12.375,1.13740240240102,4.597701149425287,2.918105940025344,3.7624560478483406,3.8338985627904107,1809.367104908407
2025-02-19,backward,2025-02-06 14:00:00,-12.416666666666666,0.944335279099012,4.024144869215292,1.7605893470337222,3.5690336324151652,3.5486181393170835,1811.127694255441
2025-02-19,backward,2025-02-06 13:00:00,-12.458333333333334,0.7917060074265005,3.787878787878788,1.1648124054909308,3.1788197308910306,3.1140210922833043,1812.2925066609318
2025-02-19,backward,2025-02-06 12:00:00,-12.5,0.611083967155047,3.389830508474576,0.6210288792164166,2.741706351640366,2.7063426870787985,1812.9135355401484
2025-02-19,backward,2025-02-06 11:00:00,-12.541666666666666,0.414628027260997,4.024144869215292,0.3394086850464772,1.5670508208147687,2.3507606166410366,1813.2529442251948
2025-02-19,backward,2025-02-06 10:00:00,-12.583333333333334,0.461880674664178,4.950495049504951,0.5181317992918412,1.4189895388631217,2.0350101827317637,1813.7710760244868
2025-02-19,backward,2025-02-06 09:00:00,-12.625,0.5302271775897934,4.950495049504951,0.6828174836956163,1.6289636252217683,1.7865324795181534,1814.4538935081823
2025-02-19,backward,2025-02-06 08:00:00,-12.666666666666666,0.5450593540115828,4.950495049504951,0.7215530360043736,1.6745310289595279,1.595915808663248,1815.1754465441868
2025-02-19,backward,2025-02-06 07:00:00,-12.708333333333334,0.529127677540318,4.767580452920143,0.6548638578884967,1.687953511609368,1.597555439503105,1815.8303104020754
2025-02-19,backward,2025-02-06 06:00:00,-12.75,0.5633802593970387,5.361930294906166,0.83494226973682,1.5980063265109317,1.6424130552974165,1816.6652526718121
2025-02-19,backward,2025-02-06 05:00:00,-12.791666666666666,0.5800386483353552,5.594405594405594,0.9234212122667711,1.5768886058539127,1.6688105715954868,1817.5886738840788
2025-02-19,backward,2025-02-06 04:00:00,-12.833333333333334,0.6209593217215257,5.594405594405594,1.0583085018761866,1.688135233628989,1.7891815385428016,1818.646982385955
2025-02-19,backward,2025-02-06 03:00:00,-12.875,0.6301332920258365,5.361930294906166,1.0445230980749558,1.7873487230101905,1.8913922747313983,1819.69150548403
2025-02-19,backward,2025-02-06 02:00:00,-12.916666666666666,0.8816168670849858,5.594405594405594,2.1332696957229063,2.396756830643417,2.0099079490358442,1821.8247751797528
2025-02-19,backward,2025-02-06 01:00:00,-12.958333333333334,0.811298886690811,5.361930294906166,1.7314699447156157,2.301217928740948,2.1434590565321323,1823.5562451244684
2025-02-19,backward,2025-02-06 00:00:00,-13.0,0.8140778576150779,5.361930294906166,1.7433519910567654,2.3091003723376073,2.2889430718893298,1825.299597115525
2025-02-19,backward,2025-02-05 23:00:00,-13.041666666666666,0.8747892233154622,5.594405594405594,2.1003556118717537,2.378195250831641,2.391274406472289,1827.3999527273968
2025-02-19,backward,2025-02-05 22:00:00,-13.083333333333334,0.9420461174872636,5.594405594405594,2.4357365386163523,2.561039325772176,2.5053126291700365,1829.835689266013
2025-02-19,backward,2025-02-05 21:00:00,-13.125,0.9233341971546912,5.847953216374269,2.4459848590743283,2.401336730507943,2.6557573697266057,1832.2816741250874
2025-02-19,backward,2025-02-05 20:00:00,-13.166666666666666,1.002860084864702,4.950495049504951,2.4426506394570002,3.0809861668299017,2.8927562761814642,1834.7243247645445
2025-02-19,backward,2025-02-05 19:00:00,-13.208333333333334,1.1785093213196356,5.594405594405594,3.811992405867445,3.2038863720803668,3.0139303410830465,1838.5363171704118
2025-02-19,backward,2025-02-05 18:00:00,-13.25,1.2629236858057455,5.148005148005149,4.028331689593221,3.731093811066756,3.110995198577084,1842.564648860005
2025-02-19,backward,2025-02-05 17:00:00,-13.291666666666666,1.142223361242105,5.594405594405594,3.5808659180564004,3.1052396402411357,3.205682146048924,1846.1455147780614
2025-02-19,backward,2025-02-05 16:00:00,-13.333333333333334,1.2086747212360562,5.847953216374269,4.191358427053619,3.143428470736398,3.1877498189485434,1850.3368732051151
2025-02-19,backward,2025-02-05 15:00:00,-13.375,1.0922779447623443,5.594405594405594,3.2745551708158365,2.969458415338984,3.050693155170226,1853.611428375931
2025-02-19,backward,2025-02-05 14:00:00,-13.416666666666666,1.0937249395477278,5.594405594405594,3.283236848929413,2.97339220422762,2.8580868381828473,1856.8946652248603
2025-02-19,backward,2025-02-05 13:00:00,-13.458333333333334,0.9591970240726552,6.125574272588055,2.764995882421378,2.3815463894104596,2.75480497240156,1859.6596611072816
2025-02-19,backward,2025-02-05 12:00:00,-13.5,1.0372964619393086,6.125574272588055,3.2335876441822156,2.5754559091424833,2.662527772559049,1862.893248751464
2025-02-19,backward,2025-02-05 11:00:00,-13.541666666666666,1.0509784382742409,6.430868167202571,3.484891430622008,2.4855484455534165,2.6146105331712017,1866.3781401820859
2025-02-19,backward,2025-02-05 10:00:00,-13.583333333333334,1.0950450254138957,6.430868167202571,3.783254813654428,2.5897652716813306,2.581642555028328,1870.1613949957402
2025-02-19,backward,2025-02-05 09:00:00,-13.625,1.0801902688117988,6.125574272588055,3.506544579317021,2.6819549790118984,2.648727698133545,1873.6679395750573
2025-02-19,backward,2025-02-05 08:00:00,-13.666666666666666,1.117900640687916,6.125574272588055,3.755651222158592,2.775584335370379,2.7286659923920347,1877.4235907972159
2025-02-19,backward,2025-02-05 07:00:00,-13.708333333333334,1.3075312969034771,7.142857142857142,5.99112227779948,2.784057248041761,2.8201120770746595,1883.4147130750152
2025-02-19,backward,2025-02-05 06:00:00,-13.75,1.434819681668846,7.142857142857142,7.214373927990513,3.055085674693421,2.94677668356578,1890.6290870030057
2025-02-19,backward,2025-02-05 05:00:00,-13.791666666666666,1.6024348868449796,8.032128514056225,10.118670757097712,3.034224953649166,3.1146743383777937,1900.7477577601035
2025-02-19,backward,2025-02-05 04:00:00,-13.833333333333334,1.7690715119342988,8.032128514056225,12.332566328460073,3.3497529106280544,3.2110717906044637,1913.0803240885634
2025-02-19,backward,2025-02-05 03:00:00,-13.875,1.9484147255290136,8.032128514056225,14.959789700072651,3.6893409078839823,3.2778508006107163,1928.040113788636
2025-02-19,backward,2025-02-05 02:00:00,-13.916666666666666,1.7712981387949152,8.032128514056225,12.36363042555821,3.3539690487303955,3.26500131200404,1940.4037442141944
2025-02-19,backward,2025-02-05 01:00:00,-13.958333333333334,1.4172526410738069,6.768189509306261,6.669589332641672,3.1847313080792814,3.302385577411973,1947.073333546836
2025-02-19,backward,2025-02-05 00:00:00,-14.0,1.32524913498146,6.768189509306261,5.831759463271927,2.97798874305336,3.289730184377934,1952.905093010108
2025-02-19,backward,2025-02-04 23:00:00,-14.041666666666666,1.4500943959572328,6.768189509306261,6.98227729211941,3.258530546096764,3.3406674000214913,1959.8873703022273
2025-02-19,backward,2025-02-04 22:00:00,-14.083333333333334,1.5375484235285966,7.142857142857142,8.284410347635237,3.273820552423818,3.3531558759209665,1968.1717806498625
2025-02-19,backward,2025-02-04 21:00:00,-14.125,1.6090208406729765,6.125574272588055,7.780404602797752,3.9949642017453284,3.35546073319218,1975.9521852526602
2025-02-19,backward,2025-02-04 20:00:00,-14.166666666666666,1.3184408916409809,5.847953216374269,4.987205359202654,3.428899904127248,3.379691314018428,1980.9393906118628
2025-02-19,backward,2025-02-04 19:00:00,-14.208333333333334,1.1276587502090996,5.361930294906166,3.3450959983424036,3.1985604517065607,3.3574973110271316,1984.2844866102052
2025-02-19,backward,2025-02-04 18:00:00,-14.25,1.2009629269925983,5.847953216374269,4.1380442025032345,3.123372228010848,3.328721388600815,1988.4225308127084
2025-02-19,backward,2025-02-04 17:00:00,-14.291666666666666,1.2587797097997728,6.125574272588055,4.761878513805208,3.1253665281489877,3.256943061525163,1993.1844093265136
2025-02-19,backward,2025-02-04 16:00:00,-14.333333333333334,1.1924240676607465,5.847953216374269,4.079410312360169,3.101165017865916,3.2410061382804187,1997.2638196388737
2025-02-19,backward,2025-02-04 15:00:00,-14.375,1.3110808240690777,5.594405594405594,4.717858528753178,3.564294239291417,2.827113443239831,2001.9816781676268
2025-02-19,backward,2025-02-04 14:00:00,-14.416666666666666,1.0448924259801888,4.767580452920143,2.5537196972936815,3.333278364658784,2.503664559740874,2004.5353978649205
2025-02-19,backward,2025-02-04 13:00:00,-14.458333333333334,0.5029449617658333,10.6951871657754,1.3272763210964484,0.7152042814630316,2.2379953995773874,2005.8626741860169
2025-02-19,backward,2025-02-04 12:00:00,-14.5,0.5000787870057161,6.430868167202571,0.7890027284542701,1.1826789270171085,1.9617163936592974,2006.6516769144712
2025-02-19,backward,2025-02-04 11:00:00,-14.541666666666666,0.6167706296076886,6.125574272588055,1.1432105212144203,1.531351567168067,1.635481968945487,2007.7948874356855
2025-02-19,backward,2025-02-04 10:00:00,-14.583333333333334,0.6103594162547583,6.430868167202571,1.1753654978079662,1.4434909823573765,1.361954975677466,2008.9702529334934
2025-02-19,backward,2025-02-04 09:00:00,-14.625,0.679449366195014,6.430868167202571,1.4565179319673223,1.606887691008554,1.5211785654184624,2010.4267708654606
2025-02-19,backward,2025-02-04 08:00:00,-14.666666666666666,0.7154871030334724,6.430868167202571,1.615121728279117,1.6921164050506592,1.6086022895550423,2012.0418925937397
2025-02-19,backward,2025-02-04 07:00:00,-14.708333333333334,0.7063662911155277,6.430868167202571,1.5742060307603327,1.6705458199090095,1.6519026981207114,2013.6160986245
2025-02-19,backward,2025-02-04 06:00:00,-14.75,0.7597387730229052,6.768189509306261,1.9166072472858713,1.7072212718365858,1.69590062739474,2015.5327058717858
2025-02-19,backward,2025-02-04 05:00:00,-14.791666666666666,0.7573637345531086,6.430868167202571,1.8097169386835479,1.7911540185620838,1.734137753300641,2017.3424228104693
2025-02-19,backward,2025-02-04 04:00:00,-14.833333333333334,0.7598532691802037,6.768189509306261,1.9171849740211235,1.7074785580015472,1.7909026662349126,2019.2596077844905
2025-02-19,backward,2025-02-04 03:00:00,-14.875,0.8624224165092526,7.142857142857142,2.606418026058448,1.8363104464439608,1.803398204969944,2021.866025810549
2025-02-19,backward,2025-02-04 02:00:00,-14.916666666666666,0.8595004687383212,6.430868167202571,2.3307402484153372,2.032705882656287,1.8017134066530989,2024.1967660589644
2025-02-19,backward,2025-02-04 01:00:00,-14.958333333333334,0.7767818530461884,6.768189509306261,2.003561538947966,1.7455190523192006,1.7565537622540086,2026.2003275979123
2025-02-19,backward,2025-02-04 00:00:00,-15.0,0.755240211668919,6.768189509306261,1.893977234443154,1.6971124819355132,1.7609235670155778,2028.0943048323554
2025-02-19,backward,2025-02-03 23:00:00,-15.041666666666666,0.5845282237374357,5.847953216374269,0.980272669822911,1.5201961521675431,1.7900196388978438,2029.0745775021783
2025-02-19,backward,2025-02-03 22:00:00,-15.083333333333334,0.6666212464921909,5.847953216374269,1.2749531484654513,1.7336973865709637,1.7438504897322522,2030.3495306506438
2025-02-19,backward,2025-02-03 21:00:00,-15.125,0.7732029403606241,5.847953216374269,1.715232183462009,2.010886877737555,1.7350568285715553,2032.0647628341057
2025-02-19,backward,2025-02-03 20:00:00,-15.166666666666666,0.6750779713440689,5.847953216374269,1.3075063187725633,1.755690987662738,1.7371376672095875,2033.3722691528783
2025-02-19,backward,2025-02-03 19:00:00,-15.208333333333334,0.6508793558717529,5.847953216374269,1.2154494944266008,1.6927570853550185,1.7970560850515784,2034.5877186473049
2025-02-19,backward,2025-02-03 18:00:00,-15.25,0.6573546424264993,5.847953216374269,1.2397536393795834,1.7095975137637063,1.8808965263171888,2035.8274722866845
2025-02-19,backward,2025-02-03 17:00:00,-15.291666666666666,0.6914264621058764,5.594405594405594,1.3121333576862504,1.879706659219489,1.9373006680936742,2037.1396056443707
2025-02-19,backward,2025-02-03 16:00:00,-15.333333333333334,0.8600453811624734,5.847953216374269,2.122162611179502,2.236740034164626,2.0045436089333113,2039.2617682555501
2025-02-19,backward,2025-02-03 15:00:00,-15.375,0.8641647827238643,5.594405594405594,2.049647183458305,2.349311728396467,2.106991480891475,2041.3114154390084
2025-02-19,backward,2025-02-03 14:00:00,-15.416666666666666,0.8302108338177644,5.847953216374269,1.9774828052276632,2.1591486327005627,2.237174235138744,2043.2888982442362
2025-02-19,backward,2025-02-03 13:00:00,-15.458333333333334,0.9293515054004076,6.125574272588055,2.5956065238487196,2.307444317103999,2.343565743182919,2045.884504768085
2025-02-19,backward,2025-02-03 12:00:00,-15.5,1.0031575790186191,6.125574272588055,3.0242463200163225,2.49069403924732,2.3911366511757928,2048.9087510881013
2025-02-19,backward,2025-02-03 11:00:00,-15.541666666666666,1.064723666792343,6.430868167202571,3.576641863680065,2.518055707484541,2.4355247701834846,2052.4853929517813
2025-02-19,backward,2025-02-03 10:00:00,-15.583333333333334,1.015833088713818,6.125574272588055,3.101155571893129,2.522165482121867,2.6176372916665156,2055.5865485236745
2025-02-19,backward,2025-02-03 09:00:00,-15.625,1.053481275691678,6.125574272588055,3.335281430321135,2.6156404424426167,2.8208894140921212,2058.9218299539957
2025-02-19,backward,2025-02-03 08:00:00,-15.666666666666666,1.3097119118920024,6.125574272588055,5.15502052094424,3.25182376159875,3.0373102301728143,2064.07685047494
2025-02-19,backward,2025-02-03 07:00:00,-15.708333333333334,1.3561446907125487,5.847953216374269,5.276524745093204,3.5269570516576327,3.2491687814900927,2069.3533752200333
2025-02-19,backward,2025-02-03 06:00:00,-15.75,1.3938165458036411,5.594405594405594,5.332086845852165,3.789218935731478,3.5661889179160755,2074.6854620658855
2025-02-19,backward,2025-02-03 05:00:00,-15.791666666666666,1.3358923527540152,5.361930294906166,4.694573304636595,3.7892070153882114,3.555840106816642,2079.380035370522
2025-02-19,backward,2025-02-03 04:00:00,-15.833333333333334,1.3374757879706265,4.597701149425287,4.035010134366902,4.424286300677762,3.3077992647617056,2083.415045504889
2025-02-19,backward,2025-02-03 03:00:00,-15.875,1.1992725278544951,7.142857142857142,5.040107137315583,2.5535475758460167,3.0452460002389086,2088.4551526422047
2025-02-19,backward,2025-02-03 02:00:00,-15.916666666666666,0.8768011963048329,7.561436672967865,2.8519284141195835,1.763578709269136,2.7425442031233964,2091.307081056324
2025-02-19,backward,2025-02-03 01:00:00,-15.958333333333334,0.8685076018795831,6.768189509306261,2.504677371226975,1.951637464520851,2.439074528220267,2093.811758427551
2025-02-19,backward,2025-02-03 00:00:00,-16.0,0.8780178750590597,6.768189509306261,2.559830792936064,1.9730081530384027,2.0376407482339616,2096.3715892204873
2025-02-19,backward,2025-02-02 23:00:00,-16.041666666666668,0.9244530367666848,7.142857142857142,2.9948405486697314,1.9683889659694318,1.9784683325560524,2099.366429769157
2025-02-19,backward,2025-02-02 22:00:00,-16.083333333333332,1.0021405910410393,7.561436672967865,3.725577991359119,2.0156836207599316,2.0460018017992385,2103.092007760516
2025-02-19,backward,2025-02-02 21:00:00,-16.125,1.0930382012800155,7.561436672967865,4.432074317301548,2.198513081778562,2.111628702908354,2107.5240820778176
2025-02-19,backward,2025-02-02 20:00:00,-16.166666666666668,1.145375845690004,8.032128514056225,5.169621210060359,2.168779524728253,2.3217432486996894,2112.693703287878
2025-02-19,backward,2025-02-02 19:00:00,-16.208333333333332,1.2386520551874307,8.032128514056225,6.0459052563778215,2.345398871175544,2.4361774837164925,2118.739608544256
2025-02-19,backward,2025-02-02 18:00:00,-16.25,1.3024105030588564,6.125574272588055,5.097704103592478,3.233695427786414,2.5229528416196993,2123.8373126478486
2025-02-19,backward,2025-02-02 17:00:00,-16.291666666666668,1.3199877231936712,7.561436672967865,6.463624772130333,2.6549943760702517,2.607883308786769,2130.300937419979
2025-02-19,backward,2025-02-02 16:00:00,-16.333333333333332,1.260994036774152,7.561436672967865,5.898782978427018,2.536335768179173,2.705129548681002,2136.199720398406
2025-02-19,backward,2025-02-02 15:00:00,-16.375,1.205142812283807,6.768189509306261,4.822603685397142,2.7080958847809806,2.7880419319553273,2141.022324083803
2025-02-19,backward,2025-02-02 14:00:00,-16.416666666666668,1.2247951472012828,6.768189509306261,4.981171078456997,2.752256964093646,2.829757210528639,2146.00349516226
2025-02-19,backward,2025-02-02 13:00:00,-16.458333333333332,1.3351541699046905,7.142857142857142,6.246932750880373,2.8428731708214987,2.9934913994582364,2152.2504279131404
2025-02-19,backward,2025-02-02 12:00:00,-16.5,1.5504259041631527,6.768189509306261,7.981905387822987,3.4839870992262822,3.183987689768896,2160.2323333009635
2025-02-19,backward,2025-02-02 11:00:00,-16.541666666666668,1.8084116261641303,7.561436672967865,12.13195899081419,3.637399509647837,3.3673675876836477,2172.364292291778
2025-02-19,backward,2025-02-02 10:00:00,-16.583333333333332,1.829250075559872,7.561436672967865,12.413164652371185,3.679313510043128,3.5503853100883886,2184.777456944149
2025-02-19,backward,2025-02-02 09:00:00,-16.625,1.8934159145567528,7.561436672967865,13.299288249144531,3.808375272269497,3.7594640035458475,2198.0767451932934
2025-02-19,backward,2025-02-02 08:00:00,-16.666666666666668,2.0334538707022687,8.032128514056225,16.294135804204533,3.8503632985220904,3.9228501558418407,2214.370880997498
2025-02-19,backward,2025-02-02 07:00:00,-16.708333333333332,2.1638900223455013,8.032128514056225,18.451558345027756,4.097345331566252,4.058319632269963,2232.8224393425257
2025-02-19,backward,2025-02-02 06:00:00,-16.75,2.096658472090679,7.142857142857142,15.404917770911343,4.464304013002243,4.223072201616327,2248.227357113437
2025-02-19,backward,2025-02-02 05:00:00,-16.791666666666668,2.0900422157367946,7.142857142857142,15.30784705432516,4.450216368216563,4.309076353298665,2263.535204167762
2025-02-19,backward,2025-02-02 04:00:00,-16.833333333333332,2.3207118372763764,7.561436672967865,19.979231895989773,4.66782892612132,4.375403982981737,2283.514436063752
2025-02-19,backward,2025-02-02 03:00:00,-16.875,2.283802230472109,8.032128514056225,20.553210377334263,4.3244001823635205,4.345078028657229,2304.0676464410863
2025-02-19,backward,2025-02-02 02:00:00,-16.916666666666668,2.3925621496431693,8.565310492505352,24.054791673955652,4.248329076620522,4.217849531001304,2328.122438115042
2025-02-19,backward,2025-02-02 01:00:00,-16.958333333333332,2.205058224670944,8.565310492505352,20.432206410665678,3.915389605619202,4.23041140170801,2348.5546445257073
2025-02-19,backward,2025-02-02 00:00:00,-17.0,1.954536755528309,8.032128514056225,15.053946412848674,3.7009330270666996,4.107272417000321,2363.608590938556
2025-02-19,backward,2025-02-01 23:00:00,-17.041666666666668,2.390053325777262,8.032128514056225,22.510122773588662,4.5255875924567945,4.177381692373281,2386.1187137121447
2025-02-19,backward,2025-02-01 22:00:00,-17.083333333333332,2.212720482892207,8.565310492505352,20.57445104255611,3.9289950178751902,4.22011078301878,2406.693164754701
2025-02-19,backward,2025-02-01 21:00:00,-17.125,2.505958894131347,8.032128514056225,24.74631676417806,4.745055834601273,4.51469260465442,2431.439481518879
2025-02-19,backward,2025-02-01 20:00:00,-17.166666666666668,2.5369464519746865,8.565310492505352,27.045670042123916,4.5047036204935145,4.866773758514649,2458.485151561003
2025-02-19,backward,2025-02-01 19:00:00,-17.208333333333332,3.001242876471027,8.032128514056225,35.49481905339374,5.682880535433046,5.0250449466579745,2493.9799706143967
2025-02-19,backward,2025-02-01 18:00:00,-17.25,3.2739856734357597,8.565310492505352,45.04314368988891,5.813419950228072,5.370527748383618,2539.0231143042856
2025-02-19,backward,2025-02-01 17:00:00,-17.291666666666668,3.0835161935742046,8.565310492505352,39.95467582187026,5.47521472131675,5.583296207764253,2578.977790126156
2025-02-19,backward,2025-02-01 16:00:00,-17.333333333333332,3.169719120877045,8.032128514056225,39.59170833027482,6.00189182822905,5.835242309365179,2618.5694984564307
2025-02-19,backward,2025-02-01 15:00:00,-17.375,2.993801435051884,7.561436672967865,33.24928703979768,6.021666590885086,5.822343559512689,2651.8187854962284
2025-02-19,backward,2025-02-01 14:00:00,-17.416666666666668,2.8255904042415287,7.142857142857142,27.978370170501652,6.01638023009907,5.674878422287358,2679.7971556667303
2025-02-19,backward,2025-02-01 13:00:00,-17.458333333333332,2.3702000549270466,6.430868167202571,17.724404297095944,5.605488036318105,5.597235720840739,2697.5215599638263
2025-02-19,backward,2025-02-01 12:00:00,-17.5,1.8950994086425996,5.847953216374269,10.30385919415918,4.928629126876085,5.344294351309551,2707.8254191579854
2025-02-19,backward,2025-02-01 11:00:00,-17.541666666666668,1.5143449742143091,4.597701149425287,5.172761004603236,5.0093585126370375,4.58714131764075,2712.9981801625886
2025-02-19,backward,2025-02-01 10:00:00,-17.583333333333332,1.308959970746121,4.439511653718091,3.7318137887172074,4.484243611041923,4.296407526290185,2716.729993951306
2025-02-19,backward,2025-02-01 09:00:00,-17.625,0.8327974034619864,8.565310492505352,2.9144316132575785,1.4787483888722774,3.731152031604063,2719.6444255645633
2025-02-19,backward,2025-02-01 08:00:00,-17.666666666666668,1.1303281121044406,4.024144869215292,2.522404301387141,4.271977481995683,3.258176924051252,2722.1668298659506
2025-02-19,backward,2025-02-01 07:00:00,-17.708333333333332,1.0397830517484916,7.142857142857142,3.7886934424458394,2.2139550682013747,2.7287870354661314,2725.9555233083966
2025-02-19,backward,2025-02-01 06:00:00,-17.75,0.8840556325737787,6.430868167202571,2.46581693603203,2.0907784815592203,2.214557749664515,2728.4213402444284
2025-02-19,backward,2025-02-01 05:00:00,-17.791666666666668,0.7382709618516778,6.125574272588055,1.6379868737056194,1.8330191811263086,2.137720782313154,2730.059327118134
2025-02-19,backward,2025-02-01 04:00:00,-17.833333333333332,0.5914911856030135,6.430868167202571,1.1038198365524379,1.3988678962322258,1.6316876457875862,2731.1631469546865
2025-02-19,backward,2025-02-01 03:00:00,-17.875,0.4779748556556272,7.142857142857142,0.8005972596485388,1.0177265847641102,1.5042113473468082,2731.963744214335
2025-02-19,backward,2025-02-01 02:00:00,-17.916666666666668,0.4977250164353194,6.125574272588055,0.7444881384440779,1.2357786628422764,1.4460839922305215,2732.708232352779
2025-02-19,backward,2025-02-01 01:00:00,-17.958333333333332,0.5571901076484393,5.847953216374269,0.8907231048150759,1.4490972775567084,1.4416434344603315,2733.598955457594
2025-02-19,backward,2025-02-01 00:00:00,-18.0,0.70161765005629,6.125574272588055,1.4793803809753725,1.7420143508614998,1.5001803437465082,2735.0783358385693
2025-02-19,backward,2025-01-31 23:00:00,-18.041666666666668,0.6644526401816714,5.594405594405594,1.2117528388235739,1.8063758345051684,1.5958604970731038,2736.2900886773928
2025-02-19,backward,2025-01-31 22:00:00,-18.083333333333332,0.7400001304510928,6.430868167202571,1.7276876654801512,1.7500893519492864,1.7245007205092262,2738.017776342873
2025-02-19,backward,2025-01-31 21:00:00,-18.125,0.6730729261546236,6.430868167202571,1.4293081944538752,1.5918075047236844,1.8142019667018108,2739.4470845373266
2025-02-19,backward,2025-01-31 20:00:00,-18.166666666666668,0.8488932652502313,6.430868167202571,2.273567310402401,2.00762000345901,1.925723491347383,2741.720651847729
2025-02-19,backward,2025-01-31 19:00:00,-18.208333333333332,0.800411369319273,6.125574272588055,1.9253307240959803,1.9873047547122171,1.9930654401259174,2743.6459825718252
2025-02-19,backward,2025-01-31 18:00:00,-18.25,0.9711176229370826,6.125574272588055,2.8341479267398113,2.4111434987349325,2.08374631458141,2746.480130498565
2025-02-19,backward,2025-01-31 17:00:00,-18.291666666666668,0.9346475119349232,6.430868167202571,2.75611508754819,2.2104275271763734,2.1768606094047325,2749.236245586113
2025-02-19,backward,2025-01-31 16:00:00,-18.333333333333332,0.8821294549385755,5.847953216374269,2.2325467945143673,2.2941745986822406,2.203032296549331,2751.4687923806273
2025-02-19,backward,2025-01-31 15:00:00,-18.375,0.8661375472501425,6.125574272588055,2.2545121236161383,2.150493273663622,2.2676799257602176,2753.7233045042435
2025-02-19,backward,2025-01-31 14:00:00,-18.416666666666668,0.7962393340482787,5.594405594405594,1.7400961200579794,2.164650126326602,2.1163580449858763,2755.4634006243014
2025-02-19,backward,2025-01-31 13:00:00,-18.458333333333332,0.744557856717571,4.767580452920143,1.2966625430297396,2.3751905299775324,2.023386351504584,2756.7600631673313
2025-02-19,backward,2025-01-31 12:00:00,-18.5,0.5529377139161678,5.594405594405594,0.8391476994223009,1.5032122140888882,1.8835325886853542,2757.5992108667538
2025-02-19,backward,2025-01-31 11:00:00,-18.541666666666668,0.5826264373629662,5.361930294906166,0.8929632217024172,1.6525973662886186,2.023332380162639,2758.492174088456
2025-02-19,backward,2025-01-31 10:00:00,-18.583333333333332,0.492514998394938,5.148005148005149,0.6126464578989581,1.4550520217668614,2.1343873922850496,2759.104820546355
2025-02-19,backward,2025-01-31 09:00:00,-18.625,0.8435569139313838,4.291845493562232,1.498321084857565,2.9892920225273314,1.8706181489959928,2760.6031416312126
2025-02-19,backward,2025-01-31 08:00:00,-18.666666666666668,0.6849663650852058,3.679852805887765,0.8470342532582851,2.8309801990610635,1.7239116915989132,2761.450175884471
2025-02-19,backward,2025-01-31 07:00:00,-18.708333333333332,0.3940457922848323,7.561436672967865,0.5760096263864242,0.792575070243193,1.6703993795948573,2762.0261855108574
2025-02-19,backward,2025-01-31 06:00:00,-18.75,0.4045539885311762,9.876543209876544,0.7930306561362589,0.6229734697064105,1.6795047907578773,2762.8192161669936
2025-02-19,backward,2025-01-31 05:00:00,-18.791666666666668,0.5119819977555011,5.847953216374269,0.7520475562228376,1.3315234942642822,1.4869640166994282,2763.5712637232164
2025-02-19,backward,2025-01-31 04:00:00,-18.833333333333332,0.5553184587761661,5.594405594405594,0.8463893738734648,1.5096844887449836,1.264029907673821,2764.41765309709
2025-02-19,backward,2025-01-31 03:00:00,-18.875,0.6465969943433413,5.361930294906166,1.0998173342334774,1.8340473781766369,1.4129625809208564,2765.5174704313235
2025-02-19,backward,2025-01-31 02:00:00,-18.916666666666668,0.6014753207694896,6.125574272588055,1.0872125786876317,1.4933755449074189,1.5627264060783388,2766.6046830100113
2025-02-19,backward,2025-01-31 01:00:00,-18.958333333333332,0.5707456152609378,5.148005148005149,0.8227278020050258,1.6861711097254053,1.614685539256377,2767.427410812016
2025-02-19,backward,2025-01-31 00:00:00,-19.0,0.5364276953930438,5.361930294906166,0.7569646202516094,1.5215564206513066,1.631932240747043,2768.1843754322676
2025-02-19,backward,2025-01-30 23:00:00,-19.041666666666668,0.6318543436242527,5.847953216374269,1.1454334820720469,1.6432782933325112,1.619659926918674,2769.3298089143395
2025-02-19,backward,2025-01-30 22:00:00,-19.083333333333332,0.6497218715715927,6.125574272588055,1.2686266104798232,1.6131646976889789,1.6984049881555017,2770.5984355248193
2025-02-19,backward,2025-01-30 21:00:00,-19.125,0.7090281311536171,6.125574272588055,1.5107958263967365,1.7604134952064232,1.7564330838381357,2772.109231351216
2025-02-19,backward,2025-01-30 20:00:00,-19.166666666666668,0.7917685573017794,6.125574272588055,1.8839759117091581,1.9658459123283858,1.823877219763273,2773.993207262925
2025-02-19,backward,2025-01-30 19:00:00,-19.208333333333332,0.8601912980801637,6.430868167202571,2.3344884507547117,2.0343396838212082,1.9027111123522154,2776.3276957136795
2025-02-19,backward,2025-01-30 18:00:00,-19.25,0.8571970035193827,6.768189509306261,2.4398651981816744,1.9262212362021314,2.0667927915367987,2778.767560911861
2025-02-19,backward,2025-01-30 17:00:00,-19.291666666666668,0.9417767045222069,6.768189509306261,2.9451026145836816,2.1162816488661647,2.2218899173700506,2781.712663526445
2025-02-19,backward,2025-01-30 16:00:00,-19.333333333333332,1.0983809875737147,6.430868167202571,3.806340657064841,2.5976547727964805,2.390721051736814,2785.51900418351
2025-02-19,backward,2025-01-30 15:00:00,-19.375,1.1975332214208665,6.768189509306261,4.761893568732683,2.6909962502059344,2.592682512638302,2790.2808977522427
2025-02-19,backward,2025-01-30 14:00:00,-19.416666666666668,1.325624716578805,6.768189509306261,5.835065425671607,2.9788327185289654,2.7837900493064307,2796.115963177914
2025-02-19,backward,2025-01-30 13:00:00,-19.458333333333332,1.3725703051750835,6.430868167202571,5.9438910177892135,3.246108449230137,2.921295457031585,2802.0598541957033
2025-02-19,backward,2025-01-30 12:00:00,-19.5,1.3674711237597426,6.768189509306261,6.209274685218834,3.0728664562109014,2.9806820121523305,2808.2691288809224
2025-02-19,backward,2025-01-30 11:00:00,-19.541666666666668,1.3813869079828622,7.142857142857142,6.687051519414389,2.9413140952170944,3.0094491272410084,2814.956180400337
2025-02-19,backward,2025-01-30 10:00:00,-19.583333333333332,1.387332675473094,7.142857142857142,6.744740238017351,2.953974103520951,3.138681292646216,2821.700920638354
2025-02-19,backward,2025-01-30 09:00:00,-19.625,1.3448880188897676,7.142857142857142,6.338350438679607,2.8635989407380014,3.2577710737990624,2828.039271077034
2025-02-19,backward,2025-01-30 08:00:00,-19.666666666666668,1.982681687822092,8.032128514056225,15.490615452596431,3.75422571096021,3.341331380051057,2843.5298865296304
2025-02-19,backward,2025-01-30 07:00:00,-19.708333333333332,2.091696971186004,8.032128514056225,17.24091128393704,3.9606471361472138,3.192623174894736,2860.7707978135672
2025-02-19,backward,2025-01-30 06:00:00,-19.75,1.5113110657298354,6.430868167202571,7.206250662875041,3.574228293722873,2.9806273255474736,2867.977048476442
2025-02-19,backward,2025-01-30 05:00:00,-19.791666666666668,0.9118642389905816,6.768189509306261,2.7609904988480647,2.0490648642791682,2.833474634836491,2870.7380389752902
2025-02-19,backward,2025-01-30 04:00:00,-19.833333333333332,0.8362420878372984,7.561436672967865,2.5941817284031803,1.681999007437373,2.578698431322284,2873.3322207036936
2025-02-19,backward,2025-01-30 03:00:00,-19.875,0.9302268290090604,7.142857142857142,3.0323667071021876,1.980682796472106,2.4693002652905207,2876.3645874107956
2025-02-19,backward,2025-01-30 02:00:00,-19.916666666666668,0.9410496504083884,6.430868167202571,2.7940020183601826,2.225568489874969,2.0305912657310814,2879.1585894291557
2025-02-19,backward,2025-01-30 01:00:00,-19.958333333333332,0.9024219285192874,4.153686396677051,1.659529655590311,3.3042581399566333,1.8409522853875968,2880.818119084746
2025-02-19,backward,2025-01-30 00:00:00,-20.0,0.6117105739164176,9.876543209876544,1.8131301385872733,0.9419742963662393,1.781067858404455,2882.6312492233333
2025-02-19,backward,2025-01-29 23:00:00,-20.041666666666668,0.5496724201801655,9.174311926605505,1.3599202135951414,0.9112309822182595,1.692811792572123,2883.9911694369284
2025-02-19,backward,2025-01-29 22:00:00,-20.083333333333332,0.466317811580265,5.361930294906166,0.572027892321309,1.3226924455385218,1.5552042987118737,2884.5631973292498
2025-02-19,backward,2025-01-29 21:00:00,-20.125,0.5579780130541263,5.847953216374269,0.893243974229095,1.4511464014781144,1.2323218742511657,2885.4564413034786
2025-02-19,backward,2025-01-29 20:00:00,-20.166666666666668,0.6229867212039979,6.768189509306261,1.288730549662237,1.399923526713475,1.3652724735461987,2886.745171853141
2025-02-19,backward,2025-01-29 19:00:00,-20.208333333333332,0.7219208147846901,8.032128514056225,2.0537227292746154,1.3669635931923838,1.527817430359163,2888.798894582416
2025-02-19,backward,2025-01-29 18:00:00,-20.25,0.7741824501782117,6.768189509306261,1.9901746413913817,1.7396778921364373,1.6433706427616463,2890.7890692238075
2025-02-19,backward,2025-01-29 17:00:00,-20.291666666666668,0.6939255730849472,5.594405594405594,1.3216357219031118,1.8865007230960442,1.72936625684528,2892.1107049457105
2025-02-19,backward,2025-01-29 16:00:00,-20.333333333333332,0.741564565010467,5.594405594405594,1.5093290171729155,2.0160117199534233,1.8368900796704064,2893.6200339628836
2025-02-19,backward,2025-01-29 15:00:00,-20.375,0.640297005421054,4.950495049504951,0.9957346162053806,1.9671200859799156,2.034176113325235,2894.615768579089
2025-02-19,backward,2025-01-29 14:00:00,-20.416666666666668,0.6656685282733689,4.950495049504951,1.0762092325192267,2.045066463664233,2.2035856843828654,2895.6919778116085
2025-02-19,backward,2025-01-29 13:00:00,-20.458333333333332,0.7995689850810981,4.767580452920143,1.4953468608364922,2.5506797951213573,2.152384059922776,2897.187324672445
2025-02-19,backward,2025-01-29 12:00:00,-20.5,0.8639737232246933,4.767580452920143,1.7459473058226367,2.7561353184822193,2.4033066486786887,2898.9332719782674
2025-02-19,backward,2025-01-29 11:00:00,-20.541666666666668,0.5567821260469931,5.361930294906166,0.8154996281185509,1.5792909763355094,2.740496881460201,2899.748771606386
2025-02-19,backward,2025-01-29 10:00:00,-20.583333333333332,1.0279469155619558,4.439511653718091,2.3014874408336246,3.5215472524888987,3.0722883016864757,2902.0502590472197
2025-02-19,backward,2025-01-29 09:00:00,-20.625,0.9938009243909234,3.787878787878788,1.8353838222243097,3.9902614826689873,2.927661677949761,2903.885642869444
2025-02-19,backward,2025-01-29 08:00:00,-20.666666666666668,0.7950820363963472,2.9962546816479403,0.929254433626308,4.0358149850218865,2.758786841094286,2904.81489730307
2025-02-19,backward,2025-01-29 07:00:00,-20.708333333333332,0.5933167598311865,5.361930294906166,0.9260329287046872,1.682920052701063,2.8765596597803724,2905.740930231775
2025-02-19,backward,2025-01-29 06:00:00,-20.75,0.614457976799202,5.361930294906166,0.9932019656847068,1.7428862973493693,2.681370114548692,2906.73413219746
2025-02-19,backward,2025-01-29 05:00:00,-20.791666666666668,0.8408498340894511,5.594405594405594,1.9405412039752172,2.28592788845203,2.3633804672352308,2908.674673401435
2025-02-19,backward,2025-01-29 04:00:00,-20.833333333333332,0.9037524330972088,5.847953216374269,2.3433377136900546,2.3504099810988177,1.9837552549616737,2911.018011115125
2025-02-19,backward,2025-01-29 03:00:00,-20.875,0.8386813744192303,6.125574272588055,2.1138435445861696,2.0823235987882174,2.0104414076799006,2913.131854659711
2025-02-19,backward,2025-01-29 02:00:00,-20.916666666666668,0.7823644122846894,6.768189509306261,2.032463329066433,1.7580637113805455,2.017415364457865,2915.1643179887774
2025-02-19,backward,2025-01-29 01:00:00,-20.958333333333332,0.8655815249583203,7.142857142857142,2.6255479508049553,1.8430369690104231,1.9637128596590323,2917.7898659395823
2025-02-19,backward,2025-01-29 00:00:00,-21.0,0.8381976997321287,7.142857142857142,2.4620503325764966,1.7847300380171565,1.8670385792990858,2920.2519162721587
2025-02-19,forward,2025-02-19 00:00:00,0.0,0.930922539630738,6.125574272588055,2.6043894942259325,2.311344966089541,2.413619638845233,2.6043894942259325
2025-02-19,forward,2025-02-19 01:00:00,0.041666666666666664,0.9491215334809624,6.430868167202571,2.842138865360279,2.244658373827936,2.396980795605089,5.446528359586211
2025-02-19,forward,2025-02-19 02:00:00,0.08333333333333333,0.9875903686893328,5.594405594405594,2.6769463957839927,2.684855576618221,2.3628717805430335,8.123474755370204
2025-02-19,forward,2025-02-19 03:00:00,0.125,0.9453089258114904,6.125574272588055,2.685507445340265,2.347064265884658,2.3815570842593288,10.808982200710469
2025-02-19,forward,2025-02-19 04:00:00,0.16666666666666666,0.9907968991807752,6.768189509306261,3.259671395151626,2.2264357202948117,2.343790077936148,14.068653595862095
2025-02-19,forward,2025-02-19 05:00:00,0.20833333333333334,1.0465112463695423,6.430868167202571,3.4553292760564926,2.474983602840806,2.424593742059222,17.523982871918587
2025-02-19,forward,2025-02-19 06:00:00,0.25,1.1009944381855843,8.032128514056225,4.776754618767065,2.0847429281504537,2.4002022073443436,22.300737490685652
2025-02-19,forward,2025-02-19 07:00:00,0.2916666666666667,1.1541215419390465,6.430868167202571,4.202471092304946,2.7294803585663803,2.4200006274940926,26.5032085829906
2025-02-19,forward,2025-02-19 08:00:00,0.3333333333333333,1.073370934816584,6.430868167202571,3.6349739456420127,2.538506368328953,2.397343127215057,30.138182528632612
2025-02-19,forward,2025-02-19 09:00:00,0.375,1.0973419328051868,6.768189509306261,3.998420766802806,2.4658547867831504,2.3528436691259507,34.13660329543542
2025-02-19,forward,2025-02-19 10:00:00,0.4166666666666667,1.0393325533569755,7.561436672967865,4.007240548004157,2.090490718620598,2.3190534950417203,38.143843843439576
2025-02-19,forward,2025-02-19 11:00:00,0.4583333333333333,0.93361550848874,6.430868167202571,2.7500320456844856,2.207986854306168,2.2170094322799963,40.89387588912406
2025-02-19,forward,2025-02-19 12:00:00,0.5,0.9356778318739178,7.561436672967865,3.247798174058969,1.8820018836450716,2.194964664658691,44.14167406318303
2025-02-19,forward,2025-02-19 13:00:00,0.5416666666666666,0.9943495812491716,7.142857142857142,3.464832051199348,2.1172159819960363,2.153261983347637,47.60650611438238
2025-02-19,forward,2025-02-19 14:00:00,0.5833333333333334,0.9691417775278304,6.125574272588055,2.822626888926639,2.406237762601121,2.1499230408791945,50.42913300330902
2025-02-19,forward,2025-02-19 15:00:00,0.625,0.8519317400423473,5.847953216374269,2.082310652275821,2.215638698916827,2.1373988777138146,52.51144365558484
2025-02-19,forward,2025-02-19 16:00:00,0.6666666666666666,0.7961081786109344,5.847953216374269,1.81836094167997,2.0704570638099447,2.1696874690004733,54.32980459726481
2025-02-19,forward,2025-02-19 17:00:00,0.7083333333333334,0.7519375793653871,5.361930294906166,1.487362327410504,2.132841875313887,2.2077823950530697,55.81716692467531
2025-02-19,forward,2025-02-19 18:00:00,0.75,0.7318038856296939,5.361930294906166,1.4087781902374104,2.075733431365025,2.075595343468214,57.225945114912726
2025-02-19,forward,2025-02-19 19:00:00,0.7916666666666666,0.7353401887893556,4.767580452920143,1.2647557673568472,2.3457855383116133,1.9103421032962349,58.49070088226957
2025-02-19,forward,2025-02-19 20:00:00,0.8333333333333334,0.5687070115577035,5.361930294906166,0.8508056449016622,1.6131154530919878,1.7160500011482498,59.341506527171234
2025-02-19,forward,2025-02-19 21:00:00,0.875,0.4315656412611939,5.361930294906166,0.48994453764808166,1.2241192578849525,1.4573156990012848,59.83145106481931
2025-02-19,forward,2025-02-19 22:00:00,0.9166666666666666,0.3189553256343904,5.361930294906166,0.2676165165372692,0.9047044509220326,1.348517366740445,60.09906758135658
2025-02-19,forward,2025-02-19 23:00:00,0.9583333333333334,0.3065398941187631,8.032128514056225,0.3702854849087781,0.5804360624320978,1.1795273046783745,60.469353066265356
2025-02-19,forward,2025-02-20 00:00:00,1.0,0.401544501522014,4.291845493562232,0.3395028928187266,1.422943437799986,1.10362547998471,60.808855959084084
2025-02-19,forward,2025-02-20 01:00:00,1.0416666666666667,0.375837218159847,4.291845493562232,0.29742377551943927,1.3318451659391901,1.101713250291308,61.106279734603525
2025-02-19,forward,2025-02-20 02:00:00,1.0833333333333333,0.3266959641492445,4.291845493562232,0.22473134515565396,1.1577045049300005,1.1440102544528263,61.33101107975918
2025-02-19,forward,2025-02-20 03:00:00,1.125,0.3311842437971115,4.153686396677051,0.22351417535819618,1.2126458797245407,1.1506994427287962,61.554525255117376
2025-02-19,forward,2025-02-20 04:00:00,1.1666666666666667,0.3269166307839505,4.291845493562232,0.22503503704721642,1.158486475891142,1.0442647667974467,61.77956029216459
2025-02-19,forward,2025-02-20 05:00:00,1.2083333333333333,0.2282693109191525,5.594405594405594,0.14301481828278767,0.6205711920879174,0.8870557439161167,61.922575110447376
2025-02-19,forward,2025-02-20 06:00:00,1.25,0.2765189747712725,5.361930294906166,0.2011421432291315,0.7843353822118901,0.7649324128438476,62.12371725367651
2025-02-19,forward,2025-02-20 07:00:00,1.2916666666666667,0.2344057383332571,9.174311926605505,0.24731019156011838,0.3885910286512092,0.8202788999213985,62.37102744523663
2025-02-19,forward,2025-02-20 08:00:00,1.3333333333333333,0.2563469415887983,9.174311926605505,0.2957752405448228,0.4249645184963865,0.6606522891171239,62.66680268578145
2025-02-19,forward,2025-02-20 09:00:00,1.375,0.4218779150959527,4.153686396677051,0.36269312199968173,1.5447248021898456,0.5919607451005661,63.02949580778113
2025-02-19,forward,2025-02-20 10:00:00,1.4166666666666667,0.2111676247419238,16.0,0.3500311428419986,0.200726811065495,0.49671792658230896,63.37952695062313
2025-02-19,forward,2025-02-20 11:00:00,1.4583333333333333,0.2192630035014006,16.0,0.37738334867735157,0.20842192798856998,0.4696486966138404,63.75691029930048
2025-02-19,forward,2025-02-20 12:00:00,1.5,0.2239513538961532,16.0,0.39369454814757826,0.21287847110234734,0.6228749057609818,64.15060484744805
2025-02-19,forward,2025-02-20 13:00:00,1.5416666666666667,0.2379401849038809,16.0,0.44441387097597257,0.22617564884039779,0.40438101289936457,64.59501871842403
2025-02-19,forward,2025-02-20 14:00:00,1.5833333333333333,0.3449382263440071,3.902439024390244,0.2277984744098266,1.3443217733792356,0.41062241506137126,64.82281719283385
2025-02-19,forward,2025-02-20 15:00:00,1.625,0.245920556596879,16.0,0.47472453999521785,0.23376144502014157,0.5266024614801357,65.29754173282907
2025-02-19,forward,2025-02-20 16:00:00,1.6666666666666667,0.2505639185189426,16.0,0.4928208582127921,0.23817522403753527,0.7248168784904662,65.79036259104187
2025-02-19,forward,2025-02-20 17:00:00,1.7083333333333333,0.3060937981053288,5.148005148005149,0.23663559186405042,0.9043022065011568,0.7240751914690811,66.02699818290591
2025-02-19,forward,2025-02-20 18:00:00,1.75,0.4238789207788124,4.597701149425287,0.4052811567734629,1.4021649731643295,1.056019276322971,66.43227933967938
2025-02-19,forward,2025-02-20 19:00:00,1.7916666666666667,0.2332585894824297,16.0,0.42709777245881814,0.22172552671208764,1.594807159214291,66.8593771121382
2025-02-19,forward,2025-02-20 20:00:00,1.8333333333333333,0.6572111894936243,2.9962546816479403,0.634922411540732,3.3359862825025752,2.1138059867392207,67.49429952367893
2025-02-19,forward,2025-02-20 21:00:00,1.875,0.8154736813063254,3.577817531305903,1.1672667630183045,3.466488742368062,2.4878828340587726,68.66156628669724
2025-02-19,forward,2025-02-20 22:00:00,1.9166666666666667,0.9459579831410674,4.291845493562232,1.884168790215154,3.3521681891871133,2.758821603879165,70.5457350769124
2025-02-19,forward,2025-02-20 23:00:00,1.9583333333333333,0.9518811344420176,4.597701149425287,2.0437991360081087,3.14876329041847,3.2030269484584633,72.5895342129205
2025-02-19,forward,2025-02-21 00:00:00,2.0,0.9153128199843978,4.597701149425287,1.8897826722825477,3.027797592086683,2.6888950303856216,74.47931688520305
2025-02-19,forward,2025-02-21 01:00:00,2.0416666666666665,0.8727364417019545,4.597701149425287,1.7180626375342496,2.886957594187876,2.1540039083526135,76.1973795227373
2025-02-19,forward,2025-02-21 02:00:00,2.0833333333333335,0.2642606809993786,16.0,0.5481723373750635,0.2511947740655259,1.9460013646705228,76.74555186011236
2025-02-19,forward,2025-02-21 03:00:00,2.125,0.2705172628446113,16.0,0.574436444032436,0.2571420101700125,1.8054679601168848,77.31998830414479
2025-02-19,forward,2025-02-21 04:00:00,2.1666666666666665,0.5937769666674826,4.291845493562232,0.7423740901157633,2.104152927094569,1.7860638108188744,78.06236239426055
2025-02-19,forward,2025-02-21 05:00:00,2.2083333333333335,0.6296694740881921,4.153686396677051,0.807962151056347,2.305562863096642,1.7855333744516664,78.87032454531689
2025-02-19,forward,2025-02-21 06:00:00,2.25,0.7951214620497785,4.153686396677051,1.2883465238443366,2.911372696298622,2.289268420553164,80.15867106916123
2025-02-19,forward,2025-02-21 07:00:00,2.2916666666666665,0.9039852964533294,4.767580452920143,1.911405349835915,2.883774975984629,2.717725413176439,82.07007641899715
2025-02-19,forward,2025-02-21 08:00:00,2.3333333333333335,1.0655574745117669,4.950495049504951,2.7576200224714094,3.273605050674513,2.8224297148658475,84.82769644146856
2025-02-19,forward,2025-02-21 09:00:00,2.375,1.0873452015859155,5.847953216374269,3.3921168769180636,2.8278839659096624,2.913568895492961,88.21981331838663
2025-02-19,forward,2025-02-21 10:00:00,2.4166666666666665,1.0506226368053313,5.847953216374269,3.166864129651485,2.732378737231015,2.9472184109297035,91.38667744803811
2025-02-19,forward,2025-02-21 11:00:00,2.4583333333333335,1.049218723167121,5.594405594405594,3.021468332414348,2.8523979468593224,2.983838012773504,94.40814578045246
2025-02-19,forward,2025-02-21 12:00:00,2.5,1.1970784540781605,5.847953216374269,4.111318772983338,3.113269788919079,2.961904629197591,98.5194645534358
2025-02-19,forward,2025-02-21 13:00:00,2.5416666666666665,1.3811002059695452,6.768189509306261,6.3336625941950055,3.1034925870474317,3.039785694465967,104.8531271476308
2025-02-19,forward,2025-02-21 14:00:00,2.5833333333333335,1.4756411878789155,7.142857142857142,7.630720302768633,3.142004749219035,3.141659406809931,112.48384745039944
2025-02-19,forward,2025-02-21 15:00:00,2.625,1.5475753503691188,7.142857142857142,8.392814130202321,3.2951703575199183,3.15187978628871,120.87666158060176
2025-02-19,forward,2025-02-21 16:00:00,2.6666666666666665,1.5703301792113236,7.142857142857142,8.641436684038311,3.343621011294798,3.194078262758932,129.51809826464006
2025-02-19,forward,2025-02-21 17:00:00,2.7083333333333335,1.3684274580308629,7.142857142857142,6.562171216594773,2.913720223731996,3.2146091344170618,136.08026948123484
2025-02-19,forward,2025-02-21 18:00:00,2.75,1.423459502631479,6.430868167202571,6.392811105442466,3.366460647740416,3.2192444600073036,142.4730805866773
2025-02-19,forward,2025-02-21 19:00:00,2.7916666666666665,1.435919459337415,6.768189509306261,6.84643841548276,3.2266778169962067,3.274793711912695,149.31951900216006
2025-02-19,forward,2025-02-21 20:00:00,2.8333333333333335,1.3403114366338853,6.430868167202571,5.667781337222744,3.169816702760487,3.2620490070813584,154.9873003393828
2025-02-19,forward,2025-02-21 21:00:00,2.875,1.3346855512462388,5.594405594405594,4.889268649559269,3.6284658689522655,3.2570984630339646,159.87656898894207
2025-02-19,forward,2025-02-21 22:00:00,2.9166666666666665,1.3158858630316772,6.125574272588055,5.203736364527123,3.2671527823067787,3.1994902271313665,165.08030535346919
2025-02-19,forward,2025-02-21 23:00:00,2.9583333333333335,1.2194651226449251,6.430868167202571,4.691809903730802,2.884016959447635,3.1433204710486042,169.7721152572
2025-02-19,forward,2025-02-22 00:00:00,3.0,1.216668781769353,6.125574272588055,4.44860220719405,3.0208112323248275,3.119521636007585,174.22071746439406
2025-02-19,forward,2025-02-22 01:00:00,3.0416666666666665,1.1638457242587288,6.125574272588055,4.070705409884861,2.889659280499632,3.0379176476740866,178.2914228742789
2025-02-19,forward,2025-02-22 02:00:00,3.0833333333333335,1.2191709263223522,6.125574272588055,4.46691859986269,3.0270236925143696,3.09358947868926,182.7583414741416
2025-02-19,forward,2025-02-22 03:00:00,3.125,1.2642070968106591,6.125574272588055,4.803029913723115,3.138841938951274,3.1808582132361702,187.5613713878647
2025-02-19,forward,2025-02-22 04:00:00,3.1666666666666665,1.5227088007961136,6.430868167202571,7.315354146623952,3.6011837683978207,3.2183821518685565,194.87672553448866
2025-02-19,forward,2025-02-22 05:00:00,3.2083333333333335,1.5164455813103257,6.768189509306261,7.635864336802204,3.407629366729099,3.235551500229933,202.51258987129086
2025-02-19,forward,2025-02-22 06:00:00,3.25,1.4444980310611206,6.768189509306261,6.928487732432141,3.2459548641191454,3.263453364051403,209.441077603723
2025-02-19,forward,2025-02-22 07:00:00,3.2916666666666665,1.331784901977677,6.768189509306261,5.889422594620316,2.9926753706678926,3.256119269902598,215.33050019834332
2025-02-19,forward,2025-02-22 08:00:00,3.3333333333333335,1.4215708723919245,6.768189509306261,6.71029443399924,3.19443487544319,3.2027692545349296,222.04079463234257
2025-02-19,forward,2025-02-22 09:00:00,3.375,1.3772485078885848,6.768189509306261,6.298384432173572,3.094837374058441,3.1002776367313944,228.33917906451614
2025-02-19,forward,2025-02-22 10:00:00,3.4166666666666665,1.3214967014417998,6.125574272588055,5.248207655372968,3.281083676191809,2.97957258976516,233.5873867198891
2025-02-19,forward,2025-02-22 11:00:00,3.4583333333333335,1.1808444582204594,6.430868167202571,4.399334977716794,2.7926796599078867,2.913225342042708,237.9867216976059
2025-02-19,forward,2025-02-22 12:00:00,3.5,1.066274997788735,6.430868167202571,3.5870719832621796,2.5217245823217382,2.743768238069182,241.57379368086808
2025-02-19,forward,2025-02-22 13:00:00,3.5416666666666665,1.045003710698882,6.125574272588055,3.2818181209665678,2.5945918843331865,2.5590412458733645,244.85561180183464
2025-02-19,forward,2025-02-22 14:00:00,3.5833333333333335,0.8770922692796376,6.125574272588055,2.31190194209764,2.1776922516020303,2.3905604741298703,247.1675137439323
2025-02-19,forward,2025-02-22 15:00:00,3.625,0.8000773449458778,6.125574272588055,1.9237241172338635,1.9864754208835351,2.2403072902097576,249.09123786116615
2025-02-19,forward,2025-02-22 16:00:00,3.6666666666666665,0.8003631187488947,5.361930294906166,1.6851064193873622,2.2701990457308456,1.98146383213742,250.7763442805535
2025-02-19,forward,2025-02-22 17:00:00,3.7083333333333335,0.6956396341756549,5.594405594405594,1.3281729134577898,1.8911605563872076,1.6977834200867352,252.1045171940113
2025-02-19,forward,2025-02-22 18:00:00,3.75,0.6290425461133297,9.876543209876544,1.91733077254774,0.9686638338877147,1.493750573172539,254.02184796655902
2025-02-19,forward,2025-02-22 19:00:00,3.7916666666666665,0.5795884736602661,9.876543209876544,1.6277079386708033,0.8925094120290782,1.472727452130479,255.64955590522982
2025-02-19,forward,2025-02-22 20:00:00,3.8333333333333335,0.6191921371832632,9.876543209876544,1.8577525547916596,0.9534951701168528,1.275595654302009,257.5073084600215
2025-02-19,forward,2025-02-22 21:00:00,3.875,0.6843014641596676,5.594405594405594,1.2852301986016197,1.8603366946311755,1.125490536224078,258.7925386586231
2025-02-19,forward,2025-02-22 22:00:00,3.9166666666666665,0.6559460125702313,9.174311926605505,1.936608029976841,1.0874082587600251,1.1255720186352818,260.72914668859994
2025-02-19,forward,2025-02-22 23:00:00,3.9583333333333335,0.6432421607358513,9.876543209876544,2.004869023757651,0.9905298479196206,1.1142362731340614,262.7340157123576
2025-02-19,forward,2025-02-23 00:00:00,4.0,0.5846119547233222,9.174311926605505,1.538299573114238,0.9691527283549385,1.099041591659592,264.2723152854718
2025-02-19,forward,2025-02-23 01:00:00,4.041666666666667,0.5354204188859178,9.876543209876544,1.3890787276514651,0.8244949390217552,0.9077195724223451,265.66139401312324
2025-02-19,forward,2025-02-23 02:00:00,4.083333333333333,0.5201726269169661,9.174311926605505,1.2178688560917164,0.8623270812700365,0.8308044850903998,266.879262869215
2025-02-19,forward,2025-02-23 03:00:00,4.125,0.4012100288616717,8.565310492505352,0.6764235275211403,0.7124045792076944,0.7605361867685926,267.5556863967361
2025-02-19,forward,2025-02-23 04:00:00,4.166666666666667,0.3775658672911549,9.174311926605505,0.6416393469881824,0.625917734768354,0.6932989956240299,268.1973257437243
2025-02-19,forward,2025-02-23 05:00:00,4.208333333333333,0.3431837495279852,9.174311926605505,0.5301014172656492,0.5689200579887769,0.6469081848934654,268.72742716099
2025-02-19,forward,2025-02-23 06:00:00,4.25,0.3673802653726576,9.876543209876544,0.6539862970149619,0.5657295814875622,0.584672687601511,269.38141345800494
2025-02-19,forward,2025-02-23 07:00:00,4.291666666666667,0.3294484484902472,9.174311926605505,0.48851788564795434,0.5461500746383677,0.5707178098155956,269.8699313436529
2025-02-19,forward,2025-02-23 08:00:00,4.333333333333333,0.3174969044722994,9.876543209876544,0.4884453644525227,0.48891409751831094,0.5751782799933164,270.3583767081054
2025-02-19,forward,2025-02-23 09:00:00,4.375,0.4082567196315178,9.876543209876544,0.8076137137619397,0.6286753124922019,0.5775850248804949,271.1659904218674
2025-02-19,forward,2025-02-23 10:00:00,4.416666666666667,0.423845532658238,9.876543209876544,0.8704668202316395,0.6526805558346785,0.5732348046720965,272.036457242099
2025-02-19,forward,2025-02-23 11:00:00,4.458333333333333,0.3788296605742755,9.876543209876544,0.6953844122895355,0.5833605273118478,0.5881725035709583,272.7318416543885
2025-02-19,forward,2025-02-23 12:00:00,4.5,0.3794766359026283,10.6951871657754,0.755597489558542,0.5396282602371723,0.5941290719217335,273.4874391439471
2025-02-19,forward,2025-02-23 13:00:00,4.541666666666667,0.412868023363561,9.876543209876544,0.8259609168940052,0.6357762680315383,0.6079935090874612,274.3134000608411
2025-02-19,forward,2025-02-23 14:00:00,4.583333333333333,0.3164812971888739,9.174311926605505,0.45081840230075737,0.524653507622962,0.6113735686392098,274.76421846314184
2025-02-19,forward,2025-02-23 15:00:00,4.625,0.4622774472568371,9.876543209876544,1.035481667416337,0.7118619354865682,0.5875048763752756,275.79970013055816
2025-02-19,forward,2025-02-23 16:00:00,4.666666666666667,0.4370154344883482,9.876543209876544,0.9254022537317774,0.6729609131451696,0.5846137813067168,276.7251023842899
2025-02-19,forward,2025-02-23 17:00:00,4.708333333333333,0.2858288334833713,9.876543209876544,0.3958667953206583,0.44014837372824345,0.5702829916181263,277.1209691796106
2025-02-19,forward,2025-02-23 18:00:00,4.75,0.3150505701238126,9.174311926605505,0.4467515575069099,0.5222816898258189,0.5751854000001455,277.5677207371175
2025-02-19,forward,2025-02-23 19:00:00,4.791666666666667,0.33164504580278,9.174311926605505,0.4950539883372564,0.5497915298999965,0.5545256069047321,278.06277472545474
2025-02-19,forward,2025-02-23 20:00:00,4.833333333333333,0.3342246711476657,9.174311926605505,0.502785268918941,0.5540679579150765,0.5270583332273414,278.5655599943737
2025-02-19,forward,2025-02-23 21:00:00,4.875,0.3546347395907269,9.174311926605505,0.5660673266274857,0.587903176914088,0.5405867276832367,279.1316273210012
2025-02-19,forward,2025-02-23 22:00:00,4.916666666666667,0.329993267472126,9.876543209876544,0.5276514799219121,0.5081572710808251,0.547203567644715,279.6592788009231
2025-02-19,forward,2025-02-23 23:00:00,4.958333333333333,0.3385402204206167,9.876543209876544,0.5553381981832579,0.5213187404636151,0.5429986432393886,280.2146169991064
2025-02-19,forward,2025-02-24 00:00:00,5.0,0.3649470897216758,9.876543209876544,0.6453522239343746,0.5619827295946894,0.5397800593928358,280.85996922304076
2025-02-19,forward,2025-02-24 01:00:00,5.041666666666667,0.3406463564874274,9.876543209876544,0.5622694634659136,0.5245619834680375,0.549199972086174,281.42223868650666
2025-02-19,forward,2025-02-24 02:00:00,5.083333333333333,0.3225755933155179,9.174311926605505,0.46834786523961053,0.5347564548357593,0.5522591680508846,281.89058655174625
2025-02-19,forward,2025-02-24 03:00:00,5.125,0.4184829166542821,9.876543209876544,0.8485793700498175,0.6444226530741176,0.5652726181977269,282.7391659217961
2025-02-19,forward,2025-02-24 04:00:00,5.166666666666667,0.3419129718197803,9.876543209876544,0.5664585771734266,0.5265124468690884,0.554345868594986,283.3056244989695
2025-02-19,forward,2025-02-24 05:00:00,5.208333333333333,0.42150884289014,10.6951871657754,0.9322530286731081,0.5993994413446692,0.8300361397317818,284.23787752764264
2025-02-19,forward,2025-02-24 06:00:00,5.25,0.3490933527009554,10.6951871657754,0.6394455671746108,0.4964222319782438,0.9536454730127087,284.87732309481726
2025-02-19,forward,2025-02-24 07:00:00,5.291666666666667,0.5950230975884249,4.153686396677051,0.721495101162019,2.1787036102888115,0.9288298511241622,285.5988181959793
2025-02-19,forward,2025-02-24 08:00:00,5.333333333333333,0.432047973945618,5.148005148005149,0.47144925281520367,1.2764124545213218,0.9165441632103536,286.0702674487945
2025-02-19,forward,2025-02-24 09:00:00,5.375,0.3484651603175538,10.6951871657754,0.6371462772711979,0.49552892174283786,0.8926815779663474,286.7074137260657
2025-02-19,forward,2025-02-24 10:00:00,5.416666666666667,0.3184162054587982,10.6951871657754,0.5319989164940178,0.4527983193862375,0.8941910555730676,287.23941264255967
2025-02-19,forward,2025-02-24 11:00:00,5.458333333333333,0.349821018321699,11.661807580174926,0.7001477606526876,0.4562239298806321,0.6149429391560443,287.93956040321234
2025-02-19,forward,2025-02-24 12:00:00,5.5,0.3282540830464291,9.876543209876544,0.5221043063020626,0.5054790976185648,0.4790598224745392,288.4616647095144
2025-02-19,forward,2025-02-24 13:00:00,5.541666666666667,0.3267837388767167,9.876543209876544,0.5174374719898183,0.5032149117866712,0.46883739984892153,288.97910218150423
2025-02-19,forward,2025-02-24 14:00:00,5.583333333333333,0.3242637741460953,10.6951871657754,0.5517181725188484,0.46111375443229186,0.46799953331815375,289.5308203540231
2025-02-19,forward,2025-02-24 15:00:00,5.625,0.3053335732464167,10.6951871657754,0.48918095773360115,0.43419438598913185,0.4808850033840672,290.0200013117567
2025-02-19,forward,2025-02-24 16:00:00,5.666666666666667,0.3148809854283489,10.6951871657754,0.5202514440899887,0.44777112020163096,0.46775717582888277,290.54025275584667
2025-02-19,forward,2025-02-24 17:00:00,5.708333333333333,0.4091025416892827,11.661807580174926,0.9575517629179103,0.5335367502761125,0.45788198797379503,291.49780451876455
2025-02-19,forward,2025-02-24 18:00:00,5.75,0.3000719131872619,10.6951871657754,0.47246660507684585,0.4267121322874582,0.4437752248950108,291.97027112384137
2025-02-19,forward,2025-02-24 19:00:00,5.791666666666667,0.2883065308233486,9.876543209876544,0.40275965685820525,0.44396378465614506,0.4444047246765928,292.3730307806996
2025-02-19,forward,2025-02-24 20:00:00,5.833333333333333,0.2886701489320051,11.661807580174926,0.4767620267435372,0.3764731759595865,0.43918496906341264,292.8497928074431
2025-02-19,forward,2025-02-24 21:00:00,5.875,0.3079896290205661,10.6951871657754,0.4977286131812374,0.43797138467862406,0.41344619558749834,293.34752142062433
2025-02-19,forward,2025-02-24 22:00:00,5.916666666666667,0.3193253539728637,11.661807580174926,0.5833976955276005,0.41645258652254974,0.7474276773428542,293.9309191161519
2025-02-19,forward,2025-02-24 23:00:00,5.958333333333333,0.2906874824434635,11.661807580174926,0.4834488884219356,0.37910410942062595,1.1365652545791347,294.4143680045739
2025-02-19,forward,2025-02-25 00:00:00,6.0,0.5880931092790062,3.679852805887765,0.6243881645144004,2.430601022819594,1.4930318754156051,295.0387561690883
2025-02-19,forward,2025-02-25 01:00:00,6.041666666666667,0.6360592014473128,3.4812880765883376,0.690982542885493,2.7787892480738274,1.882048141039638,295.72973871197377
2025-02-19,forward,2025-02-25 02:00:00,6.083333333333333,0.6453914460179486,3.902439024390244,0.7974703949153206,2.515272900978409,2.2853769075293093,296.5272091068891
2025-02-19,forward,2025-02-25 03:00:00,6.125,0.7112825036797704,3.902439024390244,0.9686177232706292,2.772068978422821,2.737331946717093,297.49582683015973
2025-02-19,forward,2025-02-25 04:00:00,6.166666666666667,0.8279583693093269,4.439511653718091,1.4930839769332327,2.8364251854605773,2.7485714150262446,298.98891080709296
2025-02-19,forward,2025-02-25 05:00:00,6.208333333333333,0.8441340148977144,4.153686396677051,1.4520732977969395,3.0908343445473276,2.5299034915382768,300.4409841048899
2025-02-19,forward,2025-02-25 06:00:00,6.25,0.7291824022068625,4.439511653718091,1.1580827477477862,2.498037832674506,2.4599849253357586,301.5990668526377
2025-02-19,forward,2025-02-25 07:00:00,6.291666666666667,0.4964853347741654,5.148005148005149,0.6225637874956838,1.4667817071460199,2.392608068875577,302.22163064013336
2025-02-19,forward,2025-02-25 08:00:00,6.333333333333333,0.6821697488122067,4.950495049504951,1.1302267372190196,2.095761503763299,2.307078480710606,303.35185737735236
2025-02-19,forward,2025-02-25 09:00:00,6.375,0.6911679983005908,4.439511653718091,1.040481774282884,2.367807839661734,2.1630639424113816,304.39233915163527
2025-02-19,forward,2025-02-25 10:00:00,6.416666666666667,0.7282751736730545,4.767580452920143,1.2405694293066043,2.3232476564707505,2.098295406211881,305.6329085809419
2025-02-19,forward,2025-02-25 11:00:00,6.458333333333333,0.6980248692838348,4.767580452920143,1.1396509475414642,2.22674711475198,2.199697400171737,306.7725595284833
2025-02-19,forward,2025-02-25 12:00:00,6.5,0.6612480724810679,4.767580452920143,1.0227250705584219,2.1094266154775028,2.2175697447396687,307.79528459904174
2025-02-19,forward,2025-02-25 13:00:00,6.541666666666667,0.6754749253080743,4.950495049504951,1.1081514726890198,2.075193670905157,2.1299441377731574,308.90343607173077
2025-02-19,forward,2025-02-25 14:00:00,6.583333333333333,0.7170744059958561,4.950495049504951,1.2488466341471773,2.20299557117089,2.069320001684059,310.15228270587795
2025-02-19,forward,2025-02-25 15:00:00,6.625,0.6235098860603367,5.148005148005149,0.9818783715364097,1.8420541978626632,1.952457237329589,311.1341610774144
2025-02-19,forward,2025-02-25 16:00:00,6.666666666666667,0.6378175940896705,4.950495049504951,0.9880380139906719,1.9595028399361623,1.859867429768806,312.12219909140504
2025-02-19,forward,2025-02-25 17:00:00,6.708333333333333,0.5378428770190732,5.361930294906166,0.7609638748961349,1.5255705286251595,1.613162174825198,312.8831629663012
2025-02-19,forward,2025-02-25 18:00:00,6.75,0.5259695331536712,5.148005148005149,0.6987023157247261,1.5538877701128042,1.3527057598948364,313.58186528202594
2025-02-19,forward,2025-02-25 19:00:00,6.791666666666667,0.4562019843350139,11.661807580174926,1.1907271186472164,0.5949621412435084,1.1282744514333838,314.77259240067315
2025-02-19,forward,2025-02-25 20:00:00,6.833333333333333,0.4157778278489387,9.876543209876544,0.8376443310223307,0.6402570815887215,0.8791547533114673,315.61023673169547
2025-02-19,forward,2025-02-25 21:00:00,6.875,0.3799111154250194,11.661807580174926,0.8257753322403107,0.4954663470939466,0.6993820184418819,316.4360120639358
2025-02-19,forward,2025-02-25 22:00:00,6.916666666666667,0.3563851638103506,11.661807580174926,0.7266698429343161,0.4647846512046633,0.5256927784916138,317.1626819068701
2025-02-19,forward,2025-02-25 23:00:00,6.958333333333333,0.3426978256375153,11.661807580174926,0.6719246945844122,0.44693411940764693,0.507746249775845,317.8346066014545
2025-02-19,forward,2025-02-26 00:00:00,7.0,0.3598737632354887,10.6951871657754,0.6795490244334198,0.5117523304111956,0.4706986557100749,318.5141556258879
2025-02-19,forward,2025-02-26 01:00:00,7.041666666666667,0.3426664528431128,10.6951871657754,0.6161175793808917,0.48728296894889617,0.502059518839015,319.1302732052688
2025-02-19,forward,2025-02-26 02:00:00,7.083333333333333,0.3523335926011774,12.82051282051282,0.7808103026225915,0.4179715171941006,0.529140663258555,319.91108350789136
2025-02-19,forward,2025-02-26 03:00:00,7.125,0.5241914351103593,11.661807580174926,1.5720912337715944,0.6836315258675878,0.538747242558209,321.48317474166294
2025-02-19,forward,2025-02-26 04:00:00,7.166666666666667,0.4809760004283135,11.661807580174926,1.323563304817627,0.627271517721903,0.53565124375776,322.8067380464806
2025-02-19,forward,2025-02-26 05:00:00,7.208333333333333,0.3868943238887895,11.661807580174926,0.8564117580092054,0.5045735952055713,0.5523987076280711,323.66314980448976
2025-02-19,forward,2025-02-26 06:00:00,7.25,0.3781551938310454,11.661807580174926,0.8181596253599921,0.4931763376085006,0.5721764562138806,324.4813094298498
2025-02-19,forward,2025-02-26 07:00:00,7.291666666666667,0.4506855080022429,11.661807580174926,1.1621042553591903,0.587767752170763,0.5334977334555976,325.64341368520894
2025-02-19,forward,2025-02-26 08:00:00,7.333333333333333,0.4114805085428418,11.661807580174926,0.9687159278410788,0.5366380087089575,0.5019522366849833,326.61212961305
2025-02-19,forward,2025-02-26 09:00:00,7.375,0.3806466826077136,12.82051282051282,0.9113423013661346,0.45155918931788974,0.4996013789853526,327.5234719144161
2025-02-19,forward,2025-02-26 10:00:00,7.416666666666667,0.3358462461870475,11.661807580174926,0.6453256116551285,0.43799853709821795,0.5355675247307772,328.1687975260713
2025-02-19,forward,2025-02-26 11:00:00,7.458333333333333,0.3760788530567874,11.661807580174926,0.8091997355167793,0.4904684490077869,0.9661971057374795,328.97799726158803
2025-02-19,forward,2025-02-26 12:00:00,7.5,0.5436228018067558,11.661807580174926,1.6908038726952828,0.7089732120810481,1.34277967336647,330.6688011342833
2025-02-19,forward,2025-02-26 13:00:00,7.541666666666667,0.7068884109409116,3.389830508474576,0.8310205068634088,3.1715452382109772,1.422626655188371,331.4998216411467
2025-02-19,forward,2025-02-26 14:00:00,7.583333333333333,0.7174571741023634,3.902439024390244,0.9855079331796248,2.7961334144829006,1.722999376365369,332.48532957432633
2025-02-19,forward,2025-02-26 15:00:00,7.625,0.7135921398730535,11.661807580174926,2.9133859410768257,0.9306410802492944,1.9801319344523731,335.3987155154032
2025-02-19,forward,2025-02-26 16:00:00,7.666666666666667,0.7291957848354096,4.950495049504951,1.2914243269147359,2.240234864160208,2.1083022268717144,336.69013984231793
2025-02-19,forward,2025-02-26 17:00:00,7.708333333333333,0.6618267639419907,4.950495049504951,1.063822853257187,2.0332637975298105,1.6624869544731917,337.7539626955751
2025-02-19,forward,2025-02-26 18:00:00,7.75,0.5002808681145084,5.148005148005149,0.6321189289495036,1.4779949665970977,1.273177004801547,338.38608162452465
2025-02-19,forward,2025-02-26 19:00:00,7.791666666666667,0.3808214739784815,11.661807580174926,0.8297375870698955,0.4966536038198389,1.1829738445979587,339.2158192115945
2025-02-19,forward,2025-02-26 20:00:00,7.833333333333333,0.3236730438046939,10.6951871657754,0.5497098088370735,0.4602737164530326,0.8727174795587337,339.7655290204316
2025-02-19,forward,2025-02-26 21:00:00,7.875,0.2985990723260169,11.661807580174926,0.5101228918999622,0.38942211902776475,0.6001025685016718,340.27565191233157
2025-02-19,forward,2025-02-26 22:00:00,7.916666666666667,0.2903750711675632,11.661807580174926,0.4824102903939187,0.3786966739248571,0.4700362802066392,340.7580622027255
2025-02-19,forward,2025-02-26 23:00:00,7.958333333333333,0.3048499832767384,11.661807580174926,0.5317044019478777,0.39757433118743973,0.4845920021412258,341.2897666046734
2025-02-19,forward,2025-02-27 00:00:00,8.0,0.4530140660398443,9.876543209876544,0.9943983056192112,0.6975972368269021,0.5593005813862059,342.2841649102926
2025-02-19,forward,2025-02-27 01:00:00,8.041666666666666,0.3792370943863224,9.876543209876544,0.6968809977440938,0.5839879354273583,0.654378105618093,342.98104590803666
2025-02-19,forward,2025-02-27 02:00:00,8.083333333333334,0.479810325652981,8.032128514056225,0.9071975355888197,0.9085251919229136,0.7488091921233794,343.88824344362547
2025-02-19,forward,2025-02-27 03:00:00,8.125,0.5069356634528515,8.032128514056225,1.012670999002006,0.9598872644190874,0.8813997095205902,344.9009144426275
2025-02-19,forward,2025-02-27 04:00:00,8.166666666666666,0.6138593448968065,9.876543209876544,1.8258905660918576,0.9452831929565746,0.8964505576602827,346.72680500871934
2025-02-19,forward,2025-02-27 05:00:00,8.208333333333334,0.6719365578658482,8.565310492505352,1.8972811188742726,1.1931174355707048,0.9528434535688214,348.6240861275936
2025-02-19,forward,2025-02-27 06:00:00,8.25,0.6641707523134324,12.82051282051282,2.7745779121386414,0.7879023256650572,0.9878497696260359,351.39866403973224
2025-02-19,forward,2025-02-27 07:00:00,8.291666666666666,0.7775009148525077,12.82051282051282,3.8022375648283044,0.9223453108785911,1.018466904929577,355.20090160456056
2025-02-19,forward,2025-02-27 08:00:00,8.333333333333334,0.8576860023469762,11.661807580174926,4.2087637616523,1.1185630882661999,1.0408909871743093,359.40966536621283
2025-02-19,forward,2025-02-27 09:00:00,8.375,0.876876066359899,11.661807580174926,4.399206392879837,1.1435900762403342,1.0442702997407254,363.80887175909265
2025-02-19,forward,2025-02-27 10:00:00,8.416666666666666,0.8279846718605528,11.661807580174926,3.9223152695801082,1.0798276864249694,1.138439395586697,367.73118702867276
2025-02-19,forward,2025-02-27 11:00:00,8.458333333333334,0.8532807593712188,10.6951871657754,3.820360343200537,1.2133933109692008,1.2221391443769798,371.5515473718733
2025-02-19,forward,2025-02-27 12:00:00,8.5,0.9513963444451864,10.6951871657754,4.749450649685337,1.3529169007408859,1.3202723336997733,376.30099802155866
2025-02-19,forward,2025-02-27 13:00:00,8.541666666666666,1.001765715635742,10.6951871657754,5.265659244659202,1.4245438036202882,1.3969291675890927,381.5666572662179
2025-02-19,forward,2025-02-27 14:00:00,8.583333333333334,1.2006488926710543,10.6951871657754,7.564016576535795,1.7073622242029605,1.512952600678884,389.13067384275365
2025-02-19,forward,2025-02-27 15:00:00,8.625,1.1276328993138025,10.6951871657754,6.671997869233386,1.6035310795762516,1.6382508624997474,395.80267171198705
2025-02-19,forward,2025-02-27 16:00:00,8.666666666666666,1.248893951461306,10.6951871657754,8.184111680760376,1.775968284963718,2.0946524051869186,403.98678339274744
2025-02-19,forward,2025-02-27 17:00:00,8.708333333333334,1.5068527359196893,11.661807580174926,12.990908584521808,1.9651828818943795,2.5710791961877533,416.9776919772693
2025-02-19,forward,2025-02-27 18:00:00,8.75,1.5731493648318366,5.847953216374269,7.1002859858690215,4.091326156863913,2.935755324907874,424.0779779631383
2025-02-19,forward,2025-02-27 19:00:00,8.791666666666666,1.6468897720234978,5.847953216374269,7.78152985165294,4.283104549625296,3.319382868758718,431.85950781479124
2025-02-19,forward,2025-02-27 20:00:00,8.833333333333334,1.5689277880942532,6.125574272588055,7.397496250462401,3.895418996523685,3.5424289876168484,439.2570040652536
2025-02-19,forward,2025-02-27 21:00:00,8.875,1.6512984321717594,6.430868167202571,8.603056541944467,3.9052963426813125,3.5526803320887406,447.8600606071981
2025-02-19,forward,2025-02-27 22:00:00,8.916666666666666,1.3858851882822534,6.768189509306261,6.377626042307836,3.1142449981125058,3.2428216989544367,454.2376866495059
2025-02-19,forward,2025-02-27 23:00:00,8.958333333333334,1.316116892126121,9.876543209876544,8.39316823060684,2.026690948725729,2.85136001832922,462.63085488011274
2025-02-19,forward,2025-02-28 00:00:00,9.0,1.178855925158497,8.032128514056225,5.4762610613608675,2.2321743580580926,2.5221824694176687,468.1071159414736
2025-02-19,forward,2025-02-28 01:00:00,9.041666666666666,1.1668285298054055,9.174311926605505,6.128012102349354,1.9343344658739965,2.260228126097066,474.23512804382295
2025-02-19,forward,2025-02-28 02:00:00,9.083333333333334,1.1583950591651524,9.174311926605505,6.039749527454457,1.920353703054374,2.0736015802434893,480.2748775712774
2025-02-19,forward,2025-02-28 03:00:00,9.125,1.2324051410553416,8.032128514056225,5.985076208848029,2.333570282757697,2.0500461063430664,486.25995378012544
2025-02-19,forward,2025-02-28 04:00:00,9.166666666666666,1.203112949147602,9.174311926605505,6.515058772170784,1.9944857229910478,2.068014359450601,492.77501255229623
2025-02-19,forward,2025-02-28 05:00:00,9.208333333333334,1.224336474035612,9.876543209876544,7.2633768411532,1.8853581053231896,2.054376737844866,500.03838939344945
2025-02-19,forward,2025-02-28 06:00:00,9.25,1.1633734585499411,7.561436672967865,5.020820044611078,2.339983876703302,2.084990608147448,505.0592094380605
2025-02-19,forward,2025-02-28 07:00:00,9.291666666666666,0.9210146774640748,7.561436672967865,3.1468022735170886,1.8525087362395853,1.9243967758546916,508.2060117115776
2025-02-19,forward,2025-02-28 08:00:00,9.333333333333334,0.9881600427013312,7.142857142857142,3.421831148357864,2.104036924869864,1.8135807108258588,511.62784285993547
2025-02-19,forward,2025-02-28 09:00:00,9.375,0.9634146235479686,10.6951871657754,4.870201059824509,1.3700072890011612,1.8534625816354122,516.49804391976
2025-02-19,forward,2025-02-28 10:00:00,9.416666666666666,0.8634246783471213,9.876543209876544,3.6123175121495272,1.3295893328180501,1.6764308408919304,520.1103614319095
2025-02-19,forward,2025-02-28 11:00:00,9.458333333333334,0.9455004467457142,6.768189509306261,2.9684382609754167,2.1246493301805103,1.5774774630651052,523.0787996928849
2025-02-19,forward,2025-02-28 12:00:00,9.5,0.8297888347897484,9.876543209876544,3.3363543890301433,1.277793432242412,1.4482065279591858,526.415154081915
2025-02-19,forward,2025-02-28 13:00:00,9.541666666666666,0.8174471638474728,9.876543209876544,3.2378474579115353,1.2587884692786326,1.4560081060815786,529.6530015398266
2025-02-19,forward,2025-02-28 14:00:00,9.583333333333334,0.8626596825009503,9.876543209876544,3.60591930795433,1.3284113142343488,1.4563757478352677,533.2589208477809
2025-02-19,forward,2025-02-28 15:00:00,9.625,0.7979189197449609,8.565310492505352,2.6754243169323586,1.4168167577355173,1.3488616589952918,535.9343451647132
2025-02-19,forward,2025-02-28 16:00:00,9.666666666666666,0.8648571400332565,9.876543209876544,3.6243134602329308,1.3317951833401847,1.384787890859257,539.5586586249461
2025-02-19,forward,2025-02-28 17:00:00,9.708333333333334,0.8925025363798299,9.174311926605505,3.5852913516558624,1.4795647971406565,1.4026735316596752,543.143949976602
2025-02-19,forward,2025-02-28 18:00:00,9.75,0.900818538119144,9.174311926605505,3.6524154027372044,1.4933508234262036,1.4152339652852717,546.7963653793392
2025-02-19,forward,2025-02-28 19:00:00,9.791666666666666,0.9606685725066784,10.6951871657754,4.842477252329663,1.3661023140811397,1.3453158154048372,551.6388426316689
2025-02-19,forward,2025-02-28 20:00:00,9.833333333333334,0.8467839887406876,9.174311926605505,3.2273852574196527,1.4037739159879274,1.3234692018805891,554.8662278890886
2025-02-19,forward,2025-02-28 21:00:00,9.875,0.647643746563963,9.876543209876544,2.03240078761612,0.9973078584529118,1.277451507778572,556.8986286767047
2025-02-19,forward,2025-02-28 22:00:00,9.916666666666666,0.7242951665586778,9.174311926605505,2.3612213944122344,1.200715502194697,1.2841393503943899,559.259850071117
2025-02-19,forward,2025-02-28 23:00:00,9.958333333333334,0.7815164104037136,9.876543209876544,2.959464980132793,1.2034586325285512,1.4239494013476213,562.2193150512497
2025-02-19,forward,2025-03-01 00:00:00,10.0,0.925023965995214,9.174311926605505,3.851336850970284,1.5334778791211117,1.488319861871867,566.07065190222
2025-02-19,forward,2025-03-01 01:00:00,10.041666666666666,0.8880757446121673,6.125574272588055,2.3701665290003233,2.2049626198005288,1.6022739330300162,568.4408184312204
2025-02-19,forward,2025-03-01 02:00:00,10.083333333333334,0.9453330487346836,8.032128514056225,3.5215378785160776,1.7899966791334005,1.7030565104974447,571.9623563097364
2025-02-19,forward,2025-03-01 03:00:00,10.125,0.946719085513953,8.565310492505352,3.7663216705145466,1.6810322854018072,1.835148918141556,575.728677980251
2025-02-19,forward,2025-03-01 04:00:00,10.166666666666666,1.089059343915727,9.174311926605505,5.3383694512077104,1.8054109669992693,1.9016391637626162,581.0670474314586
2025-02-19,forward,2025-03-01 05:00:00,10.208333333333334,1.1241090921693055,8.565310492505352,5.309969974259325,1.996013078393219,1.8241132410028493,586.3770174057179
2025-02-19,forward,2025-03-01 06:00:00,10.25,1.165673296025222,9.174311926605505,6.115883872818916,1.932419352847472,1.8087009254119149,592.4929012785368
2025-02-19,forward,2025-03-01 07:00:00,10.291666666666666,1.1298168044491788,9.876543209876544,6.185190234578989,1.739807083241928,1.7504653105605137,598.6780915131158
2025-02-19,forward,2025-03-01 08:00:00,10.333333333333334,1.102357719752874,9.876543209876544,5.888193820663657,1.6975227855877943,1.6578342072955115,604.5662853337794
2025-02-19,forward,2025-03-01 09:00:00,10.375,0.803258483156128,9.174311926605505,2.9041308290886216,1.3316185962933997,1.72473447125278,607.4704161628681
2025-02-19,forward,2025-03-01 10:00:00,10.416666666666666,0.8114960564024163,9.876543209876544,3.190875275429067,1.249624347409255,2.029490257171413,610.6612914382972
2025-02-19,forward,2025-03-01 11:00:00,10.458333333333334,0.8452132334081044,5.361930294906166,1.8792552560767537,2.3974146621368306,2.2608855912849264,612.5405466943739
2025-02-19,forward,2025-03-01 12:00:00,10.5,1.097830259528028,4.439511653718091,2.6250502904216395,3.7609540683592706,2.5776140766524285,615.1655969847956
2025-02-19,forward,2025-03-01 13:00:00,10.541666666666666,1.0182213667042568,4.950495049504951,2.5180542146065816,3.128179087923006,2.9946673808601236,617.6836511994021
2025-02-19,forward,2025-03-01 14:00:00,10.583333333333334,1.127842161088277,4.767580452920143,2.975272271120338,3.597893697792809,3.4496362947576267,620.6589234705225
2025-02-19,forward,2025-03-01 15:00:00,10.625,1.351662497579267,5.361930294906166,4.806065948859741,3.833938421539569,3.6502754743762935,625.4649894193823
2025-02-19,forward,2025-03-01 16:00:00,10.666666666666666,1.4637861748379777,5.594405594405594,5.880865746141418,3.979437830794277,3.579371810714626,631.3458551655237
2025-02-19,forward,2025-03-01 17:00:00,10.708333333333334,1.4504475112326156,6.125574272588055,6.32241323253424,3.6012497398488317,3.6207965542011493,637.668268398058
2025-02-19,forward,2025-03-01 18:00:00,10.75,1.4843612228224838,6.768189509306261,7.316169266139963,3.3355320863892644,3.521941491876794,644.9844376641979
2025-02-19,forward,2025-03-01 19:00:00,10.791666666666666,1.5026938142764277,6.768189509306261,7.49800181592455,3.376727548842145,3.309070051337942,652.4824394801225
2025-02-19,forward,2025-03-01 20:00:00,10.833333333333334,1.4111858110966238,7.142857142857142,6.978665785949086,3.004763323846676,3.1211494671730677,659.4611052660715
2025-02-19,forward,2025-03-01 21:00:00,10.875,1.20075765488882,7.142857142857142,5.052597766200228,2.55670977830646,2.917077431360768,664.5137030322718
2025-02-19,forward,2025-03-01 22:00:00,10.916666666666666,1.2691441504373164,6.768189509306261,5.348431633129412,2.851914325805029,2.6639906094523664,669.8621346654012
2025-02-19,forward,2025-03-01 23:00:00,10.958333333333334,1.1162713349804283,7.142857142857142,4.366601331299583,2.3768175249750305,2.7073137017142073,674.2287359967007
2025-02-19,forward,2025-03-02 00:00:00,11.0,0.9033662892255344,7.561436672967865,3.027360309908734,1.8170111549388581,2.589914313662424,677.2560963066095
2025-02-19,forward,2025-03-02 01:00:00,11.041666666666666,1.0262412675750865,4.291845493562232,2.2175583789466584,3.636666102413188,2.7898454268798614,679.4736546855562
2025-02-19,forward,2025-03-02 02:00:00,11.083333333333334,0.9726771235342848,6.430868167202571,2.9849636287273613,2.3003669955359785,2.6645864436199616,682.4586183142835
2025-02-19,forward,2025-03-02 03:00:00,11.125,1.0964706933319184,4.439511653718091,2.618552528669679,3.756296457611084,2.6121998881328885,685.0771708429531
2025-02-19,forward,2025-03-02 04:00:00,11.166666666666666,1.0442394913957054,7.561436672967865,4.045168155568469,2.10036042624563,2.695286751322492,689.1223389985216
2025-02-19,forward,2025-03-02 05:00:00,11.208333333333334,1.0254154649653864,7.561436672967865,3.9006418755127124,2.0624981920525913,2.508409165776537,693.0229808740344
2025-02-19,forward,2025-03-02 06:00:00,11.25,0.9326090534562208,6.125574272588055,2.61383457136406,2.3155323340764804,2.4678548507965243,695.6368154453984
2025-02-19,forward,2025-03-02 07:00:00,11.291666666666666,1.013108445075689,6.125574272588055,3.0845421886323328,2.515400589137457,2.216351820498037,698.7213576340307
2025-02-19,forward,2025-03-02 08:00:00,11.333333333333334,0.8697902680415476,6.430868167202571,2.386880785018985,2.0570411056559026,2.219526211205991,701.1082384190497
2025-02-19,forward,2025-03-02 09:00:00,11.375,0.9502293213855384,6.430868167202571,2.848777265943811,2.2472782758201624,2.2130014405069054,703.9570156849935
2025-02-19,forward,2025-03-02 10:00:00,11.416666666666666,0.943167429971658,6.768189509306261,2.9538071266009447,2.1194067704933532,2.2160884174438853,706.9108228115945
2025-02-19,forward,2025-03-02 11:00:00,11.458333333333334,0.900420550891579,6.768189509306261,2.692125744611972,2.023349567858077,2.268652604292893,709.6029485562065
2025-02-19,forward,2025-03-02 12:00:00,11.5,1.0961875556585892,7.142857142857142,4.2108884114554055,2.3340541956983585,2.382820486400487,713.8138369676618
2025-02-19,forward,2025-03-02 13:00:00,11.541666666666666,1.1969570539453822,6.430868167202571,4.520211720722859,2.830785710231502,2.450455202966331,718.3340486883847
2025-02-19,forward,2025-03-02 14:00:00,11.583333333333334,1.2878018585735065,7.142857142857142,5.811685346107545,2.7420483983014687,2.560274942006417,724.1457340344922
2025-02-19,forward,2025-03-02 15:00:00,11.625,1.2460209763748131,7.142857142857142,5.440699065499861,2.653086575215227,2.6594968381914676,729.5864330999921
2025-02-19,forward,2025-03-02 16:00:00,11.666666666666666,1.2363959007096808,6.768189509306261,5.075977132216643,2.77832520473387,2.5483050603239743,734.6624102322087
2025-02-19,forward,2025-03-02 17:00:00,11.708333333333334,1.1072716022916211,6.430868167202571,3.8682092926512652,2.6186809449683786,2.5154772079852585,738.53061952486
2025-02-19,forward,2025-03-02 18:00:00,11.75,1.0824738190961782,9.876543209876544,5.677691667419441,1.6669035284933986,2.2915511626699367,744.2083111922794
2025-02-19,forward,2025-03-02 19:00:00,11.791666666666666,0.9688170571012704,5.594405594405594,2.5761404441245572,2.63381859619921,2.244150592803076,746.784451636404
2025-02-19,forward,2025-03-02 20:00:00,11.833333333333334,0.908169601403818,9.876543209876544,3.996418157214739,1.3984921264095376,2.1358418534305628,750.7808697936188
2025-02-19,forward,2025-03-02 21:00:00,11.875,0.8350838846666285,5.361930294906166,1.8344817809809575,2.36868315601406,1.8609508266416837,752.6153515745997
2025-02-19,forward,2025-03-02 22:00:00,11.916666666666666,0.7503972422027698,5.361930294906166,1.4812748729636578,2.128472768498791,1.8519746735959792,754.0966264475634
2025-02-19,forward,2025-03-02 23:00:00,11.958333333333334,0.629478255902496,9.876543209876544,1.919987791898712,0.9693347842351022,1.7346014361986946,756.0166142394621
2025-02-19,forward,2025-03-03 00:00:00,12.0,0.5933389156469916,5.594405594405594,0.9662547684509083,1.613046610219175,1.844412176948098,756.982869007913
2025-02-19,forward,2025-03-03 01:00:00,12.041666666666666,0.6802769152473085,5.361930294906166,1.2173758014356737,1.9295791718155004,1.8407411977309185,758.2002448093486
2025-02-19,forward,2025-03-03 02:00:00,12.083333333333334,0.7567727486279445,5.594405594405594,1.5718711842533764,2.0573565709059576,1.970383086005345,759.772115993602
2025-02-19,forward,2025-03-03 03:00:00,12.125,0.9023094881925068,5.847953216374269,2.3358608698843284,2.3466572807109864,2.2662072253265015,762.1079768634863
2025-02-19,forward,2025-03-03 04:00:00,12.166666666666666,1.0690547799347052,5.594405594405594,3.1367933047976853,2.9063240981453493,2.4347635400417342,765.244770168284
2025-02-19,forward,2025-03-03 05:00:00,12.208333333333334,1.1052922826056235,6.125574272588055,3.671411964834639,2.7442796201620427,2.538336512753878,768.9161821331187
2025-02-19,forward,2025-03-03 06:00:00,12.25,1.0570030515411837,6.125574272588055,3.3576183193114946,2.6243844985105675,2.6595051123761118,772.2738004524302
2025-02-19,forward,2025-03-03 07:00:00,12.291666666666666,0.9808875245051528,5.847953216374269,2.7604147859353434,2.5510170080883654,2.6913353754094196,775.0342152383656
2025-02-19,forward,2025-03-03 08:00:00,12.333333333333334,0.981634449802142,5.361930294906166,2.5348530049591633,2.7843681686393604,2.635000999271743,777.5690682433248
2025-02-19,forward,2025-03-03 09:00:00,12.375,1.0730041209268466,6.430868167202571,3.6324899374436423,2.537638858910833,2.5274578350976333,781.2015581807684
2025-02-19,forward,2025-03-03 10:00:00,12.416666666666666,0.98753984059162,5.847953216374269,2.797983661228708,2.5683178413192898,2.3617450356847782,783.9995418419971
2025-02-19,forward,2025-03-03 11:00:00,12.458333333333334,0.8070911123436167,5.847953216374269,1.8688784356638894,2.0990206351173835,2.1822891993357696,785.868420277661
2025-02-19,forward,2025-03-03 12:00:00,12.5,0.6267901403458527,5.847953216374269,1.127146159312452,1.6301077020334396,1.971119042388468,786.9955664369735
2025-02-19,forward,2025-03-03 13:00:00,12.541666666666666,0.5197610022989447,5.361930294906166,0.710657886257408,1.4742819899943096,1.805017416625084,787.7062243232309
2025-02-19,forward,2025-03-03 14:00:00,12.583333333333334,0.5136010643393462,5.148005148005149,0.6662279309534357,1.5173472269555524,1.8801137959733865,788.3724522541844
2025-02-19,forward,2025-03-03 15:00:00,12.625,0.592538669301105,5.847953216374269,1.007324318661364,1.5410291043305298,2.1016476057532634,789.3797765728458
2025-02-19,forward,2025-03-03 16:00:00,12.666666666666666,0.9826497921662888,4.950495049504951,2.3451908835919673,3.018896117409104,2.284796554690733,791.7249674564378
2025-02-19,forward,2025-03-03 17:00:00,12.708333333333334,1.0746551506814062,4.767580452920143,2.701271975933357,3.4282234937966463,2.4731569014098365,794.4262394323711
2025-02-19,forward,2025-03-03 18:00:00,12.75,1.0038288532028112,5.594405594405594,2.76570167063802,2.729001395658256,2.6849334745466535,797.1919411030091
2025-02-19,forward,2025-03-03 19:00:00,12.791666666666666,0.8815683205266432,5.148005148005149,1.9628312174921094,2.6044440703089307,2.77934097545463,799.1547723205011
2025-02-19,forward,2025-03-03 20:00:00,12.833333333333334,0.9829172090922044,5.361930294906166,2.541482215606712,2.7880066657764524,2.5697600107796217,801.6962545361079
2025-02-19,forward,2025-03-03 21:00:00,12.875,0.7752078552027164,5.594405594405594,1.649386032731755,2.10747410977839,2.2901675193467566,803.3456405688396
2025-02-19,forward,2025-03-03 22:00:00,12.916666666666666,0.6209886605553053,5.361930294906166,1.0144263862584666,1.7614103293590542,2.0917321618630162,804.3600669550981
2025-02-19,forward,2025-03-03 23:00:00,12.958333333333334,0.5925771057188576,5.148005148005149,0.8868715899075269,1.7506685451994568,1.8703385783645199,805.2469385450056
2025-02-19,forward,2025-03-04 00:00:00,13.0,0.5007452455248546,4.950495049504951,0.6089958496852258,1.5383892507558126,1.6136870931965313,805.8559343946908
2025-02-19,forward,2025-03-04 01:00:00,13.041666666666666,0.4319363123637799,5.148005148005149,0.4712055948428849,1.276082569317954,1.4597783168834981,806.3271399895337
2025-02-19,forward,2025-03-04 02:00:00,13.083333333333334,0.4062554495512299,4.950495049504951,0.40084739300575684,1.2480977547685204,1.245954377439374,806.7279873825395
2025-02-19,forward,2025-03-04 03:00:00,13.125,0.3579334420812095,4.597701149425287,0.28898634743607154,1.1840214519001904,1.033930732555141,807.0169737299756
2025-02-19,forward,2025-03-04 04:00:00,13.166666666666666,0.2886205035617262,9.174311926605505,0.3749383774862449,0.4784666926943092,0.8810230891303176,807.3919121074618
2025-02-19,forward,2025-03-04 05:00:00,13.208333333333334,0.2886566866055649,9.174311926605505,0.3750323920275665,0.47852667589405934,0.7505083607776489,807.7669444994895
2025-02-19,forward,2025-03-04 06:00:00,13.25,0.3745652449821288,9.174311926605505,0.6314812951862578,0.6209433902068721,0.637772562543922,808.3984257946757
2025-02-19,forward,2025-03-04 07:00:00,13.291666666666666,0.2776431014949759,8.565310492505352,0.3239283199681722,0.4929941992019411,0.5326177541494835,808.722354114644
2025-02-19,forward,2025-03-04 08:00:00,13.333333333333334,0.3448503895067562,9.174311926605505,0.5352626960571498,0.5716829653661599,0.5139709347671343,809.2576168107012
2025-02-19,forward,2025-03-04 09:00:00,13.375,0.3336363170275486,9.174311926605505,0.5010166657032158,0.5530926015335598,0.49204185961518593,809.7586334764044
2025-02-19,forward,2025-03-04 10:00:00,13.416666666666666,0.2211317381099168,9.174311926605505,0.22009374214092542,0.3665857764002136,0.46808853387553767,809.9787272185453
2025-02-19,forward,2025-03-04 11:00:00,13.458333333333334,0.2253079998936898,9.876543209876544,0.24597457911052542,0.34695222498236933,0.4362770630578153,810.2247017976558
2025-02-19,forward,2025-03-04 12:00:00,13.5,0.2878705465734481,9.174311926605505,0.372992415011401,0.47722343576898246,0.3906308345103829,810.5976942126672
2025-02-19,forward,2025-03-04 13:00:00,13.541666666666666,0.1961978015939648,9.876543209876544,0.1865199434655345,0.30212537429560665,0.34634154496954617,810.7842141561327
2025-02-19,forward,2025-03-04 14:00:00,13.583333333333334,0.1796421816601463,9.174311926605505,0.14525201871494842,0.2978055940815656,0.3949974943010277,810.9294661748477
2025-02-19,forward,2025-03-04 15:00:00,13.625,0.1733393026917865,9.174311926605505,0.13523827601321317,0.28735686428853935,0.7230506756190582,811.0647044508609
2025-02-19,forward,2025-03-04 16:00:00,13.666666666666666,0.3972330819871359,9.174311926605505,0.7102256537187464,0.658521472389103,1.0517245635338794,811.7749301045797
2025-02-19,forward,2025-03-04 17:00:00,13.708333333333334,0.4902778279817942,3.2206119162640903,0.3797999785006746,2.3152713128905527,1.3827504057475961,812.1547300830804
2025-02-19,forward,2025-03-04 18:00:00,13.75,0.5606321755596056,3.4812880765883376,0.5368191920385363,2.44926676325791,1.7096032614171472,812.691549275119
2025-02-19,forward,2025-03-04 19:00:00,13.791666666666666,0.6457364356344201,4.291845493562232,0.8779841923209009,2.288280427577906,2.062872686173082,813.5695334674399
2025-02-19,forward,2025-03-04 20:00:00,13.833333333333334,0.7352786790130079,4.950495049504951,1.3130601154723476,2.258922728098874,2.4556619577573557,814.8825935829122
2025-02-19,forward,2025-03-04 21:00:00,13.875,0.7834691330456636,4.950495049504951,1.4908173755076766,2.4069734128241467,2.4355678694191787,816.37341095842
2025-02-19,forward,2025-03-04 22:00:00,13.916666666666666,0.797810822238234,4.024144869215292,1.2566243958598609,3.015257101894747,2.3820168885975126,817.6300353542798
2025-02-19,forward,2025-03-04 23:00:00,13.958333333333334,0.7143764078558822,4.950495049504951,1.2394667226698115,2.194706782861488,2.291745412763174,818.8695020769496
2025-02-19,forward,2025-03-05 00:00:00,14.0,0.7502167743207179,5.361930294906166,1.4805624759052323,2.1279608783279147,2.217710281126954,820.3500645528549
2025-02-19,forward,2025-03-05 01:00:00,14.041666666666666,0.6716022401108627,5.847953216374269,1.2940772286585167,1.7466515725718732,2.0753620334225813,821.6441417815133
2025-02-19,forward,2025-03-05 02:00:00,14.083333333333334,0.6397802471484592,5.361930294906166,1.0767499296219076,1.8147119382815546,1.887206661352509,822.7208917111352
2025-02-19,forward,2025-03-05 03:00:00,14.125,0.5712088288682814,5.594405594405594,0.8955210648051354,1.5528839265979095,1.8180011556175797,823.6164127759404
2025-02-19,forward,2025-03-05 04:00:00,14.166666666666666,0.6384948965146563,5.148005148005149,1.0296410921857606,1.8863248694743144,1.7623477468080775,824.6460538681262
2025-02-19,forward,2025-03-05 05:00:00,14.208333333333334,0.6273569543256751,5.361930294906166,1.0353391353380608,1.7794737484519108,1.7930996082417732,825.6813930034642
2025-02-19,forward,2025-03-05 06:00:00,14.25,0.6599152150545332,5.594405594405594,1.195259670705724,1.7940404254709024,1.762865670825165,826.8766526741699
2025-02-19,forward,2025-03-05 07:00:00,14.291666666666666,0.6808352057253814,5.361930294906166,1.2193747762374019,1.9311627411740473,1.8151698922509916,828.0960274504073
2025-02-19,forward,2025-03-05 08:00:00,14.333333333333334,0.6578349600658213,6.125574272588055,1.3005071476748427,1.633308313781906,1.8348533330886783,829.3965345980821
2025-02-19,forward,2025-03-05 09:00:00,14.375,0.7177654301998798,5.847953216374269,1.478090406252021,1.8667092551528697,1.8626971163799177,830.8746250043341
2025-02-19,forward,2025-03-05 10:00:00,14.416666666666666,0.8073069653537407,6.125574272588055,1.9586473198465106,2.0044255145004333,1.9008495512514116,832.8332723241806
2025-02-19,forward,2025-03-05 11:00:00,14.458333333333334,0.7839914337440073,6.125574272588055,1.8471470825909388,1.9465364481993475,1.9155955697448313,834.6804194067715
2025-02-19,forward,2025-03-05 12:00:00,14.5,0.7441185760455789,5.594405594405594,1.5197434338000149,2.0229550346998653,2.0035574992903573,836.2001628405716
2025-02-19,forward,2025-03-05 13:00:00,14.541666666666666,0.7428987599814196,5.594405594405594,1.5147649584276242,2.0196388521345647,2.0475471246321937,837.7149277989992
2025-02-19,forward,2025-03-05 14:00:00,14.583333333333334,0.7314956737985671,5.148005148005149,1.351433032340721,2.161079891055064,2.048798903111703,839.0663608313399
2025-02-19,forward,2025-03-05 15:00:00,14.625,0.7211945632424547,5.148005148005149,1.3136385786542644,2.130647007203888,2.0736997050130315,840.3799994099942
2025-02-19,forward,2025-03-05 16:00:00,14.666666666666666,0.7093120416382184,5.361930294906166,1.3235119373564088,2.011936185377489,2.166572943145405,841.7035113473506
2025-02-19,forward,2025-03-05 17:00:00,14.708333333333334,0.7094471473658294,5.148005148005149,1.2711918492662233,2.0959412596073177,2.258322817845462,842.9747031966168
2025-02-19,forward,2025-03-05 18:00:00,14.75,0.7531640924097363,4.439511653718091,1.235510518042477,2.580194463494106,2.3832688825886827,844.2102137146593
2025-02-19,forward,2025-03-05 19:00:00,14.791666666666666,0.8056686363900378,4.767580452920143,1.5182489131593873,2.5701381003349097,2.490640896904035,845.7284626278187
2025-02-19,forward,2025-03-05 20:00:00,14.833333333333334,0.9474503069573252,4.950495049504951,2.1801859958284084,2.9107562795143878,2.623438103897002,847.9086486236471
2025-02-19,forward,2025-03-05 21:00:00,14.875,0.9782890576391906,5.361930294906166,2.5176049806975653,2.774879093096,2.835507514691225,850.4262536043447
2025-02-19,forward,2025-03-05 22:00:00,14.916666666666666,1.0799762750985982,5.847953216374269,3.3462959910086605,2.8087194273352902,2.938835217788854,853.7725495953533
2025-02-19,forward,2025-03-05 23:00:00,14.958333333333334,1.2390080404551238,5.594405594405594,4.213414955188259,3.368357724372656,2.960424143783578,857.9859645505416
2025-02-19,forward,2025-03-06 00:00:00,15.0,1.128222914560554,5.361930294906166,3.3484439189618023,3.200160682079881,2.8727815374185446,861.3344084695034
2025-02-19,forward,2025-03-06 01:00:00,15.041666666666666,0.9930402773272868,5.594405594405594,2.7065727833160325,2.699671656303252,2.920374615813809,864.0409812528194
2025-02-19,forward,2025-03-06 02:00:00,15.083333333333334,0.9170143824373116,5.847953216374269,2.4126160767160862,2.3849006413241844,3.0718476743735805,866.4535973295355
2025-02-19,forward,2025-03-06 03:00:00,15.125,1.0789632555081234,5.361930294906166,3.0624323732033396,3.06043756346759,3.2156305533064136,869.5160297027388
2025-02-19,forward,2025-03-06 04:00:00,15.166666666666666,1.3106322740642369,5.361930294906166,4.518714613681574,3.7175577786939202,3.349917148412987,874.0347443164204
2025-02-19,forward,2025-03-06 05:00:00,15.208333333333334,1.4321536373685808,5.148005148005149,5.180244123074264,4.231054997969653,3.6251673118044985,879.2149884394947
2025-02-19,forward,2025-03-06 06:00:00,15.25,1.5402946950551355,5.847953216374269,6.806808968563464,4.005880252719323,3.9374504307420257,886.0217974080582
2025-02-19,forward,2025-03-06 07:00:00,15.291666666666666,1.8398308150104372,6.430868167202571,10.679659766525212,4.351172636652321,4.1564135653761305,896.7014571745834
2025-02-19,forward,2025-03-06 08:00:00,15.333333333333334,1.895139840452413,6.768189509306261,11.925787516616492,4.2585993549493475,4.220863334711921,908.6272446912
2025-02-19,forward,2025-03-06 09:00:00,15.375,1.9465911265690703,6.768189509306261,12.582125785812098,4.37421637127222,4.180376577558495,921.209370477012
2025-02-19,forward,2025-03-06 10:00:00,15.416666666666666,1.9275622620089568,7.142857142857142,13.020295113309086,4.104256394708663,4.183302011125583,934.2296655903211
2025-02-19,forward,2025-03-06 11:00:00,15.458333333333334,1.9827870697422505,7.561436672967865,14.584398050433036,3.9881344550490962,4.077556232525069,948.8140636407542
2025-02-19,forward,2025-03-06 12:00:00,15.5,2.0003364302397277,7.561436672967865,14.84370933725203,4.023432854121855,4.006684165710429,963.6577729780062
2025-02-19,forward,2025-03-06 13:00:00,15.541666666666666,1.847836563761548,7.561436672967865,12.666699439078524,3.7166979650492338,3.8072484009959235,976.3244724170847
2025-02-19,forward,2025-03-06 14:00:00,15.583333333333334,1.7059051186096112,6.768189509306261,9.663051375222187,3.833366954061509,3.6242765303709494,985.9875237923069
2025-02-19,forward,2025-03-06 15:00:00,15.625,1.4923593195764244,7.142857142857142,7.804602736740906,3.1776017829851813,3.521498746888082,993.7921265290478
2025-02-19,forward,2025-03-06 16:00:00,15.666666666666666,1.4947091233541177,7.561436672967865,8.287999639058839,3.0064251709588214,3.1891711518043824,1002.0801261681066
2025-02-19,forward,2025-03-06 17:00:00,15.708333333333334,1.5003531276705102,6.768189509306261,7.474661327772713,3.3714677541518916,2.904468134129619,1009.5547874958794
2025-02-19,forward,2025-03-06 18:00:00,15.75,1.5561443960034136,11.661807580174926,13.854718012529686,2.029467283619655,2.5855977781359827,1023.4095055084091
2025-02-19,forward,2025-03-06 19:00:00,15.791666666666666,1.5400517674249683,11.661807580174926,13.569646801492526,2.008479859000657,2.369657360888403,1036.9791523099016
2025-02-19,forward,2025-03-06 20:00:00,15.833333333333334,1.4723186829952442,11.661807580174926,12.402280542535356,1.9201448180996896,2.3855121803207626,1049.381432852437
2025-02-19,forward,2025-03-06 21:00:00,15.875,1.443038973792561,11.661807580174926,11.913902077448656,1.881959279499702,2.2664659093924375,1061.2953349298857
2025-02-19,forward,2025-03-06 22:00:00,15.916666666666666,1.456643551912191,7.142857142857142,7.435506869543008,3.1015540875529815,2.2628757132883206,1068.7308417994286
2025-02-19,forward,2025-03-06 23:00:00,15.958333333333334,1.4033152544932006,8.032128514056225,7.7602046473744455,2.6571901285819406,2.2635359525849874,1076.491046446803
2025-02-19,forward,2025-03-07 00:00:00,16.0,1.5396271643345876,11.661807580174926,13.562165339094136,2.007926106994953,2.2486599671413185,1090.0532117858972
2025-02-19,forward,2025-03-07 01:00:00,16.041666666666668,1.5430892966026657,11.661807580174926,13.62322791795606,2.012441294780659,2.255563707348763,1103.6764397038532
2025-02-19,forward,2025-03-07 02:00:00,16.083333333333332,1.5433675242682283,12.82051282051282,14.982219166973087,1.8308889054376771,2.018714742969706,1118.6586588708262
2025-02-19,forward,2025-03-07 03:00:00,16.125,1.4748006584139066,11.661807580174926,12.444130315217656,1.923381720744367,1.8792030662880554,1131.102789186044
2025-02-19,forward,2025-03-07 04:00:00,16.166666666666668,1.41656211204986,12.82051282051282,12.62143323743771,1.6804603012786379,1.8552171700894204,1143.7242224234817
2025-02-19,forward,2025-03-07 05:00:00,16.208333333333332,1.395622224363018,11.661807580174926,11.143808955468431,1.8201200684920382,1.8021685758484989,1154.86803137895
2025-02-19,forward,2025-03-07 06:00:00,16.25,1.429276477963176,11.661807580174926,11.68773611778047,1.864010729803143,1.8058234904818942,1166.5557674967306
2025-02-19,forward,2025-03-07 07:00:00,16.291666666666668,1.299031341167282,11.661807580174926,9.654663979844814,1.694149729335129,1.7806026685905874,1176.2104314765754
2025-02-19,forward,2025-03-07 08:00:00,16.333333333333332,1.4206944761913176,11.661807580174926,11.547800928850425,1.8528183932380506,1.7650219057327885,1187.7582324054258
2025-02-19,forward,2025-03-07 09:00:00,16.375,1.3587685125433178,11.661807580174926,10.563038266920124,1.7720567893965264,1.7859015576191568,1198.321270672346
2025-02-19,forward,2025-03-07 10:00:00,16.416666666666668,1.3377582807743522,12.82051282051282,11.256223991550076,1.5869757241318438,1.7507028827313584,1209.577494663896
2025-02-19,forward,2025-03-07 11:00:00,16.458333333333332,1.4916821713325203,11.661807580174926,12.730647786233053,1.9453979798102474,1.788974061256668,1222.308142450129
2025-02-19,forward,2025-03-07 12:00:00,16.5,1.3932613100527085,12.82051282051282,12.209632302257637,1.6528186804763523,1.7836432861783937,1234.5177747523867
2025-02-19,forward,2025-03-07 13:00:00,16.541666666666668,1.4751035956095018,11.661807580174926,12.44924311075653,1.9237768004869866,1.7997665500907134,1246.9670178631432
2025-02-19,forward,2025-03-07 14:00:00,16.583333333333332,1.3961694518225125,11.661807580174926,11.15254970739656,1.8208337427684065,1.8294048124311162,1258.1195675705396
2025-02-19,forward,2025-03-07 15:00:00,16.625,1.432945988529106,11.661807580174926,11.747827118092605,1.868796372870443,1.9936010729400007,1269.8673946886322
2025-02-19,forward,2025-03-07 16:00:00,16.666666666666668,1.3532082517205517,11.661807580174926,10.476764445902077,1.7648052981742612,2.0194013464962643,1280.3441591345343
2025-02-19,forward,2025-03-07 17:00:00,16.708333333333332,1.4569988446443185,7.561436672967865,7.875076250494415,2.9305755428635543,2.014127389622327,1288.2192353850287
2025-02-19,forward,2025-03-07 18:00:00,16.75,1.386037733446811,11.661807580174926,10.99127343307657,1.8076203218139355,2.065173567495906,1299.2105088181052
2025-02-19,forward,2025-03-07 19:00:00,16.791666666666668,1.3305831827381358,10.6951871657754,9.2897597560612,1.8921330592433625,2.039843044924082,1308.5002685741663
2025-02-19,forward,2025-03-07 20:00:00,16.833333333333332,1.2831150056852112,9.174311926605505,7.410315579486214,2.1271108100098797,2.0089070578804606,1315.9105841536525
2025-02-19,forward,2025-03-07 21:00:00,16.875,1.20729502107674,10.6951871657754,7.647988773812832,1.716813237439499,1.748088392791704,1323.5585729274653
2025-02-19,forward,2025-03-07 22:00:00,16.916666666666668,1.1105153602612938,10.6951871657754,6.470972623501942,1.5791893759125317,1.6619377323950706,1330.0295455509672
2025-02-19,forward,2025-03-07 23:00:00,16.958333333333332,1.0471564143648953,11.661807580174926,6.273660591813644,1.3656635523310139,1.5368733015037546,1336.303206142781
2025-02-19,forward,2025-03-08 00:00:00,17.0,0.9896887945791508,11.661807580174926,5.60396237842501,1.2907163594341369,1.3631199724737166,1341.907168521206
2025-02-19,forward,2025-03-08 01:00:00,17.041666666666668,0.8754624385174695,11.661807580174926,4.385033744938022,1.1417464738954666,1.259259940094799,1346.292202266144
2025-02-19,forward,2025-03-08 02:00:00,17.083333333333332,0.8316369348525445,11.661807580174926,3.956994466173874,1.0845908358296508,1.204557981450112,1350.2491967323178
2025-02-19,forward,2025-03-08 03:00:00,17.125,0.8385856071842909,11.661807580174926,4.023395383374646,1.0936530431659945,1.3241191421030216,1354.2725921156925
2025-02-19,forward,2025-03-08 04:00:00,17.166666666666668,0.9592181331991388,11.661807580174926,5.264203444684947,1.2509776240444093,1.297738555902403,1359.5367955603774
2025-02-19,forward,2025-03-08 05:00:00,17.208333333333332,0.8807795167947197,6.430868167202571,2.4475752479067787,2.083030516248472,1.505758668222332,1361.9843708082842
2025-02-19,forward,2025-03-08 06:00:00,17.25,0.796347850956475,10.6951871657754,3.327561167088255,1.132432842230425,1.6840724168797834,1365.3119319753725
2025-02-19,forward,2025-03-08 07:00:00,17.291666666666668,0.8790825838766507,5.594405594405594,2.1210227904735173,2.389867147815041,1.8832986234126523,1367.432954765846
2025-02-19,forward,2025-03-08 08:00:00,17.333333333333332,0.8677405628687517,6.125574272588055,2.2628649828222316,2.154473327774359,2.0148016597505922,1369.6958197486683
2025-02-19,forward,2025-03-08 09:00:00,17.375,0.8801437318195697,5.847953216374269,2.2225069300805353,2.2890102823632077,1.8358184812441822,1371.9183266787488
2025-02-19,forward,2025-03-08 10:00:00,17.416666666666668,0.7843955823055578,5.847953216374269,1.7652499229778897,2.0399958420720474,1.802589855230188,1373.6835766017268
2025-02-19,forward,2025-03-08 11:00:00,17.458333333333332,0.6553218892360482,9.876543209876544,2.0808767166676945,1.0091314452100133,1.5357740634285602,1375.7644533183945
2025-02-19,forward,2025-03-08 12:00:00,17.5,0.6059224064897564,9.876543209876544,1.7789798412575666,0.9330610861464596,1.2996360964544509,1377.543433159652
2025-02-19,forward,2025-03-08 13:00:00,17.541666666666668,0.5548200735521267,10.6951871657754,1.6151942273121027,0.7889723970052736,1.0450393270547378,1379.158627386964
2025-02-19,forward,2025-03-08 14:00:00,17.583333333333332,0.5656080098838518,11.661807580174926,1.830328351788347,0.737645525929704,0.8360328446223538,1380.9889557387523
2025-02-19,forward,2025-03-08 15:00:00,17.625,0.5354515124723801,10.6951871657754,1.504390983678479,0.7614296659649284,0.7765558466492863,1382.4933467224307
2025-02-19,forward,2025-03-08 16:00:00,17.666666666666668,0.5103941554136424,9.876543209876544,1.26225874080358,0.7859569474777446,0.7677636008069131,1383.7556054632344
2025-02-19,forward,2025-03-08 17:00:00,17.708333333333332,0.5498375650153104,12.82051282051282,1.9015434174806238,0.652269457371608,1.1599848043182144,1385.6571488807149
2025-02-19,forward,2025-03-08 18:00:00,17.75,0.6749977034944128,11.661807580174926,2.606768685492293,0.8803076110922203,1.4969015417191753,1388.2639175662073
2025-02-19,forward,2025-03-08 19:00:00,17.791666666666668,0.9172437478687268,4.439511653718091,1.8324694971411997,3.1422996180730802,1.8802150636249457,1390.0963870633484
2025-02-19,forward,2025-03-08 20:00:00,17.833333333333332,0.9339327687066088,5.148005148005149,2.20293779154232,2.75914595033547,2.082782666100536,1392.2993248548908
2025-02-19,forward,2025-03-08 21:00:00,17.875,0.9964557579420116,4.950495049504951,2.4115524170831777,3.0613107973995515,2.4358568297461574,1394.710877271974
2025-02-19,forward,2025-03-08 22:00:00,17.916666666666668,0.8906360075069942,6.768189509306261,2.633934933944236,2.001362562331287,2.7221692395626587,1397.344812205918
2025-02-19,forward,2025-03-08 23:00:00,17.958333333333332,0.8087772667858575,4.439511653718091,1.4247055132759086,2.770714439245336,2.7214879048745133,1398.769517719194
2025-02-19,forward,2025-03-09 00:00:00,18.0,1.1562295353909997,6.768189509306261,4.439076833154194,2.598182069991228,2.741266568372683,1403.2085945523481
2025-02-19,forward,2025-03-09 01:00:00,18.041666666666668,1.4738597416393169,7.142857142857142,7.612307272972789,3.138211609944207,2.704662363490378,1410.820901825321
2025-02-19,forward,2025-03-09 02:00:00,18.083333333333332,1.351565961742877,7.142857142857142,6.4014519424132335,2.877817931324489,2.78430351074101,1417.2223537677341
2025-02-19,forward,2025-03-09 03:00:00,18.125,1.2645922016347682,6.768189509306261,5.3101347583248675,2.8416855681057203,2.7478786623534712,1422.532488526059
2025-02-19,forward,2025-03-09 04:00:00,18.166666666666668,1.3093200960673044,8.032128514056225,6.755451018647194,2.479209445835078,2.779507704956768,1429.2879395447062
2025-02-19,forward,2025-03-09 05:00:00,18.208333333333332,1.3478495677085311,8.032128514056225,7.158887364143021,2.552165348920105,2.719065691782798,1436.4468269088493
2025-02-19,forward,2025-03-09 06:00:00,18.25,1.309362497017782,7.142857142857142,6.007915185533227,2.7879563256110087,2.6861456874075142,1442.4547420943825
2025-02-19,forward,2025-03-09 07:00:00,18.291666666666668,1.173605457717554,6.430868167202571,4.345561304524939,2.775559530900386,2.63455536348978,1446.8003033989073
2025-02-19,forward,2025-03-09 08:00:00,18.333333333333332,1.1927722992493144,6.768189509306261,4.724105992144339,2.680297905072788,2.6104494890919323,1451.5244093910517
2025-02-19,forward,2025-03-09 09:00:00,18.375,1.0706805400749004,6.430868167202571,3.6167747223556512,2.5321436245993127,2.5956757500120666,1455.1411841134072
2025-02-19,forward,2025-03-09 10:00:00,18.416666666666668,0.9871411480876958,6.430868167202571,3.0743984395760022,2.3345741994479927,2.504677676513328,1458.2155825529833
2025-02-19,forward,2025-03-09 11:00:00,18.458333333333332,0.947245308614564,5.847953216374269,2.574310032197449,2.463522914440912,2.3630016354913272,1460.7898925851807
2025-02-19,forward,2025-03-09 12:00:00,18.5,0.8246796993635644,5.594405594405594,1.866622905816839,2.241967884618577,2.204813303023411,1462.6565154909977
2025-02-19,forward,2025-03-09 13:00:00,18.541666666666668,0.7082721750389818,5.594405594405594,1.3768490972152239,1.925503284768381,2.082121955479226,1464.0333645882129
2025-02-19,forward,2025-03-09 14:00:00,18.583333333333332,0.610326636487454,5.361930294906166,0.9798911739066235,1.731167910265291,1.9533868455690604,1465.0132557621196
2025-02-19,forward,2025-03-09 15:00:00,18.625,0.5845960161666517,4.950495049504951,0.8300272812117282,1.7959955393342013,1.7738525248698285,1465.8432830433312
2025-02-19,forward,2025-03-09 16:00:00,18.666666666666668,0.4896959307033178,4.767580452920143,0.5608969186887651,1.5621635399870002,1.632944998329642,1466.40417996202
2025-02-19,forward,2025-03-09 17:00:00,18.708333333333332,0.4692491402448616,5.148005148005149,0.5561321177291715,1.3863169902455195,1.4034629834844161,1466.9603120797492
2025-02-19,forward,2025-03-09 18:00:00,18.75,0.4377720246612206,4.767580452920143,0.44825596139191615,1.396522725377459,1.2271716948935547,1467.408568041141
2025-02-19,forward,2025-03-09 19:00:00,18.791666666666668,0.4206612467514196,11.661807580174926,1.0124251243345028,0.5486111956970271,1.189691071704109,1468.4209931654755
2025-02-19,forward,2025-03-09 20:00:00,18.833333333333332,0.4373136778794017,9.876543209876544,0.9266657756194747,0.6734201787201208,1.2100702884218217,1469.347658941095
2025-02-19,forward,2025-03-09 21:00:00,18.875,0.4433565578833269,4.291845493562232,0.4138875719999492,1.5711118001975264,1.0834198795744385,1469.761546513095
2025-02-19,forward,2025-03-09 22:00:00,18.916666666666668,0.4456878769442021,4.024144869215292,0.39216360173697357,1.684438840293278,0.9321913392977277,1470.153710114832
2025-02-19,forward,2025-03-09 23:00:00,18.958333333333332,0.4803188893195246,11.661807580174926,1.319949261550716,0.6264145371612204,1.01580598272249,1471.4736593763826
2025-02-19,forward,2025-03-10 00:00:00,19.0,0.3439804272040848,10.6951871657754,0.6208517157602058,0.4891514837171927,1.0014711213067249,1472.0945110921427
2025-02-19,forward,2025-03-10 01:00:00,19.041666666666668,0.3863393030243234,5.594405594405594,0.4096601946079783,1.050299056245601,0.8947978940154645,1472.5041712867508
2025-02-19,forward,2025-03-10 02:00:00,19.083333333333332,0.3543378549806657,9.174311926605505,0.5651199499948542,0.5874110102255304,0.7739460625817075,1473.0692912367456
2025-02-19,forward,2025-03-10 03:00:00,19.125,0.3936905985199983,6.430868167202571,0.48900322993238315,0.9310724364499645,0.8120586538283284,1473.558294466678
2025-02-19,forward,2025-03-10 04:00:00,19.166666666666668,0.4505479156217408,7.142857142857142,0.7113543104920242,0.9593278516907365,0.8036532772130673,1474.26964877717
2025-02-19,forward,2025-03-10 05:00:00,19.208333333333332,0.3615625530644747,6.430868167202571,0.41244736070559895,0.8550900846409459,0.7040297978749206,1474.6820961378755
2025-02-19,forward,2025-03-10 06:00:00,19.25,0.3363988507707283,11.661807580174926,0.6474510084976398,0.4387192240256257,0.6844582682212298,1475.3295471463732
2025-02-19,forward,2025-03-10 07:00:00,19.291666666666668,0.3182473351254382,10.6951871657754,0.5314347805608409,0.4525581802167206,0.6423347692296887,1475.860981926934
2025-02-19,forward,2025-03-10 08:00:00,19.333333333333332,0.3603702313731872,11.661807580174926,0.7430118187798188,0.469981832303385,0.5920107489274233,1476.603993745714
2025-02-19,forward,2025-03-10 09:00:00,19.375,0.2868227015840704,6.430868167202571,0.2595545726212513,0.6783314425007181,0.5649877361936376,1476.8635483183352
2025-02-19,forward,2025-03-10 10:00:00,19.416666666666668,0.4622844737621041,10.6951871657754,1.1213444493254263,0.6573837298771446,0.6104488746536604,1477.9848927676608
2025-02-19,forward,2025-03-10 11:00:00,19.458333333333332,0.487296749085456,10.6951871657754,1.2459696129088842,0.6929520082382316,0.6631373323691216,1479.2308623805698
2025-02-19,forward,2025-03-10 12:00:00,19.5,0.4620333533361208,9.876543209876544,1.03438843627931,0.7114860547857623,0.7273420026589017,1480.2652508168492
2025-02-19,forward,2025-03-10 13:00:00,19.541666666666668,0.4636882534125244,9.174311926605505,0.9677378416545901,0.7686889265094884,0.7096014448576328,1481.2329886585037
2025-02-19,forward,2025-03-10 14:00:00,19.583333333333332,0.4251860261039993,7.561436672967865,0.6706475130502105,0.8552098540420652,0.7200449878537304,1481.903636171554
2025-02-19,forward,2025-03-10 15:00:00,19.625,0.4385093873829966,11.661807580174926,1.1001596048088527,0.5718880956931048,0.7268182327576052,1483.0037957763627
