survey_date,direction,datetime,days,Hs,Tp,P_kW_m,cum_power
2024-10-23,backward,2024-10-23 00:00:00,-0.0,0.45999999999999996,9.09,0.9440973415385903,0.9440973415385903
2024-10-23,backward,2024-10-22 23:00:00,-0.041666666666666664,0.435,9.545,0.884248183539531,1.8283455250781213
2024-10-23,backward,2024-10-22 22:00:00,-0.08333333333333333,0.405,9.545,0.7673134459102917,2.595658970988413
2024-10-23,backward,2024-10-22 21:00:00,-0.125,0.42500000000000004,10.0,0.8892216924538767,3.48488066344229
2024-10-23,backward,2024-10-22 20:00:00,-0.16666666666666666,0.395,10.0,0.7655892143858067,4.250469877828097
2024-10-23,backward,2024-10-22 19:00:00,-0.20833333333333334,0.36,11.45,0.7280186779951209,4.978488555823218
2024-10-23,backward,2024-10-22 18:00:00,-0.25,0.365,10.405000000000001,0.679482137041826,5.657970692865044
2024-10-23,backward,2024-10-22 17:00:00,-0.2916666666666667,0.395,9.545,0.731636645096363,6.389607337961407
2024-10-23,backward,2024-10-22 16:00:00,-0.3333333333333333,0.41000000000000003,10.405000000000001,0.8634082613039142,7.253015599265321
2024-10-23,backward,2024-10-22 15:00:00,-0.375,0.43,9.545,0.8658544181914037,8.118870017456725
2024-10-23,backward,2024-10-22 14:00:00,-0.4166666666666667,0.37,8.71,0.5840447324442797,8.702914749901005
2024-10-23,backward,2024-10-22 13:00:00,-0.4583333333333333,0.37,8.845,0.5986912562547725,9.301606006155778
2024-10-23,backward,2024-10-22 12:00:00,-0.5,0.365,8.33,0.5445581379460748,9.846164144101852
2024-10-23,backward,2024-10-22 11:00:00,-0.5416666666666666,0.36,10.605,0.6801633421838795,10.526327486285732
2024-10-23,backward,2024-10-22 10:00:00,-0.5833333333333334,0.355,9.905,0.6019314574508066,11.128258943736538
2024-10-23,backward,2024-10-22 09:00:00,-0.625,0.345,10.615,0.6094242234083247,11.737683167144864
2024-10-23,backward,2024-10-22 08:00:00,-0.6666666666666666,0.34,9.09,0.5155297717612709,12.253212938906135
2024-10-23,backward,2024-10-22 07:00:00,-0.7083333333333334,0.33499999999999996,10.615,0.5968804329351326,12.850093371841266
2024-10-23,backward,2024-10-22 06:00:00,-0.75,0.325,8.33,0.4317641071219723,13.28185747896324
2024-10-23,backward,2024-10-22 05:00:00,-0.7916666666666666,0.355,8.33,0.5151336081658742,13.796991087129113
2024-10-23,backward,2024-10-22 04:00:00,-0.8333333333333334,0.35,8.71,0.5234633463757103,14.320454433504823
2024-10-23,backward,2024-10-22 03:00:00,-0.875,0.39,8.71,0.6489223471257146,14.969376780630537
2024-10-23,backward,2024-10-22 02:00:00,-0.9166666666666666,0.35,7.69,0.46216224266695893,15.431539023297496
2024-10-23,backward,2024-10-22 01:00:00,-0.9583333333333334,0.34,8.71,0.49397847217169083,15.925517495469187
2024-10-23,backward,2024-10-22 00:00:00,-1.0,0.35,8.71,0.5251956728838785,16.450713168353065
2024-10-23,backward,2024-10-21 23:00:00,-1.0416666666666667,0.335,8.71,0.48028789234340297,16.931001060696467
2024-10-23,backward,2024-10-21 22:00:00,-1.0833333333333333,0.345,8.71,0.5076459935616087,17.438647054258077
2024-10-23,backward,2024-10-21 21:00:00,-1.125,0.365,13.79,0.9028484936228435,18.34149554788092
2024-10-23,backward,2024-10-21 20:00:00,-1.1666666666666667,0.375,12.9,0.8914122440990113,19.232907791979933
2024-10-23,backward,2024-10-21 19:00:00,-1.2083333333333333,0.355,13.344999999999999,0.8260400995053041,20.058947891485236
2024-10-23,backward,2024-10-21 18:00:00,-1.25,0.355,9.09,0.5621325928244653,20.6210804843097
2024-10-23,backward,2024-10-21 17:00:00,-1.2916666666666667,0.38,9.545,0.6749717593151641,21.296052243624864
2024-10-23,backward,2024-10-21 16:00:00,-1.3333333333333333,0.38,9.545,0.6761999891121617,21.972252232737027
2024-10-23,backward,2024-10-21 15:00:00,-1.375,0.425,9.545,0.8450037026442094,22.817255935381237
2024-10-23,backward,2024-10-21 14:00:00,-1.4166666666666667,0.415,10.0,0.8450672360009943,23.66232317138223
2024-10-23,backward,2024-10-21 13:00:00,-1.4583333333333333,0.435,10.0,0.9284700981897718,24.590793269572004
2024-10-23,backward,2024-10-21 12:00:00,-1.5,0.44,8.39,0.8045825054844185,25.395375775056422
2024-10-23,backward,2024-10-21 11:00:00,-1.5416666666666667,0.455,9.165,0.9328426158912865,26.328218390947708
2024-10-23,backward,2024-10-21 10:00:00,-1.5833333333333333,0.43,8.71,0.7889331849073735,27.117151575855083
2024-10-23,backward,2024-10-21 09:00:00,-1.625,0.455,9.545,0.9705946761585007,28.087746252013584
2024-10-23,backward,2024-10-21 08:00:00,-1.6666666666666667,0.49,9.545,1.1405893335020971,29.22833558551568
2024-10-23,backward,2024-10-21 07:00:00,-1.7083333333333333,0.475,10.0,1.1080315544314927,30.33636713994717
2024-10-23,backward,2024-10-21 06:00:00,-1.75,0.5549999999999999,9.09,1.3764555714023898,31.71282271134956
2024-10-23,backward,2024-10-21 05:00:00,-1.7916666666666667,0.5700000000000001,10.0,1.598391323594334,33.311214034943895
2024-10-23,backward,2024-10-21 04:00:00,-1.8333333333333333,0.5800000000000001,9.545,1.5823544250106472,34.893568459954544
2024-10-23,backward,2024-10-21 03:00:00,-1.875,0.645,10.0,2.0470496616627862,36.940618121617334
2024-10-23,backward,2024-10-21 02:00:00,-1.9166666666666667,0.65,9.25,1.9390601263058294,38.87967824792317
2024-10-23,backward,2024-10-21 01:00:00,-1.9583333333333333,0.59,8.845,1.517666183886888,40.397344431810055
2024-10-23,backward,2024-10-21 00:00:00,-2.0,0.5700000000000001,9.57,1.532839617544385,41.93018404935444
2024-10-23,backward,2024-10-20 23:00:00,-2.0416666666666665,0.535,9.165,1.2892848622629667,43.219468911617405
2024-10-23,backward,2024-10-20 22:00:00,-2.0833333333333335,0.59,8.33,1.422594280067757,44.64206319168516
2024-10-23,backward,2024-10-20 21:00:00,-2.125,0.535,10.0,1.4053382278808995,46.04740141956606
2024-10-23,backward,2024-10-20 20:00:00,-2.1666666666666665,0.56,10.0,1.5429529504923818,47.59035437005844
2024-10-23,backward,2024-10-20 19:00:00,-2.2083333333333335,0.5700000000000001,9.165,1.465998601366012,49.05635297142445
2024-10-23,backward,2024-10-20 18:00:00,-2.25,0.58,9.545,1.5731813366825604,50.62953430810701
2024-10-23,backward,2024-10-20 17:00:00,-2.2916666666666665,0.615,8.39,1.576667576322052,52.20620188442906
2024-10-23,backward,2024-10-20 16:00:00,-2.3333333333333335,0.7,8.33,2.00291139517727,54.209113279606335
2024-10-23,backward,2024-10-20 15:00:00,-2.375,0.74,8.01,2.1581481613590983,56.367261440965436
2024-10-23,backward,2024-10-20 14:00:00,-2.4166666666666665,0.78,7.415,2.2105055346107827,58.57776697557622
2024-10-23,backward,2024-10-20 13:00:00,-2.4583333333333335,0.755,8.33,2.3304636259943647,60.90823060157058
2024-10-23,backward,2024-10-20 12:00:00,-2.5,0.825,8.33,2.7824570973402256,63.69068769891081
2024-10-23,backward,2024-10-20 11:00:00,-2.5416666666666665,0.835,8.71,2.973698879128949,66.66438657803975
2024-10-23,backward,2024-10-20 10:00:00,-2.5833333333333335,0.845,8.71,3.0467480118845973,69.71113458992436
2024-10-23,backward,2024-10-20 09:00:00,-2.625,0.845,9.09,3.1843774526482296,72.89551204257259
2024-10-23,backward,2024-10-20 08:00:00,-2.6666666666666665,0.905,9.09,3.6615546635345275,76.55706670610712
2024-10-23,backward,2024-10-20 07:00:00,-2.7083333333333335,0.9650000000000001,9.09,4.158354114868486,80.71542082097561
2024-10-23,backward,2024-10-20 06:00:00,-2.75,0.985,9.09,4.332278518836389,85.047699339812
2024-10-23,backward,2024-10-20 05:00:00,-2.7916666666666665,0.975,9.545,4.443655436910889,89.49135477672289
2024-10-23,backward,2024-10-20 04:00:00,-2.8333333333333335,1.09,9.165,5.34216747230499,94.83352224902788
2024-10-23,backward,2024-10-20 03:00:00,-2.875,1.1549999999999998,9.545,6.255794559353052,101.08931680838093
2024-10-23,backward,2024-10-20 02:00:00,-2.9166666666666665,1.25,8.845,6.810383608595078,107.899700416976
2024-10-23,backward,2024-10-20 01:00:00,-2.9583333333333335,1.165,8.01,5.326861575278132,113.22656199225413
2024-10-23,backward,2024-10-20 00:00:00,-3.0,1.1749999999999998,8.01,5.420856600964885,118.64741859321902
2024-10-23,backward,2024-10-19 23:00:00,-3.0416666666666665,1.165,8.33,5.549180244728538,124.19659883794755
2024-10-23,backward,2024-10-19 22:00:00,-3.0833333333333335,1.23,8.33,6.20285434727619,130.39945318522373
2024-10-23,backward,2024-10-19 21:00:00,-3.125,1.1949999999999998,8.33,5.836069410085495,136.23552259530922
2024-10-23,backward,2024-10-19 20:00:00,-3.1666666666666665,1.18,8.71,5.949962150967665,142.1854847462769
2024-10-23,backward,2024-10-19 19:00:00,-3.2083333333333335,1.0,9.09,4.459600101741097,146.645084848018
2024-10-23,backward,2024-10-19 18:00:00,-3.25,1.145,9.09,5.855677913591148,152.50076276160914
2024-10-23,backward,2024-10-19 17:00:00,-3.2916666666666665,1.205,9.545,6.785572483606597,159.28633524521572
2024-10-23,backward,2024-10-19 16:00:00,-3.3333333333333335,1.2149999999999999,10.0,7.245501001382111,166.53183624659783
2024-10-23,backward,2024-10-19 15:00:00,-3.375,1.42,9.545,9.6040036884342,176.13583993503204
2024-10-23,backward,2024-10-19 14:00:00,-3.4166666666666665,1.435,10.405000000000001,10.500230240101791,186.63607017513382
2024-10-23,backward,2024-10-19 13:00:00,-3.4583333333333335,1.5550000000000002,9.545,11.313829085593888,197.9498992607277
2024-10-23,backward,2024-10-19 12:00:00,-3.5,1.505,9.545,10.635969870129241,208.58586913085693
2024-10-23,backward,2024-10-19 11:00:00,-3.5416666666666665,1.42,8.845,8.802153853199144,217.38802298405608
2024-10-23,backward,2024-10-19 10:00:00,-3.5833333333333335,1.435,9.165,9.277737333510029,226.6657603175661
2024-10-23,backward,2024-10-19 09:00:00,-3.625,1.44,8.71,9.139156118907298,235.8049164364734
2024-10-23,backward,2024-10-19 08:00:00,-3.6666666666666665,1.655,10.0,13.49188477424984,249.29680121072323
2024-10-23,backward,2024-10-19 07:00:00,-3.7083333333333335,1.595,10.0,12.525392783003419,261.82219399372667
2024-10-23,backward,2024-10-19 06:00:00,-3.75,1.6099999999999999,9.545,12.185998081663126,274.0081920753898
2024-10-23,backward,2024-10-19 05:00:00,-3.7916666666666665,1.65,9.09,12.15241027724449,286.16060235263427
2024-10-23,backward,2024-10-19 04:00:00,-3.8333333333333335,1.685,10.0,13.930485708348467,300.0910880609827
2024-10-23,backward,2024-10-19 03:00:00,-3.875,1.635,8.57,11.495422382740049,311.5865104437228
2024-10-23,backward,2024-10-19 02:00:00,-3.9166666666666665,1.65,9.545,12.853220979173345,324.4397314228961
2024-10-23,backward,2024-10-19 01:00:00,-3.9583333333333335,1.8050000000000002,8.71,13.903774469917298,338.3435058928134
2024-10-23,backward,2024-10-19 00:00:00,-4.0,1.7850000000000001,8.71,13.664813495224731,352.00831938803816
2024-10-23,backward,2024-10-18 23:00:00,-4.041666666666667,1.9249999999999998,8.01,14.553985145961294,366.56230453399945
2024-10-23,backward,2024-10-18 22:00:00,-4.083333333333333,1.6800000000000002,8.71,12.037685715463255,378.59999024946273
2024-10-23,backward,2024-10-18 21:00:00,-4.125,1.5550000000000002,7.14,8.48074497908986,387.0807352285526
2024-10-23,backward,2024-10-18 20:00:00,-4.166666666666667,1.6600000000000001,7.415,10.012326194625338,397.09306142317797
2024-10-23,backward,2024-10-18 19:00:00,-4.208333333333333,1.615,9.25,11.714142218687009,408.807203641865
2024-10-23,backward,2024-10-18 18:00:00,-4.25,1.57,7.18,8.668415646561687,417.4756192884267
2024-10-23,backward,2024-10-18 17:00:00,-4.291666666666667,1.595,7.14,8.918610005580941,426.39422929400763
2024-10-23,backward,2024-10-18 16:00:00,-4.333333333333333,1.6949999999999998,7.14,10.071070755305467,436.4653000493131
2024-10-23,backward,2024-10-18 15:00:00,-4.375,1.74,5.88,8.734181256422897,445.199481305736
2024-10-23,backward,2024-10-18 14:00:00,-4.416666666666667,1.745,6.25,9.359058313077051,454.5585396188131
2024-10-23,backward,2024-10-18 13:00:00,-4.458333333333333,1.795,6.0649999999999995,9.592756076560436,464.1512956953735
2024-10-23,backward,2024-10-18 12:00:00,-4.5,1.815,5.88,9.508882969410436,473.6601786647839
2024-10-23,backward,2024-10-18 11:00:00,-4.541666666666667,1.605,5.56,7.02685696391873,480.68703562870263
2024-10-23,backward,2024-10-18 10:00:00,-4.583333333333333,1.58,5.279999999999999,6.476379430480075,487.1634150591827
2024-10-23,backward,2024-10-18 09:00:00,-4.625,1.3199999999999998,4.449999999999999,3.8283287438849576,490.99174380306766
2024-10-23,backward,2024-10-18 08:00:00,-4.666666666666667,1.0750000000000002,4.175,2.376008947825513,493.3677527508932
2024-10-23,backward,2024-10-18 07:00:00,-4.708333333333333,0.87,3.54,1.327904066994408,494.6956568178876
2024-10-23,backward,2024-10-18 06:00:00,-4.75,0.6950000000000001,2.885,0.6990491844189208,495.3947060023065
2024-10-23,backward,2024-10-18 05:00:00,-4.791666666666667,0.52,3.3200000000000003,0.42281718773193905,495.81752319003846
2024-10-23,backward,2024-10-18 04:00:00,-4.833333333333333,0.45,8.84,0.8641831720146622,496.6817063620531
2024-10-23,backward,2024-10-18 03:00:00,-4.875,0.45999999999999996,7.89,0.803486003149172,497.48519236520224
2024-10-23,backward,2024-10-18 02:00:00,-4.916666666666667,0.46,3.7,0.38410452273433887,497.86929688793657
2024-10-23,backward,2024-10-18 01:00:00,-4.958333333333333,0.475,3.725,0.4117354003724091,498.281032288309
2024-10-23,backward,2024-10-18 00:00:00,-5.0,0.475,3.7750000000000004,0.4177367269119633,498.698769015221
2024-10-23,backward,2024-10-17 23:00:00,-5.041666666666667,0.49,4.975,0.5801404972837015,499.2789095125047
2024-10-23,backward,2024-10-17 22:00:00,-5.083333333333333,0.5,3.59,0.43847141435970094,499.7173809268644
2024-10-23,backward,2024-10-17 21:00:00,-5.125,0.49,3.295,0.38562539845660476,500.103006325321
2024-10-23,backward,2024-10-17 20:00:00,-5.166666666666667,0.45999999999999996,3.7750000000000004,0.3919542038815178,500.49496052920256
2024-10-23,backward,2024-10-17 19:00:00,-5.208333333333333,0.43,3.81,0.34732189808880115,500.84228242729137
2024-10-23,backward,2024-10-17 18:00:00,-5.25,0.46499999999999997,3.57,0.3787532479147853,501.22103567520617
2024-10-23,backward,2024-10-17 17:00:00,-5.291666666666667,0.51,3.85,0.49128455972299323,501.71232023492917
2024-10-23,backward,2024-10-17 16:00:00,-5.333333333333333,0.54,3.7750000000000004,0.539840970181692,502.25216120511084
2024-10-23,backward,2024-10-17 15:00:00,-5.375,0.535,3.57,0.5013554553322882,502.75351666044315
2024-10-23,backward,2024-10-17 14:00:00,-5.416666666666667,0.575,2.86,0.46394510149751195,503.2174617619407
2024-10-23,backward,2024-10-17 13:00:00,-5.458333333333333,0.5800000000000001,3.13,0.5179558138408209,503.7354175757815
2024-10-23,backward,2024-10-17 12:00:00,-5.5,0.5549999999999999,2.935,0.44158037869905553,504.17699795448056
2024-10-23,backward,2024-10-17 11:00:00,-5.541666666666667,0.495,3.29,0.39592148179380926,504.5729194362744
2024-10-23,backward,2024-10-17 10:00:00,-5.583333333333333,0.545,2.885,0.41956324959389757,504.9924826858683
2024-10-23,backward,2024-10-17 09:00:00,-5.625,0.515,2.8,0.3644386184352968,505.3569213043036
2024-10-23,backward,2024-10-17 08:00:00,-5.666666666666667,0.5,3.355,0.41149500388727667,505.7684163081909
2024-10-23,backward,2024-10-17 07:00:00,-5.708333333333333,0.515,3.455,0.44452891517996473,506.21294522337087
2024-10-23,backward,2024-10-17 06:00:00,-5.75,0.55,2.945,0.4370616606861748,506.65000688405706
2024-10-23,backward,2024-10-17 05:00:00,-5.791666666666667,0.64,3.79,0.7553179066047229,507.4053247906618
2024-10-23,backward,2024-10-17 04:00:00,-5.833333333333333,0.725,3.2800000000000002,0.8490438354096481,508.2543686260714
2024-10-23,backward,2024-10-17 03:00:00,-5.875,0.825,3.635,1.2197712749565146,509.47413990102797
2024-10-23,backward,2024-10-17 02:00:00,-5.916666666666667,0.77,3.3499999999999996,0.9809128367239317,510.4550527377519
2024-10-23,backward,2024-10-17 01:00:00,-5.958333333333333,0.635,3.035,0.6007481180178692,511.05580085576975
2024-10-23,backward,2024-10-17 00:00:00,-6.0,0.61,3.13,0.571394480670529,511.62719533644025
2024-10-23,backward,2024-10-16 23:00:00,-6.041666666666667,0.66,3.34,0.7146595018927657,512.341854838333
2024-10-23,backward,2024-10-16 22:00:00,-6.083333333333333,0.685,3.45,0.7942466831364063,513.1361015214694
2024-10-23,backward,2024-10-16 21:00:00,-6.125,0.745,3.51,0.956340636405367,514.0924421578748
2024-10-23,backward,2024-10-16 20:00:00,-6.166666666666667,0.75,3.635,1.0099841308525095,515.1024262887273
2024-10-23,backward,2024-10-16 19:00:00,-6.208333333333333,0.825,3.635,1.2162222378678464,516.3186485265952
2024-10-23,backward,2024-10-16 18:00:00,-6.25,0.825,3.7750000000000004,1.2601804522920492,517.5788289788873
2024-10-23,backward,2024-10-16 17:00:00,-6.291666666666667,0.925,3.7750000000000004,1.5840423517598263,519.1628713306471
2024-10-23,backward,2024-10-16 16:00:00,-6.333333333333333,0.95,3.85,1.7054241790614788,520.8682955097086
2024-10-23,backward,2024-10-16 15:00:00,-6.375,0.915,3.925,1.6125661306283883,522.4808616403369
2024-10-23,backward,2024-10-16 14:00:00,-6.416666666666667,0.95,4.085,1.8081465783686788,524.2890082187056
2024-10-23,backward,2024-10-16 13:00:00,-6.458333333333333,1.03,4.26,2.219912396255533,526.5089206149611
2024-10-23,backward,2024-10-16 12:00:00,-6.5,1.105,4.449999999999999,2.664386608970003,529.173307223931
2024-10-23,backward,2024-10-16 11:00:00,-6.541666666666667,1.0350000000000001,4.26,2.250185427507237,531.4234926514383
2024-10-23,backward,2024-10-16 10:00:00,-6.583333333333333,0.985,4.01,1.906112806808296,533.3296054582466
2024-10-23,backward,2024-10-16 09:00:00,-6.625,0.965,3.85,1.7589724961247115,535.0885779543713
2024-10-23,backward,2024-10-16 08:00:00,-6.666666666666667,0.955,3.7750000000000004,1.6894991384341391,536.7780770928055
2024-10-23,backward,2024-10-16 07:00:00,-6.708333333333333,1.05,3.925,2.122991647223706,538.9010687400291
2024-10-23,backward,2024-10-16 06:00:00,-6.75,1.0550000000000002,3.925,2.148344890816415,541.0494136308455
2024-10-23,backward,2024-10-16 05:00:00,-6.791666666666667,0.89,3.6500000000000004,1.414792187612533,542.464205818458
2024-10-23,backward,2024-10-16 04:00:00,-6.833333333333333,0.915,4.01,1.6446144163320335,544.1088202347901
2024-10-23,backward,2024-10-16 03:00:00,-6.875,0.91,3.925,1.5967195868125206,545.7055398216025
2024-10-23,backward,2024-10-16 02:00:00,-6.916666666666667,0.825,3.635,1.2197712749565146,546.9253110965591
2024-10-23,backward,2024-10-16 01:00:00,-6.958333333333333,0.77,3.71,1.086307071251603,548.0116181678106
2024-10-23,backward,2024-10-16 00:00:00,-7.0,0.79,3.85,1.1772485709721026,549.1888667387827
2024-10-23,backward,2024-10-15 23:00:00,-7.041666666666667,0.83,3.7750000000000004,1.2758663229469354,550.4647330617297
2024-10-23,backward,2024-10-15 22:00:00,-7.083333333333333,0.765,3.7750000000000004,1.0864216275358447,551.5511546892656
2024-10-23,backward,2024-10-15 21:00:00,-7.125,0.785,3.57,1.0796875823217085,552.6308422715873
2024-10-23,backward,2024-10-15 20:00:00,-7.166666666666667,0.75,3.51,0.9688635761630119,553.5997058477503
2024-10-23,backward,2024-10-15 19:00:00,-7.208333333333333,0.71,3.51,0.8695969989808572,554.4693028467312
2024-10-23,backward,2024-10-15 18:00:00,-7.25,0.64,3.33,0.6693329899235954,555.1386358366549
2024-10-23,backward,2024-10-15 17:00:00,-7.291666666666667,0.595,3.13,0.5431388174736504,555.6817746541285
2024-10-23,backward,2024-10-15 16:00:00,-7.333333333333333,0.63,3.23,0.6291077894899479,556.3108824436184
2024-10-23,backward,2024-10-15 15:00:00,-7.375,0.64,3.33,0.6693329899235954,556.9802154335421
2024-10-23,backward,2024-10-15 14:00:00,-7.416666666666667,0.6950000000000001,3.575,0.8488571601798669,557.8290725937219
2024-10-23,backward,2024-10-15 13:00:00,-7.458333333333333,0.79,3.925,1.2036897313113033,559.0327623250332
2024-10-23,backward,2024-10-15 12:00:00,-7.5,0.8400000000000001,3.925,1.3623084835548864,560.3950708085881
2024-10-23,backward,2024-10-15 11:00:00,-7.541666666666667,0.85,3.935,1.4024259961752956,561.7974968047635
2024-10-23,backward,2024-10-15 10:00:00,-7.583333333333333,0.77,3.515,1.030792409061002,562.8282892138244
2024-10-23,backward,2024-10-15 09:00:00,-7.625,0.745,3.39,0.9266629544081698,563.7549521682325
2024-10-23,backward,2024-10-15 08:00:00,-7.666666666666667,0.8,3.51,1.101842080846942,564.8567942490795
2024-10-23,backward,2024-10-15 07:00:00,-7.708333333333333,1.03,3.85,2.013114508853388,566.8699087579329
2024-10-23,backward,2024-10-15 06:00:00,-7.75,1.2149999999999999,4.085,2.959091358421656,569.8290001163546
2024-10-23,backward,2024-10-15 05:00:00,-7.791666666666667,1.295,4.26,3.503699538085044,573.3326996544396
2024-10-23,backward,2024-10-15 04:00:00,-7.833333333333333,1.315,4.449999999999999,3.773845824160139,577.1065454785997
2024-10-23,backward,2024-10-15 03:00:00,-7.875,1.38,4.175,3.9223286756224267,581.0288741542222
2024-10-23,backward,2024-10-15 02:00:00,-7.916666666666667,1.2149999999999999,7.14,5.181694723495456,586.2105688777176
2024-10-23,backward,2024-10-15 01:00:00,-7.958333333333333,1.1400000000000001,7.415,4.775623358675809,590.9861922363934
2024-10-23,backward,2024-10-15 00:00:00,-8.0,1.0350000000000001,6.67,3.5054897559916727,594.4916819923851
2024-10-23,backward,2024-10-14 23:00:00,-8.041666666666666,1.065,6.904999999999999,3.839073485560231,598.3307554779453
2024-10-23,backward,2024-10-14 22:00:00,-8.083333333333334,1.08,7.14,4.091410807532664,602.4221662854779
2024-10-23,backward,2024-10-14 21:00:00,-8.125,1.1749999999999998,7.14,4.83630679059929,607.2584730760773
2024-10-23,backward,2024-10-14 20:00:00,-8.166666666666666,1.1749999999999998,6.904999999999999,4.673742101764036,611.9322151778413
2024-10-23,backward,2024-10-14 19:00:00,-8.208333333333334,1.19,6.67,4.634281999939702,616.566497177781
2024-10-23,backward,2024-10-14 18:00:00,-8.25,1.185,7.14,4.925981548024664,621.4924787258057
2024-10-23,backward,2024-10-14 17:00:00,-8.291666666666666,1.33,7.14,6.197716730965362,627.690195456771
2024-10-23,backward,2024-10-14 16:00:00,-8.333333333333334,1.315,7.14,6.067933537113404,633.7581289938844
2024-10-23,backward,2024-10-14 15:00:00,-8.375,1.505,6.695,7.49629487979898,641.2544238736833
2024-10-23,backward,2024-10-14 14:00:00,-8.416666666666666,1.505,7.14,7.934990010071375,649.1894138837547
2024-10-23,backward,2024-10-14 13:00:00,-8.458333333333334,1.5550000000000002,6.67,7.914635050949133,657.1040489347039
2024-10-23,backward,2024-10-14 12:00:00,-8.5,1.71,6.46,9.259471125480541,666.3635200601844
2024-10-23,backward,2024-10-14 11:00:00,-8.541666666666666,1.8,6.25,9.935979214577731,676.2994992747622
2024-10-23,backward,2024-10-14 10:00:00,-8.583333333333334,1.94,6.25,11.584412255485331,687.8839115302475
2024-10-23,backward,2024-10-14 09:00:00,-8.625,1.78,5.56,8.664742976994951,696.5486545072424
2024-10-23,backward,2024-10-14 08:00:00,-8.666666666666666,1.72,5.72,8.322559676427122,704.8712141836695
2024-10-23,backward,2024-10-14 07:00:00,-8.708333333333334,1.605,5.279999999999999,6.757889601830925,711.6291037855004
2024-10-23,backward,2024-10-14 06:00:00,-8.75,1.46,5.279999999999999,5.5360504264972015,717.1651542119977
2024-10-23,backward,2024-10-14 05:00:00,-8.791666666666666,1.3849999999999998,5.01,4.716625645778682,721.8817798577763
2024-10-23,backward,2024-10-14 04:00:00,-8.833333333333334,1.3900000000000001,5.0,4.740471505288597,726.622251363065
2024-10-23,backward,2024-10-14 03:00:00,-8.875,1.25,4.555,3.4944661053331387,730.1167174683981
2024-10-23,backward,2024-10-14 02:00:00,-8.916666666666666,1.185,4.449999999999999,3.0724375652539546,733.189155033652
2024-10-23,backward,2024-10-14 01:00:00,-8.958333333333334,1.105,4.17,2.498052356066351,735.6872073897183
2024-10-23,backward,2024-10-14 00:00:00,-9.0,0.98,4.35,2.050474085063243,737.7376814747815
2024-10-23,backward,2024-10-13 23:00:00,-9.041666666666666,0.8500000000000001,4.175,1.4796992385982697,739.2173807133798
2024-10-23,backward,2024-10-13 22:00:00,-9.083333333333334,0.755,3.7750000000000004,1.0582523108315849,740.2756330242114
2024-10-23,backward,2024-10-13 21:00:00,-9.125,0.615,3.34,0.6240979758002968,740.8997310000117
2024-10-23,backward,2024-10-13 20:00:00,-9.166666666666666,0.55,2.885,0.43355187200324224,741.3332828720149
2024-10-23,backward,2024-10-13 19:00:00,-9.208333333333334,0.44,7.75,0.7142498466578971,742.0475327186729
2024-10-23,backward,2024-10-13 18:00:00,-9.25,0.38,7.6850000000000005,0.5253637051209352,742.5728964237938
2024-10-23,backward,2024-10-13 17:00:00,-9.291666666666666,0.35,12.9,0.7759115450943471,743.3488079688882
2024-10-23,backward,2024-10-13 16:00:00,-9.333333333333334,0.32,13.344999999999999,0.6696830366422523,744.0184910055304
2024-10-23,backward,2024-10-13 15:00:00,-9.375,0.375,12.9,0.8914122440990113,744.9099032496295
2024-10-23,backward,2024-10-13 14:00:00,-9.416666666666666,0.41,12.9,1.0638721919278933,745.9737754415573
2024-10-23,backward,2024-10-13 13:00:00,-9.458333333333334,0.405,12.12,0.9766524222813002,746.9504278638386
2024-10-23,backward,2024-10-13 12:00:00,-9.5,0.43,12.9,1.1701961230664337,748.1206239869051
2024-10-23,backward,2024-10-13 11:00:00,-9.541666666666666,0.445,12.9,1.2546856754890237,749.3753096623941
2024-10-23,backward,2024-10-13 10:00:00,-9.583333333333334,0.46499999999999997,4.1,0.4336740326660953,749.8089836950602
2024-10-23,backward,2024-10-13 09:00:00,-9.625,0.52,4.26,0.5656333053135714,750.3746170003737
2024-10-23,backward,2024-10-13 08:00:00,-9.666666666666666,0.63,4.449999999999999,0.868876300130532,751.2434933005043
2024-10-23,backward,2024-10-13 07:00:00,-9.708333333333334,0.705,3.65,0.8958254820214767,752.1393187825257
2024-10-23,backward,2024-10-13 06:00:00,-9.75,0.75,3.13,0.863771554359507,753.0030903368852
2024-10-23,backward,2024-10-13 05:00:00,-9.791666666666666,0.54,2.945,0.42100710031990685,753.4240974372051
2024-10-23,backward,2024-10-13 04:00:00,-9.833333333333334,0.475,2.94,0.3254728012207,753.7495702384258
2024-10-23,backward,2024-10-13 03:00:00,-9.875,0.44499999999999995,2.6,0.25339261348165665,754.0029628519075
2024-10-23,backward,2024-10-13 02:00:00,-9.916666666666666,0.45999999999999996,2.67,0.2783339941166747,754.2812968460241
2024-10-23,backward,2024-10-13 01:00:00,-9.958333333333334,0.46499999999999997,7.489999999999999,0.8496563558416639,755.1309532018659
2024-10-23,backward,2024-10-13 00:00:00,-10.0,0.54,3.1799999999999997,0.4555415272243851,755.5864947290902
2024-10-23,backward,2024-10-12 23:00:00,-10.041666666666666,0.63,3.57,0.6958551000996265,756.2823498291898
2024-10-23,backward,2024-10-12 22:00:00,-10.083333333333334,0.7050000000000001,3.71,0.9154899145053037,757.1978397436951
2024-10-23,backward,2024-10-12 21:00:00,-10.125,0.845,4.1,1.445966460380947,758.6438062040761
2024-10-23,backward,2024-10-12 20:00:00,-10.166666666666666,0.925,4.449999999999999,1.8675949120241602,760.5114011161003
2024-10-23,backward,2024-10-12 19:00:00,-10.208333333333334,0.915,3.7750000000000004,1.5519960284764682,762.0633971445767
2024-10-23,backward,2024-10-12 18:00:00,-10.25,0.855,3.7,1.3346543021759105,763.3980514467526
2024-10-23,backward,2024-10-12 17:00:00,-10.291666666666666,0.865,3.925,1.4468581350987595,764.8449095818513
2024-10-23,backward,2024-10-12 16:00:00,-10.333333333333334,0.965,3.925,1.7935932695218089,766.6385028513731
2024-10-23,backward,2024-10-12 15:00:00,-10.375,0.79,3.45,1.057443303068354,767.6959461544415
2024-10-23,backward,2024-10-12 14:00:00,-10.416666666666666,0.715,3.575,0.8983543058635477,768.594300460305
2024-10-23,backward,2024-10-12 13:00:00,-10.458333333333334,0.845,3.7750000000000004,1.3233507613239726,769.917651221629
2024-10-23,backward,2024-10-12 12:00:00,-10.5,0.7949999999999999,3.57,1.1080612360383302,771.0257124576673
2024-10-23,backward,2024-10-12 11:00:00,-10.541666666666666,0.785,3.7750000000000004,1.1416048860005135,772.1673173436678
2024-10-23,backward,2024-10-12 10:00:00,-10.583333333333334,0.89,3.7,1.4385767214884855,773.6058940651563
2024-10-23,backward,2024-10-12 09:00:00,-10.625,0.825,3.415,1.1504573639142446,774.7563514290706
2024-10-23,backward,2024-10-12 08:00:00,-10.666666666666666,0.675,3.13,0.7027645366268949,775.4591159656975
2024-10-23,backward,2024-10-12 07:00:00,-10.708333333333334,0.595,12.12,2.105228554695247,777.5643445203928
2024-10-23,backward,2024-10-12 06:00:00,-10.75,0.6,3.08,0.5451760550338793,778.1095205754266
2024-10-23,backward,2024-10-12 05:00:00,-10.791666666666666,0.6799999999999999,3.2800000000000002,0.7440634262599548,778.8535840016865
2024-10-23,backward,2024-10-12 04:00:00,-10.833333333333334,0.635,7.529999999999999,1.3940459709456103,780.2476299726321
2024-10-23,backward,2024-10-12 03:00:00,-10.875,0.585,7.2299999999999995,1.2763853831127925,781.524015355745
2024-10-23,backward,2024-10-12 02:00:00,-10.916666666666666,0.555,12.51,1.8895855484554467,783.4136009042004
2024-10-23,backward,2024-10-12 01:00:00,-10.958333333333334,0.52,12.51,1.6591257784452733,785.0727266826457
2024-10-23,backward,2024-10-12 00:00:00,-11.0,0.46499999999999997,12.51,1.3264616880836138,786.3991883707293
2024-10-23,backward,2024-10-11 23:00:00,-11.041666666666666,0.495,13.79,1.6659905699110173,788.0651789406404
2024-10-23,backward,2024-10-11 22:00:00,-11.083333333333334,0.48,13.79,1.5648471830270791,789.6300261236674
2024-10-23,backward,2024-10-11 21:00:00,-11.125,0.47,12.954999999999998,1.4084800627600575,791.0385061864275
2024-10-23,backward,2024-10-11 20:00:00,-11.166666666666666,0.45999999999999996,13.344999999999999,1.388034832304622,792.4265410187321
2024-10-23,backward,2024-10-11 19:00:00,-11.208333333333334,0.47,12.165,1.3339179039632905,793.7604589226954
2024-10-23,backward,2024-10-11 18:00:00,-11.25,0.535,11.774999999999999,1.6575023662630224,795.4179612889584
2024-10-23,backward,2024-10-11 17:00:00,-11.291666666666666,0.56,12.165,1.8820954808258226,797.3000567697842
2024-10-23,backward,2024-10-11 16:00:00,-11.333333333333334,0.595,11.120000000000001,1.932434750115074,799.2324915198992
2024-10-23,backward,2024-10-11 15:00:00,-11.375,0.525,11.774999999999999,1.5962167166140295,800.8287082365132
2024-10-23,backward,2024-10-11 14:00:00,-11.416666666666666,0.6,11.43,2.018741749025772,802.847449985539
2024-10-23,backward,2024-10-11 13:00:00,-11.458333333333334,0.635,11.43,2.2623926629012434,805.1098426484402
2024-10-23,backward,2024-10-11 12:00:00,-11.5,0.67,11.120000000000001,2.4515702238507946,807.561412872291
2024-10-23,backward,2024-10-11 11:00:00,-11.541666666666666,0.705,11.774999999999999,2.86897113159118,810.4303840038822
2024-10-23,backward,2024-10-11 10:00:00,-11.583333333333334,0.74,7.4399999999999995,1.942313328536263,812.3726973324184
2024-10-23,backward,2024-10-11 09:00:00,-11.625,0.76,12.12,3.4344866916875434,815.8071840241059
2024-10-23,backward,2024-10-11 08:00:00,-11.666666666666666,0.8,3.51,1.1027384163129357,816.9099224404189
2024-10-23,backward,2024-10-11 07:00:00,-11.708333333333334,0.825,3.635,1.2135913681708623,818.1235138085898
2024-10-23,backward,2024-10-11 06:00:00,-11.75,0.8500000000000001,3.71,1.3226374215497225,819.4461512301395
2024-10-23,backward,2024-10-11 05:00:00,-11.791666666666666,0.935,11.465,4.920474751397383,824.3666259815369
2024-10-23,backward,2024-10-11 04:00:00,-11.833333333333334,0.99,3.85,1.8549115444080697,826.221537525945
2024-10-23,backward,2024-10-11 03:00:00,-11.875,1.09,7.64,4.373693191266369,830.5952307172114
2024-10-23,backward,2024-10-11 02:00:00,-11.916666666666666,1.025,7.255000000000001,3.831141137458471,834.4263718546698
2024-10-23,backward,2024-10-11 01:00:00,-11.958333333333334,1.195,4.17,2.9362676745786254,837.3626395292484
2024-10-23,backward,2024-10-11 00:00:00,-12.0,1.22,4.0,2.9226325331234393,840.2852720623719
2024-10-23,backward,2024-10-10 23:00:00,-12.041666666666666,1.1949999999999998,4.0,2.802826774614619,843.0880988369864
2024-10-23,backward,2024-10-10 22:00:00,-12.083333333333334,1.15,7.984999999999999,5.2757542637491355,848.3638531007356
2024-10-23,backward,2024-10-10 21:00:00,-12.125,1.145,8.059999999999999,5.207061458727637,853.5709145594632
2024-10-23,backward,2024-10-10 20:00:00,-12.166666666666666,1.065,11.465,6.366178002157364,859.9370925616205
2024-10-23,backward,2024-10-10 19:00:00,-12.208333333333334,1.005,12.12,6.00589211035146,865.942984671972
2024-10-23,backward,2024-10-10 18:00:00,-12.25,1.05,11.43,6.187443460763991,872.130428132736
2024-10-23,backward,2024-10-10 17:00:00,-12.291666666666666,1.085,12.165,7.015532327048709,879.1459604597848
2024-10-23,backward,2024-10-10 16:00:00,-12.333333333333334,1.15,10.405000000000001,6.762208152974553,885.9081686127594
2024-10-23,backward,2024-10-10 15:00:00,-12.375,1.125,12.165,7.589224556572539,893.4973931693319
2024-10-23,backward,2024-10-10 14:00:00,-12.416666666666666,1.27,8.375,6.919322219463237,900.4167153887951
2024-10-23,backward,2024-10-10 13:00:00,-12.458333333333334,1.2349999999999999,12.12,9.07647543373693,909.493190822532
2024-10-23,backward,2024-10-10 12:00:00,-12.5,1.2850000000000001,12.12,9.818552890666648,919.3117437131987
2024-10-23,backward,2024-10-10 11:00:00,-12.541666666666666,1.23,12.12,8.995905325232139,928.3076490384308
2024-10-23,backward,2024-10-10 10:00:00,-12.583333333333334,1.2,12.12,8.5648106487305,936.8724596871613
2024-10-23,backward,2024-10-10 09:00:00,-12.625,1.105,12.165,7.349218593077253,944.2216782802385
2024-10-23,backward,2024-10-10 08:00:00,-12.666666666666666,1.065,11.120000000000001,6.18955281726976,950.4112310975082
2024-10-23,backward,2024-10-10 07:00:00,-12.708333333333334,1.065,11.465,6.4004013854463855,956.8116324829546
2024-10-23,backward,2024-10-10 06:00:00,-12.75,1.1,12.12,7.197199950863233,964.0088324338178
2024-10-23,backward,2024-10-10 05:00:00,-12.791666666666666,1.0150000000000001,11.059999999999999,5.648589342684021,969.6574217765018
2024-10-23,backward,2024-10-10 04:00:00,-12.833333333333334,1.065,12.165,6.747128424885751,976.4045502013876
2024-10-23,backward,2024-10-10 03:00:00,-12.875,1.1,12.165,7.199351744707704,983.6039019460952
2024-10-23,backward,2024-10-10 02:00:00,-12.916666666666666,1.09,11.774999999999999,6.87319528531959,990.4770972314149
2024-10-23,backward,2024-10-10 01:00:00,-12.958333333333334,1.0899999999999999,11.774999999999999,6.877088972471126,997.354186203886
2024-10-23,backward,2024-10-10 00:00:00,-13.0,1.0550000000000002,11.120000000000001,6.07818055994344,1003.4323667638295
2024-10-23,backward,2024-10-09 23:00:00,-13.041666666666666,1.04,11.465,6.144123032932997,1009.5764897967624
2024-10-23,backward,2024-10-09 22:00:00,-13.083333333333334,1.06,11.774999999999999,6.52328004882179,1016.0997698455842
2024-10-23,backward,2024-10-09 21:00:00,-13.125,1.045,11.855,6.356854788677339,1022.4566246342615
2024-10-23,backward,2024-10-09 20:00:00,-13.166666666666666,1.145,12.165,7.813429847826161,1030.2700544820877
2024-10-23,backward,2024-10-09 19:00:00,-13.208333333333334,1.13,12.9,8.08188452761404,1038.3519390097017
2024-10-23,backward,2024-10-09 18:00:00,-13.25,1.075,12.165,6.871836063968448,1045.2237750736701
2024-10-23,backward,2024-10-09 17:00:00,-13.291666666666666,1.1400000000000001,13.344999999999999,8.501306728249823,1053.72508180192
2024-10-23,backward,2024-10-09 16:00:00,-13.333333333333334,1.0150000000000001,12.61,6.367796508288897,1060.0928783102088
2024-10-23,backward,2024-10-09 15:00:00,-13.375,1.1600000000000001,12.3,8.030799783918342,1068.1236780941272
2024-10-23,backward,2024-10-09 14:00:00,-13.416666666666666,1.2349999999999999,11.774999999999999,8.812173480578446,1076.9358515747056
2024-10-23,backward,2024-10-09 13:00:00,-13.458333333333334,1.22,11.120000000000001,8.152201971330468,1085.088053546036
2024-10-23,backward,2024-10-09 12:00:00,-13.5,1.19,11.465,7.939622057855818,1093.0276756038918
2024-10-23,backward,2024-10-09 11:00:00,-13.541666666666666,1.31,11.120000000000001,9.386899905593417,1102.4145755094853
2024-10-23,backward,2024-10-09 10:00:00,-13.583333333333334,1.2,11.774999999999999,8.315215073201257,1110.7297905826865
2024-10-23,backward,2024-10-09 09:00:00,-13.625,1.2799999999999998,12.12,9.814093290564905,1120.5438838732514
2024-10-23,backward,2024-10-09 08:00:00,-13.666666666666666,1.385,11.774999999999999,11.073234886617634,1131.617118759869
2024-10-23,backward,2024-10-09 07:00:00,-13.708333333333334,1.38,12.954999999999998,12.063321056972187,1143.6804398168413
2024-10-23,backward,2024-10-09 06:00:00,-13.75,1.435,12.61,12.747919223701686,1156.428359040543
2024-10-23,backward,2024-10-09 05:00:00,-13.791666666666666,1.545,12.51,14.744890617973365,1171.1732496585164
2024-10-23,backward,2024-10-09 04:00:00,-13.833333333333334,1.5,12.51,13.928081743497147,1185.1013314020136
2024-10-23,backward,2024-10-09 03:00:00,-13.875,1.49,12.165,13.273903298935785,1198.3752347009492
2024-10-23,backward,2024-10-09 02:00:00,-13.916666666666666,1.55,12.51,14.73995267792672,1213.115187378876
2024-10-23,backward,2024-10-09 01:00:00,-13.958333333333334,1.485,10.405000000000001,11.263109106769,1224.378296485645
2024-10-23,backward,2024-10-09 00:00:00,-14.0,1.545,12.51,14.68233258407092,1239.060629069716
2024-10-23,backward,2024-10-08 23:00:00,-14.041666666666666,1.725,10.81,15.962561367315404,1255.0231904370314
2024-10-23,backward,2024-10-08 22:00:00,-14.083333333333334,1.8,11.774999999999999,18.723745092839167,1273.7469355298706
2024-10-23,backward,2024-10-08 21:00:00,-14.125,1.535,12.51,14.57245274737271,1288.3193882772432
2024-10-23,backward,2024-10-08 20:00:00,-14.166666666666666,1.6800000000000002,12.12,16.803773183360455,1305.1231614606036
2024-10-23,backward,2024-10-08 19:00:00,-14.208333333333334,1.755,12.9,19.494302910088603,1324.6174643706922
2024-10-23,backward,2024-10-08 18:00:00,-14.25,1.71,12.51,17.929199631214093,1342.5466640019063
2024-10-23,backward,2024-10-08 17:00:00,-14.291666666666666,1.6749999999999998,12.61,17.409433729961236,1359.9560977318674
2024-10-23,backward,2024-10-08 16:00:00,-14.333333333333334,1.7999999999999998,12.9,20.556592900660267,1380.5126906325277
2024-10-23,backward,2024-10-08 15:00:00,-14.375,1.895,11.855,20.858006183862326,1401.37069681639
2024-10-23,backward,2024-10-08 14:00:00,-14.416666666666666,1.855,13.344999999999999,22.50849118048231,1423.8791879968721
2024-10-23,backward,2024-10-08 13:00:00,-14.458333333333334,1.89,12.9,22.607125858332115,1446.4863138552043
2024-10-23,backward,2024-10-08 12:00:00,-14.5,1.9899999999999998,12.12,23.549661603927483,1470.0359754591318
2024-10-23,backward,2024-10-08 11:00:00,-14.541666666666666,1.915,12.12,21.830931724716464,1491.8669071838483
2024-10-23,backward,2024-10-08 10:00:00,-14.583333333333334,1.8199999999999998,12.12,19.848193519482372,1511.7151007033306
2024-10-23,backward,2024-10-08 09:00:00,-14.625,1.62,11.774999999999999,15.153930143476789,1526.8690308468074
2024-10-23,backward,2024-10-08 08:00:00,-14.666666666666666,1.615,12.51,15.99366106811292,1542.8626919149203
2024-10-23,backward,2024-10-08 07:00:00,-14.708333333333334,1.4449999999999998,11.774999999999999,12.051944906569638,1554.91463682149
2024-10-23,backward,2024-10-08 06:00:00,-14.75,1.4649999999999999,12.51,13.159591090717313,1568.0742279122073
2024-10-23,backward,2024-10-08 05:00:00,-14.791666666666666,1.4049999999999998,12.51,12.124963867113376,1580.1991917793207
2024-10-23,backward,2024-10-08 04:00:00,-14.833333333333334,1.3450000000000002,12.165,10.812535201198099,1591.0117269805187
2024-10-23,backward,2024-10-08 03:00:00,-14.875,1.32,13.344999999999999,11.407710045601469,1602.4194370261202
2024-10-23,backward,2024-10-08 02:00:00,-14.916666666666666,1.3450000000000002,12.545,11.251736881207023,1613.6711739073273
2024-10-23,backward,2024-10-08 01:00:00,-14.958333333333334,1.365,14.895,13.657200040419573,1627.328373947747
2024-10-23,backward,2024-10-08 00:00:00,-15.0,1.3599999999999999,6.199999999999999,5.602152591437596,1632.9305265391845
2024-10-23,backward,2024-10-07 23:00:00,-15.041666666666666,1.455,5.41,5.633962933681467,1638.564489472866
2024-10-23,backward,2024-10-07 22:00:00,-15.083333333333334,1.45,9.524999999999999,9.764797292960623,1648.3292867658265
2024-10-23,backward,2024-10-07 21:00:00,-15.125,1.54,5.26,6.120367935361346,1654.449654701188
2024-10-23,backward,2024-10-07 20:00:00,-15.166666666666666,1.565,10.035,12.169172780729221,1666.6188274819172
2024-10-23,backward,2024-10-07 19:00:00,-15.208333333333334,1.49,16.0,17.427077114852207,1684.0459045967693
2024-10-23,backward,2024-10-07 18:00:00,-15.25,1.55,16.0,18.858858956097666,1702.904763552867
2024-10-23,backward,2024-10-07 17:00:00,-15.291666666666666,1.415,15.405000000000001,15.112912861154888,1718.017676414022
2024-10-23,backward,2024-10-07 16:00:00,-15.333333333333334,1.505,16.0,17.823878496842106,1735.841554910864
2024-10-23,backward,2024-10-07 15:00:00,-15.375,1.52,10.275,11.732539418270637,1747.5740943291346
2024-10-23,backward,2024-10-07 14:00:00,-15.416666666666666,1.4449999999999998,15.405000000000001,15.806629168444442,1763.380723497579
2024-10-23,backward,2024-10-07 13:00:00,-15.458333333333334,1.2850000000000001,15.405000000000001,12.503059458929553,1775.8837829565086
2024-10-23,backward,2024-10-07 12:00:00,-15.5,1.2,16.1,11.493758250336846,1787.3775412068455
2024-10-23,backward,2024-10-07 11:00:00,-15.541666666666666,1.1,14.895,8.842150676971917,1796.2196918838174
2024-10-23,backward,2024-10-07 10:00:00,-15.583333333333334,0.9550000000000001,15.405000000000001,6.921648668713232,1803.1413405525307
2024-10-23,backward,2024-10-07 09:00:00,-15.625,0.935,13.79,5.922807896156751,1809.0641484486873
2024-10-23,backward,2024-10-07 08:00:00,-15.666666666666666,0.925,13.344999999999999,5.62403995550129,1814.6881884041886
2024-10-23,backward,2024-10-07 07:00:00,-15.708333333333334,0.9299999999999999,12.51,5.341435244235478,1820.0296236484241
2024-10-23,backward,2024-10-07 06:00:00,-15.75,0.965,13.79,6.300319667937602,1826.3299433163618
2024-10-23,backward,2024-10-07 05:00:00,-15.791666666666666,0.9450000000000001,10.995000000000001,4.844867603797898,1831.1748109201596
2024-10-23,backward,2024-10-07 04:00:00,-15.833333333333334,1.0150000000000001,12.165,6.145089034319172,1837.3198999544788
2024-10-23,backward,2024-10-07 03:00:00,-15.875,0.8999999999999999,11.44,4.638133249752537,1841.9580332042315
2024-10-23,backward,2024-10-07 02:00:00,-15.916666666666666,0.955,11.855,5.3094912121095685,1847.267524416341
2024-10-23,backward,2024-10-07 01:00:00,-15.958333333333334,0.965,12.954999999999998,5.93195890725661,1853.1994833235976
2024-10-23,backward,2024-10-07 00:00:00,-16.0,0.915,14.3,5.8761444853672025,1859.0756278089648
2024-10-23,backward,2024-10-06 23:00:00,-16.041666666666668,0.945,13.344999999999999,5.844846580120719,1864.9204743890855
2024-10-23,backward,2024-10-06 22:00:00,-16.083333333333332,0.93,12.9,5.4737838120073485,1870.3942582010927
2024-10-23,backward,2024-10-06 21:00:00,-16.125,0.89,12.954999999999998,5.02237882144499,1875.4166370225378
2024-10-23,backward,2024-10-06 20:00:00,-16.166666666666668,0.9299999999999999,12.9,5.4744166925498385,1880.8910537150875
2024-10-23,backward,2024-10-06 19:00:00,-16.208333333333332,0.995,12.165,5.953054680037119,1886.8441083951247
2024-10-23,backward,2024-10-06 18:00:00,-16.25,0.985,13.344999999999999,6.360108481512842,1893.2042168766377
2024-10-23,backward,2024-10-06 17:00:00,-16.291666666666668,1.025,13.344999999999999,6.880974319336444,1900.0851911959742
2024-10-23,backward,2024-10-06 16:00:00,-16.333333333333332,1.0550000000000002,13.344999999999999,7.295496356516102,1907.3806875524904
2024-10-23,backward,2024-10-06 15:00:00,-16.375,1.165,13.79,9.182398785834426,1916.5630863383249
2024-10-23,backward,2024-10-06 14:00:00,-16.416666666666668,1.22,12.3,9.019750694136984,1925.5828370324618
2024-10-23,backward,2024-10-06 13:00:00,-16.458333333333332,1.165,13.79,9.186458052197661,1934.7692950846595
2024-10-23,backward,2024-10-06 12:00:00,-16.5,1.16,11.895,7.811777980549749,1942.5810730652092
2024-10-23,backward,2024-10-06 11:00:00,-16.541666666666668,1.145,9.545,6.136862323174391,1948.7179353883837
2024-10-23,backward,2024-10-06 10:00:00,-16.583333333333332,1.105,11.44,6.840430225606195,1955.55836561399
2024-10-23,backward,2024-10-06 09:00:00,-16.625,1.0350000000000001,13.79,7.247481819359095,1962.805847433349
2024-10-23,backward,2024-10-06 08:00:00,-16.666666666666668,1.02,13.79,7.04147405142492,1969.847321484774
2024-10-23,backward,2024-10-06 07:00:00,-16.708333333333332,0.99,13.344999999999999,6.45481831878906,1976.302139803563
2024-10-23,backward,2024-10-06 06:00:00,-16.75,0.935,13.344999999999999,5.731257033172858,1982.0333968367358
2024-10-23,backward,2024-10-06 05:00:00,-16.791666666666668,0.79,11.895,3.6914096992651437,1985.724806536001
2024-10-23,backward,2024-10-06 04:00:00,-16.833333333333332,0.73,11.44,3.0268233134102336,1988.7516298494113
2024-10-23,backward,2024-10-06 03:00:00,-16.875,0.79,10.0,3.062356857543227,1991.8139867069544
2024-10-23,backward,2024-10-06 02:00:00,-16.916666666666668,0.77,9.545,2.80534259742229,1994.6193293043768
2024-10-23,backward,2024-10-06 01:00:00,-16.958333333333332,0.8,10.715,3.364373339680941,1997.9837026440578
2024-10-23,backward,2024-10-06 00:00:00,-17.0,0.765,9.09,2.6108728795643255,2000.594575523622
2024-10-23,backward,2024-10-05 23:00:00,-17.041666666666668,0.78,9.545,2.8490309790570585,2003.4436065026791
2024-10-23,backward,2024-10-05 22:00:00,-17.083333333333332,0.76,9.545,2.6998870372606563,2006.1434935399398
2024-10-23,backward,2024-10-05 21:00:00,-17.125,0.7,9.545,2.2945844505883604,2008.4380779905282
2024-10-23,backward,2024-10-05 20:00:00,-17.166666666666668,0.685,9.09,2.0980188678640994,2010.5360968583923
2024-10-23,backward,2024-10-05 19:00:00,-17.208333333333332,0.665,10.405000000000001,2.2558914097936285,2012.7919882681858
2024-10-23,backward,2024-10-05 18:00:00,-17.25,0.6799999999999999,10.405000000000001,2.3731354739205743,2015.1651237421065
2024-10-23,backward,2024-10-05 17:00:00,-17.291666666666668,0.755,9.95,2.774130548063355,2017.9392542901699
2024-10-23,backward,2024-10-05 16:00:00,-17.333333333333332,0.76,9.545,2.7018752143137155,2020.6411295044836
2024-10-23,backward,2024-10-05 15:00:00,-17.375,0.765,9.545,2.758196676544725,2023.3993261810283
2024-10-23,backward,2024-10-05 14:00:00,-17.416666666666668,0.865,10.405000000000001,3.815490835671282,2027.2148170166995
2024-10-23,backward,2024-10-05 13:00:00,-17.458333333333332,0.855,9.545,3.421470939135377,2030.6362879558349
2024-10-23,backward,2024-10-05 12:00:00,-17.5,0.84,10.405000000000001,3.6019086160351517,2034.23819657187
2024-10-23,backward,2024-10-05 11:00:00,-17.541666666666668,0.835,10.405000000000001,3.5609430925483108,2037.7991396644184
2024-10-23,backward,2024-10-05 10:00:00,-17.583333333333332,0.825,10.0,3.340284630660535,2041.139424295079
2024-10-23,backward,2024-10-05 09:00:00,-17.625,0.825,9.09,3.0381025693111225,2044.17752686439
2024-10-23,backward,2024-10-05 08:00:00,-17.666666666666668,0.79,9.57,2.9513079089591567,2047.1288347733491
2024-10-23,backward,2024-10-05 07:00:00,-17.708333333333332,0.74,10.81,2.9089372925469705,2050.037772065896
2024-10-23,backward,2024-10-05 06:00:00,-17.75,0.795,10.0,3.1008693556715743,2053.1386414215676
2024-10-23,backward,2024-10-05 05:00:00,-17.791666666666668,0.755,10.405000000000001,2.9055224359454117,2056.044163857513
2024-10-23,backward,2024-10-05 04:00:00,-17.833333333333332,0.815,9.545,3.112386064427165,2059.15654992194
2024-10-23,backward,2024-10-05 03:00:00,-17.875,0.84,10.405000000000001,3.5990810137044162,2062.7556309356446
2024-10-23,backward,2024-10-05 02:00:00,-17.916666666666668,0.9299999999999999,8.71,3.716572342787498,2066.472203278432
2024-10-23,backward,2024-10-05 01:00:00,-17.958333333333332,0.9450000000000001,10.0,4.384292223235348,2070.8564955016673
2024-10-23,backward,2024-10-05 00:00:00,-18.0,0.865,9.165,3.3608844017135553,2074.217379903381
2024-10-23,backward,2024-10-04 23:00:00,-18.041666666666668,0.9199999999999999,10.0,4.160331008004896,2078.3777109113857
2024-10-23,backward,2024-10-04 22:00:00,-18.083333333333332,0.9,10.405000000000001,4.129732950893192,2082.507443862279
2024-10-23,backward,2024-10-04 21:00:00,-18.125,0.905,10.81,4.346965272262761,2086.854409134542
2024-10-23,backward,2024-10-04 20:00:00,-18.166666666666668,0.97,10.81,4.990537816384137,2091.844946950926
2024-10-23,backward,2024-10-04 19:00:00,-18.208333333333332,0.9199999999999999,10.81,4.497317819653293,2096.3422647705793
2024-10-23,backward,2024-10-04 18:00:00,-18.25,0.795,10.81,3.353100461645984,2099.6953652322254
2024-10-23,backward,2024-10-04 17:00:00,-18.291666666666668,0.815,11.43,3.731588046914444,2103.42695327914
2024-10-23,backward,2024-10-04 16:00:00,-18.333333333333332,0.815,9.879999999999999,3.2259356270616832,2106.6528889062015
2024-10-23,backward,2024-10-04 15:00:00,-18.375,0.89,10.405000000000001,4.037453080537098,2110.6903419867385
2024-10-23,backward,2024-10-04 14:00:00,-18.416666666666668,0.955,10.715,4.791144876631676,2115.4814868633703
2024-10-23,backward,2024-10-04 13:00:00,-18.458333333333332,0.9299999999999999,9.57,4.049937998401687,2119.531424861772
2024-10-23,backward,2024-10-04 12:00:00,-18.5,0.9650000000000001,10.0,4.583477882345017,2124.114902744117
2024-10-23,backward,2024-10-04 11:00:00,-18.541666666666668,0.925,11.120000000000001,4.673334408949454,2128.7882371530663
2024-10-23,backward,2024-10-04 10:00:00,-18.583333333333332,1.045,10.0,5.358633895628948,2134.146871048695
2024-10-23,backward,2024-10-04 09:00:00,-18.625,0.935,10.0,4.298926940759776,2138.445797989455
2024-10-23,backward,2024-10-04 08:00:00,-18.666666666666668,0.965,11.43,5.222092371611805,2143.667890361067
2024-10-23,backward,2024-10-04 07:00:00,-18.708333333333332,0.9199999999999999,10.81,4.497317819653293,2148.16520818072
2024-10-23,backward,2024-10-04 06:00:00,-18.75,0.97,10.81,4.990007472301631,2153.155215653022
2024-10-23,backward,2024-10-04 05:00:00,-18.791666666666668,0.965,10.715,4.892040998559477,2158.0472566515814
2024-10-23,backward,2024-10-04 04:00:00,-18.833333333333332,1.06,10.715,5.914540219488485,2163.96179687107
2024-10-23,backward,2024-10-04 03:00:00,-18.875,1.0350000000000001,10.0,5.25658804071562,2169.2183849117855
2024-10-23,backward,2024-10-04 02:00:00,-18.916666666666668,0.9950000000000001,11.465,5.552358384383002,2174.7707432961683
2024-10-23,backward,2024-10-04 01:00:00,-18.958333333333332,1.12,11.465,7.04909731833151,2181.8198406144998
2024-10-23,backward,2024-10-04 00:00:00,-19.0,1.08,10.405000000000001,5.945175807888175,2187.765016422388
2024-10-23,backward,2024-10-03 23:00:00,-19.041666666666668,1.16,10.0,6.605997290422868,2194.3710137128105
2024-10-23,backward,2024-10-03 22:00:00,-19.083333333333332,1.17,10.0,6.716383431555073,2201.0873971443657
2024-10-23,backward,2024-10-03 21:00:00,-19.125,0.97,10.405000000000001,4.796085515006218,2205.883482659372
2024-10-23,backward,2024-10-03 20:00:00,-19.166666666666668,0.915,9.95,4.07644759814839,2209.95993025752
2024-10-23,backward,2024-10-03 19:00:00,-19.208333333333332,0.925,11.120000000000001,4.684417177519127,2214.6443474350394
2024-10-23,backward,2024-10-03 18:00:00,-19.25,0.925,10.81,4.5378891419650245,2219.1822365770045
2024-10-23,backward,2024-10-03 17:00:00,-19.291666666666668,0.96,10.715,4.880048648186875,2224.0622852251913
2024-10-23,backward,2024-10-03 16:00:00,-19.333333333333332,0.98,11.120000000000001,5.268032875828207,2229.3303181010197
2024-10-23,backward,2024-10-03 15:00:00,-19.375,0.965,11.774999999999999,5.378081235368548,2234.708399336388
2024-10-23,backward,2024-10-03 14:00:00,-19.416666666666668,1.005,9.57,4.724873452941545,2239.4332727893297
2024-10-23,backward,2024-10-03 13:00:00,-19.458333333333332,1.03,8.74,4.639562872931467,2244.0728356622612
2024-10-23,backward,2024-10-03 12:00:00,-19.5,0.985,9.165,4.366662820588926,2248.43949848285
2024-10-23,backward,2024-10-03 11:00:00,-19.541666666666668,1.02,10.0,5.1121048471003565,2253.5516033299505
2024-10-23,backward,2024-10-03 10:00:00,-19.583333333333332,1.005,10.715,5.291295160605337,2258.842898490556
2024-10-23,backward,2024-10-03 09:00:00,-19.625,0.97,8.845,4.08294320929768,2262.9258416998537
2024-10-23,backward,2024-10-03 08:00:00,-19.666666666666668,0.975,10.715,5.008720376248897,2267.9345620761023
2024-10-23,backward,2024-10-03 07:00:00,-19.708333333333332,1.0150000000000001,10.81,5.464930598186008,2273.3994926742885
2024-10-23,backward,2024-10-03 06:00:00,-19.75,1.03,10.81,5.628541747639197,2279.0280344219277
2024-10-23,backward,2024-10-03 05:00:00,-19.791666666666668,1.04,11.774999999999999,6.242905137606848,2285.270939559535
2024-10-23,backward,2024-10-03 04:00:00,-19.833333333333332,0.995,10.81,5.253853653348507,2290.524793212883
2024-10-23,backward,2024-10-03 03:00:00,-19.875,1.0350000000000001,11.774999999999999,6.186725214939024,2296.7115184278223
2024-10-23,backward,2024-10-03 02:00:00,-19.916666666666668,1.125,10.81,6.712299880240789,2303.423818308063
2024-10-23,backward,2024-10-03 01:00:00,-19.958333333333332,1.165,11.120000000000001,7.398930133177265,2310.82274844124
2024-10-23,backward,2024-10-03 00:00:00,-20.0,1.145,10.26,6.635193934147264,2317.457942375387
2024-10-23,backward,2024-10-02 23:00:00,-20.041666666666668,1.135,10.715,6.746796775857282,2324.204739151244
2024-10-23,backward,2024-10-02 22:00:00,-20.083333333333332,1.12,10.81,6.654757547288858,2330.859496698533
2024-10-23,backward,2024-10-02 21:00:00,-20.125,1.105,10.605,6.344747391415422,2337.204244089948
2024-10-23,backward,2024-10-02 20:00:00,-20.166666666666668,1.12,11.059999999999999,6.795383603830427,2343.9996276937786
2024-10-23,backward,2024-10-02 19:00:00,-20.208333333333332,1.105,11.43,6.848301002771455,2350.8479286965503
2024-10-23,backward,2024-10-02 18:00:00,-20.25,1.12,12.51,7.695169495293191,2358.5430981918435
2024-10-23,backward,2024-10-02 17:00:00,-20.291666666666668,1.1,11.120000000000001,6.616137116044736,2365.159235307888
2024-10-23,backward,2024-10-02 16:00:00,-20.333333333333332,1.155,9.629999999999999,6.472133734189594,2371.631369042078
2024-10-23,backward,2024-10-02 15:00:00,-20.375,1.16,11.774999999999999,7.790342218454555,2379.4217112605324
2024-10-23,backward,2024-10-02 14:00:00,-20.416666666666668,1.275,11.059999999999999,8.757519339683604,2388.179230600216
2024-10-23,backward,2024-10-02 13:00:00,-20.458333333333332,1.29,11.059999999999999,9.043519528650643,2397.2227501288667
2024-10-23,backward,2024-10-02 12:00:00,-20.5,1.205,11.465,8.180213803806714,2405.402963932673
2024-10-23,backward,2024-10-02 11:00:00,-20.541666666666668,1.2,10.81,7.6417278848330525,2413.044691817506
2024-10-23,backward,2024-10-02 10:00:00,-20.583333333333332,1.2850000000000001,11.120000000000001,9.006486940721075,2422.0511787582273
2024-10-23,backward,2024-10-02 09:00:00,-20.625,1.225,11.774999999999999,8.709205288130324,2430.7603840463576
2024-10-23,backward,2024-10-02 08:00:00,-20.666666666666668,1.1949999999999998,11.465,8.009166062676716,2438.7695501090343
2024-10-23,backward,2024-10-02 07:00:00,-20.708333333333332,1.165,10.405000000000001,6.922492754739089,2445.692042863773
2024-10-23,backward,2024-10-02 06:00:00,-20.75,1.23,11.774999999999999,8.732421701333248,2454.4244645651065
2024-10-23,backward,2024-10-02 05:00:00,-20.791666666666668,1.275,11.465,9.15735167980646,2463.581816244913
2024-10-23,backward,2024-10-02 04:00:00,-20.833333333333332,1.2850000000000001,10.715,8.66787475447014,2472.2496909993833
2024-10-23,backward,2024-10-02 03:00:00,-20.875,1.375,11.059999999999999,10.297849515462683,2482.547540514846
2024-10-23,backward,2024-10-02 02:00:00,-20.916666666666668,1.35,10.715,9.601623763231391,2492.1491642780775
2024-10-23,backward,2024-10-02 01:00:00,-20.958333333333332,1.3,10.405000000000001,8.647112838440924,2500.7962771165185
2024-10-23,backward,2024-10-02 00:00:00,-21.0,1.3399999999999999,7.484999999999999,6.684051576119986,2507.4803286926385
2024-10-23,forward,2024-10-23 00:00:00,0.0,0.45999999999999996,9.09,0.9440973415385903,0.9440973415385903
2024-10-23,forward,2024-10-23 01:00:00,0.041666666666666664,0.425,9.545,0.846901117759004,1.7909984592975943
2024-10-23,forward,2024-10-23 02:00:00,0.08333333333333333,0.435,9.09,0.8448712392748507,2.635869698572445
2024-10-23,forward,2024-10-23 03:00:00,0.125,0.44499999999999995,7.88,0.7887857580833282,3.424655456655773
2024-10-23,forward,2024-10-23 04:00:00,0.16666666666666666,0.47,10.0,1.0881620490276958,4.5128175056834685
2024-10-23,forward,2024-10-23 05:00:00,0.20833333333333334,0.43,9.545,0.8658544181914037,5.378671923874872
2024-10-23,forward,2024-10-23 06:00:00,0.25,0.395,10.0,0.766570424529204,6.145242348404077
2024-10-23,forward,2024-10-23 07:00:00,0.2916666666666667,0.375,9.545,0.6578022989234609,6.803044647327537
2024-10-23,forward,2024-10-23 08:00:00,0.3333333333333333,0.395,9.09,0.6968125158970463,7.499857163224584
2024-10-23,forward,2024-10-23 09:00:00,0.375,0.395,10.615,0.8171010297964183,8.316958193021001
2024-10-23,forward,2024-10-23 10:00:00,0.4166666666666667,0.395,8.71,0.6660918075174179,8.98305000053842
2024-10-23,forward,2024-10-23 11:00:00,0.4583333333333333,0.435,8.71,0.8095084257068091,9.792558426245229
2024-10-23,forward,2024-10-23 12:00:00,0.5,0.43,8.33,0.756046945741267,10.548605371986495
2024-10-23,forward,2024-10-23 13:00:00,0.5416666666666666,0.41000000000000003,9.09,0.7501047371128526,11.298710109099348
2024-10-23,forward,2024-10-23 14:00:00,0.5833333333333334,0.41500000000000004,9.545,0.8103323969247272,12.109042506024075
2024-10-23,forward,2024-10-23 15:00:00,0.625,0.445,8.71,0.847130966235095,12.95617347225917
2024-10-23,forward,2024-10-23 16:00:00,0.6666666666666666,0.49,9.545,1.1270022713439376,14.083175743603107
2024-10-23,forward,2024-10-23 17:00:00,0.7083333333333334,0.54,9.09,1.300419389667704,15.383595133270811
2024-10-23,forward,2024-10-23 18:00:00,0.75,0.51,9.545,1.2153222228638152,16.598917356134628
2024-10-23,forward,2024-10-23 19:00:00,0.7916666666666666,0.565,2.84,0.4450940922225615,17.04401144835719
2024-10-23,forward,2024-10-23 20:00:00,0.8333333333333334,0.575,3.13,0.5080262124921752,17.552037660849365
2024-10-23,forward,2024-10-23 21:00:00,0.875,0.66,3.03,0.6475339347728073,18.19957159562217
2024-10-23,forward,2024-10-23 22:00:00,0.9166666666666666,0.665,6.395,1.3454436889127077,19.545015284534877
2024-10-23,forward,2024-10-23 23:00:00,0.9583333333333334,0.655,5.95,1.1894457489621393,20.734461033497016
2024-10-23,forward,2024-10-24 00:00:00,1.0,0.56,8.71,1.338551178260413,22.07301221175743
2024-10-23,forward,2024-10-24 01:00:00,1.0416666666666667,0.545,8.33,1.2139661904456402,23.28697840220307
2024-10-23,forward,2024-10-24 02:00:00,1.0833333333333333,0.515,8.71,1.1324982746596421,24.41947667686271
2024-10-23,forward,2024-10-24 03:00:00,1.125,0.505,8.01,1.0030746943252409,25.422551371187954
2024-10-23,forward,2024-10-24 04:00:00,1.1666666666666667,0.535,8.71,1.2221975623386008,26.644748933526554
2024-10-23,forward,2024-10-24 05:00:00,1.2083333333333333,0.53,8.71,1.19878466180446,27.843533595331014
2024-10-23,forward,2024-10-24 06:00:00,1.25,0.53,8.71,1.2003335020158128,29.043867097346826
2024-10-23,forward,2024-10-24 07:00:00,1.2916666666666667,0.49,8.71,1.0259881588963922,30.06985525624322
2024-10-23,forward,2024-10-24 08:00:00,1.3333333333333333,0.5,9.545,1.1734068879581656,31.243262144201385
2024-10-23,forward,2024-10-24 09:00:00,1.375,0.5,9.09,1.1149000254352743,32.35816216963666
2024-10-23,forward,2024-10-24 10:00:00,1.4166666666666667,0.46499999999999997,8.71,0.9232061510729808,33.28136832070964
2024-10-23,forward,2024-10-24 11:00:00,1.4583333333333333,0.45,8.33,0.8275649000681438,34.108933220777786
2024-10-23,forward,2024-10-24 12:00:00,1.5,0.415,8.71,0.7368272467549348,34.84576046753272
2024-10-23,forward,2024-10-24 13:00:00,1.5416666666666667,0.41,9.09,0.7496587771026783,35.5954192446354
2024-10-23,forward,2024-10-24 14:00:00,1.5833333333333333,0.5,10.615,1.3710142705521797,36.96643351518758
2024-10-23,forward,2024-10-24 15:00:00,1.625,0.645,2.995,0.6109009446741378,37.57733445986172
2024-10-23,forward,2024-10-24 16:00:00,1.6666666666666667,0.745,3.45,0.9493730631771022,38.52670752303882
2024-10-23,forward,2024-10-24 17:00:00,1.7083333333333333,0.78,3.45,1.0308579048380737,39.557565427876895
2024-10-23,forward,2024-10-24 18:00:00,1.75,0.6799999999999999,6.27,1.4038776965824522,40.96144312445935
2024-10-23,forward,2024-10-24 19:00:00,1.7916666666666667,0.65,3.575,0.7420009225385337,41.70344404699789
2024-10-23,forward,2024-10-24 20:00:00,1.8333333333333333,0.65,6.545,1.3566518070782005,43.06009585407609
2024-10-23,forward,2024-10-24 21:00:00,1.875,0.65,3.925,0.8133900930340894,43.873485947110176
2024-10-23,forward,2024-10-24 22:00:00,1.9166666666666667,0.585,4.085,0.6858933641187845,44.55937931122896
2024-10-23,forward,2024-10-24 23:00:00,1.9583333333333333,0.545,6.63,0.9596404461176125,45.51901975734657
2024-10-23,forward,2024-10-25 00:00:00,2.0,0.525,6.72,0.9148854890569711,46.43390524640354
2024-10-23,forward,2024-10-25 01:00:00,2.0416666666666665,0.555,8.71,1.3173847583495806,47.75129000475312
2024-10-23,forward,2024-10-25 02:00:00,2.0833333333333335,0.625,8.71,1.6660518955449795,49.417341900298105
2024-10-23,forward,2024-10-25 03:00:00,2.125,0.7949999999999999,3.13,0.975178889948453,50.39252079024656
2024-10-23,forward,2024-10-25 04:00:00,2.1666666666666665,1.045,4.35,2.339542272846149,52.73206306309271
2024-10-23,forward,2024-10-25 05:00:00,2.2083333333333335,1.315,5.279999999999999,4.490026447077707,57.22208951017042
2024-10-23,forward,2024-10-25 06:00:00,2.25,1.525,5.41,6.176576067820793,63.39866557799121
2024-10-23,forward,2024-10-25 07:00:00,2.2916666666666665,1.57,6.0649999999999995,7.331806283175059,70.73047186116627
2024-10-23,forward,2024-10-25 08:00:00,2.3333333333333335,1.7149999999999999,6.25,9.027899889680434,79.75837175084669
2024-10-23,forward,2024-10-25 09:00:00,2.375,1.74,11.43,17.00509542755737,96.76346717840406
2024-10-23,forward,2024-10-25 10:00:00,2.4166666666666665,1.7149999999999999,11.43,16.496765039920742,113.2602322183248
2024-10-23,forward,2024-10-25 11:00:00,2.4583333333333335,1.62,11.120000000000001,14.366694452117494,127.6269266704423
2024-10-23,forward,2024-10-25 12:00:00,2.5,1.63,11.120000000000001,14.506266688965056,142.13319335940736
2024-10-23,forward,2024-10-25 13:00:00,2.5416666666666665,1.545,8.125,9.473338631965865,151.60653199137323
2024-10-23,forward,2024-10-25 14:00:00,2.5833333333333335,1.4849999999999999,8.84,9.742554976127554,161.3490869675008
2024-10-23,forward,2024-10-25 15:00:00,2.625,1.48,9.184999999999999,9.786955961628966,171.13604292912976
2024-10-23,forward,2024-10-25 16:00:00,2.6666666666666665,1.5,9.395,10.146729416437479,181.28277234556722
2024-10-23,forward,2024-10-25 17:00:00,2.7083333333333335,1.42,11.45,11.392646998085105,192.67541934365232
2024-10-23,forward,2024-10-25 18:00:00,2.75,1.47,11.120000000000001,11.8468830252137,204.522302368866
2024-10-23,forward,2024-10-25 19:00:00,2.7916666666666665,1.455,6.904999999999999,7.182197983678292,211.7045003525443
2024-10-23,forward,2024-10-25 20:00:00,2.8333333333333335,1.5699999999999998,9.629999999999999,11.338528843231092,223.0430291957754
2024-10-23,forward,2024-10-25 21:00:00,2.875,1.33,10.605,9.184100449525616,232.22712964530103
2024-10-23,forward,2024-10-25 22:00:00,2.9166666666666665,1.3599999999999999,11.120000000000001,10.107865645077798,242.33499529037883
2024-10-23,forward,2024-10-25 23:00:00,2.9583333333333335,1.46,11.774999999999999,12.309621483537367,254.6446167739162
2024-10-23,forward,2024-10-26 00:00:00,3.0,1.4,11.120000000000001,10.710520990311895,265.3551377642281
2024-10-23,forward,2024-10-26 01:00:00,3.0416666666666665,1.3900000000000001,11.774999999999999,11.151921071647099,276.5070588358752
2024-10-23,forward,2024-10-26 02:00:00,3.0833333333333335,1.35,11.774999999999999,10.576570842283465,287.0836296781587
2024-10-23,forward,2024-10-26 03:00:00,3.125,1.37,9.545,8.821153025205746,295.9047827033644
2024-10-23,forward,2024-10-26 04:00:00,3.1666666666666665,1.405,11.120000000000001,10.82017784700502,306.7249605503694
2024-10-23,forward,2024-10-26 05:00:00,3.2083333333333335,1.4100000000000001,10.605,10.197321592641192,316.9222821430106
2024-10-23,forward,2024-10-26 06:00:00,3.25,1.34,10.225,9.007514022438677,325.92979616544926
2024-10-23,forward,2024-10-26 07:00:00,3.2916666666666665,1.1600000000000001,10.605,7.123170589174331,333.0529667546236
2024-10-23,forward,2024-10-26 08:00:00,3.3333333333333335,1.22,9.09,6.644804151594235,339.69777090621784
2024-10-23,forward,2024-10-26 09:00:00,3.375,1.085,10.995000000000001,6.452377558557359,346.1501484647752
2024-10-23,forward,2024-10-26 10:00:00,3.4166666666666665,1.065,12.954999999999998,7.213416165600624,353.36356463037583
2024-10-23,forward,2024-10-26 11:00:00,3.4583333333333335,0.905,12.9,5.184873844360064,358.5484384747359
2024-10-23,forward,2024-10-26 12:00:00,3.5,0.95,12.9,5.714278418154046,364.26271689288996
2024-10-23,forward,2024-10-26 13:00:00,3.5416666666666665,0.935,12.9,5.536755425985232,369.7994723188752
2024-10-23,forward,2024-10-26 14:00:00,3.5833333333333335,0.94,11.059999999999999,4.79449497336377,374.593967292239
2024-10-23,forward,2024-10-26 15:00:00,3.625,0.8999999999999999,12.165,4.817836981465051,379.41180427370404
2024-10-23,forward,2024-10-26 16:00:00,3.6666666666666665,0.885,12.12,4.660876719666345,384.0726809933704
2024-10-23,forward,2024-10-26 17:00:00,3.7083333333333335,0.85,10.605,3.7864234663832783,387.85910445975367
2024-10-23,forward,2024-10-26 18:00:00,3.75,0.9550000000000001,11.43,5.12564137693613,392.9847458366898
2024-10-23,forward,2024-10-26 19:00:00,3.7916666666666665,0.915,11.465,4.6955205515018115,397.6802663881916
2024-10-23,forward,2024-10-26 20:00:00,3.8333333333333335,0.905,12.165,4.891526353839266,402.5717927420309
2024-10-23,forward,2024-10-26 21:00:00,3.875,0.835,12.12,4.15783382818995,406.72962657022083
2024-10-23,forward,2024-10-26 22:00:00,3.9166666666666665,0.95,11.43,5.061434174085171,411.791060744306
2024-10-23,forward,2024-10-26 23:00:00,3.9583333333333335,0.995,6.85,3.3118295365020103,415.10289028080797
2024-10-23,forward,2024-10-27 00:00:00,4.0,0.99,3.51,1.6885105692146662,416.7914008500226
2024-10-23,forward,2024-10-27 01:00:00,4.041666666666667,0.955,3.51,1.5708529250122787,418.3622537750349
2024-10-23,forward,2024-10-27 02:00:00,4.083333333333333,0.85,11.059999999999999,3.898712909891138,422.260966684926
2024-10-23,forward,2024-10-27 03:00:00,4.125,0.845,9.95,3.4759303098167544,425.7368969947428
2024-10-23,forward,2024-10-27 04:00:00,4.166666666666667,0.83,10.81,3.6540707284683,429.3909677232111
2024-10-23,forward,2024-10-27 05:00:00,4.208333333333333,0.97,6.665,2.9843506511431346,432.3753183743542
2024-10-23,forward,2024-10-27 06:00:00,4.25,0.915,3.7,1.5234391337655664,433.8987575081198
2024-10-23,forward,2024-10-27 07:00:00,4.291666666666667,0.905,3.45,1.389698964707824,435.2884564728276
2024-10-23,forward,2024-10-27 08:00:00,4.333333333333333,0.98,3.7,1.7462596922043192,437.0347161650319
2024-10-23,forward,2024-10-27 09:00:00,4.375,1.005,3.7750000000000004,1.8754580848108109,438.9101742498427
2024-10-23,forward,2024-10-27 10:00:00,4.416666666666667,1.0,3.925,1.92655337651555,440.83672762635825
2024-10-23,forward,2024-10-27 11:00:00,4.458333333333333,0.9,3.57,1.4186826858311035,442.2554103121894
2024-10-23,forward,2024-10-27 12:00:00,4.5,0.925,3.635,1.5262179208916677,443.78162823308105
2024-10-23,forward,2024-10-27 13:00:00,4.541666666666667,0.77,3.45,1.0060254385289726,444.78765367161003
2024-10-23,forward,2024-10-27 14:00:00,4.583333333333333,0.6599999999999999,3.23,0.693644433646552,445.4812981052566
2024-10-23,forward,2024-10-27 15:00:00,4.625,0.625,2.985,0.5722277733848092,446.0535258786414
2024-10-23,forward,2024-10-27 16:00:00,4.666666666666667,0.56,6.515,1.0023571844078816,447.05588306304924
2024-10-23,forward,2024-10-27 17:00:00,4.708333333333333,0.55,10.0,1.4840803418885393,448.5399634049378
2024-10-23,forward,2024-10-27 18:00:00,4.75,0.5700000000000001,10.405000000000001,1.6567772519670516,450.19674065690486
2024-10-23,forward,2024-10-27 19:00:00,4.791666666666667,0.6599999999999999,3.1799999999999997,0.6851093772142101,450.88185003411905
2024-10-23,forward,2024-10-27 20:00:00,4.833333333333333,0.7,3.45,0.8293678737066363,451.7112179078257
2024-10-23,forward,2024-10-27 21:00:00,4.875,0.6699999999999999,3.45,0.7604795625640648,452.47169747038976
2024-10-23,forward,2024-10-27 22:00:00,4.916666666666667,0.625,3.33,0.6385374642705326,453.1102349346603
2024-10-23,forward,2024-10-27 23:00:00,4.958333333333333,0.5,3.085,0.38364629759737223,453.49388123225765
2024-10-23,forward,2024-10-28 00:00:00,5.0,0.46499999999999997,6.3,0.6280382704336447,454.1219195026913
2024-10-23,forward,2024-10-28 01:00:00,5.041666666666667,0.595,2.86,0.4984621119219451,454.6203816146132
2024-10-23,forward,2024-10-28 02:00:00,5.083333333333333,0.61,2.995,0.5504961764313798,455.1708777910446
2024-10-23,forward,2024-10-28 03:00:00,5.125,0.5700000000000001,2.995,0.4782977528700572,455.6491755439146
2024-10-23,forward,2024-10-28 04:00:00,5.166666666666667,0.58,3.08,0.5083218020478737,456.1574973459625
2024-10-23,forward,2024-10-28 05:00:00,5.208333333333333,0.555,2.985,0.4512482422419499,456.60874558820444
2024-10-23,forward,2024-10-28 06:00:00,5.25,0.52,2.945,0.3906818196280673,456.9994274078325
2024-10-23,forward,2024-10-28 07:00:00,5.291666666666667,0.54,2.84,0.4059560726277984,457.40538348046033
2024-10-23,forward,2024-10-28 08:00:00,5.333333333333333,0.75,3.3,0.928435755834753,458.3338192362951
2024-10-23,forward,2024-10-28 09:00:00,5.375,0.835,4.01,1.3815519768871956,459.71537121318227
2024-10-23,forward,2024-10-28 10:00:00,5.416666666666667,0.885,4.555,1.771290362962386,461.4866615761446
2024-10-23,forward,2024-10-28 11:00:00,5.458333333333333,0.92,5.26,2.1844632361948726,463.6711248123395
2024-10-23,forward,2024-10-28 12:00:00,5.5,0.8300000000000001,5.56,1.8835211791641788,465.55464599150366
2024-10-23,forward,2024-10-28 13:00:00,5.541666666666667,0.78,5.41,1.6181568207229309,467.1728028122266
2024-10-23,forward,2024-10-28 14:00:00,5.583333333333333,0.74,5.13,1.3810964500781233,468.55389926230475
2024-10-23,forward,2024-10-28 15:00:00,5.625,0.71,5.41,1.3434925525425623,469.8973918148473
2024-10-23,forward,2024-10-28 16:00:00,5.666666666666667,0.66,5.13,1.0974133888647182,470.994805203712
2024-10-23,forward,2024-10-28 17:00:00,5.708333333333333,0.625,5.56,1.0661466370402886,472.0609518407523
2024-10-23,forward,2024-10-28 18:00:00,5.75,0.585,5.41,0.907960353167408,472.9689121939197
2024-10-23,forward,2024-10-28 19:00:00,5.791666666666667,0.585,5.0,0.8424915593745765,473.8114037532943
2024-10-23,forward,2024-10-28 20:00:00,5.833333333333333,0.535,5.01,0.7042390501698854,474.5156428034642
2024-10-23,forward,2024-10-28 21:00:00,5.875,0.535,5.0,0.7026691139404497,475.2183119174046
2024-10-23,forward,2024-10-28 22:00:00,5.916666666666667,0.495,4.55,0.5474600669451726,475.7657719843498
2024-10-23,forward,2024-10-28 23:00:00,5.958333333333333,0.48,5.13,0.5798716457044106,476.3456436300542
2024-10-23,forward,2024-10-29 00:00:00,6.0,0.445,7.63,0.7361897054642625,477.08183333551847
2024-10-23,forward,2024-10-29 01:00:00,6.041666666666667,0.39,4.88,0.3639308421860887,477.4457641777046
2024-10-23,forward,2024-10-29 02:00:00,6.083333333333333,0.37,7.38,0.47039214274470453,477.91615632044926
2024-10-23,forward,2024-10-29 03:00:00,6.125,0.34,7.275,0.4125939592478818,478.32875027969715
2024-10-23,forward,2024-10-29 04:00:00,6.166666666666667,0.31,10.0,0.47196207897414033,478.80071235867126
2024-10-23,forward,2024-10-29 05:00:00,6.208333333333333,0.29000000000000004,9.165,0.37622049923214085,479.1769328579034
2024-10-23,forward,2024-10-29 06:00:00,6.25,0.295,9.545,0.4082984665426239,479.58523132444606
2024-10-23,forward,2024-10-29 07:00:00,6.291666666666667,0.305,9.545,0.4346309578584435,480.0198622823045
2024-10-23,forward,2024-10-29 08:00:00,6.333333333333333,0.31,8.71,0.41223483633539837,480.4320971186399
2024-10-23,forward,2024-10-29 09:00:00,6.375,0.33,9.545,0.5099596870797398,480.94205680571963
2024-10-23,forward,2024-10-29 10:00:00,6.416666666666667,0.325,9.09,0.4720486707692952,481.41410547648894
2024-10-23,forward,2024-10-29 11:00:00,6.458333333333333,0.35,9.545,0.5736461126470901,481.98775158913605
2024-10-23,forward,2024-10-29 12:00:00,6.5,0.41500000000000004,6.3,0.4833686468911349,482.47112023602716
2024-10-23,forward,2024-10-29 13:00:00,6.541666666666667,0.53,2.94,0.4074720422993474,482.8785922783265
2024-10-23,forward,2024-10-29 14:00:00,6.583333333333333,0.6799999999999999,3.1799999999999997,0.7240271151317803,483.60261939345827
2024-10-23,forward,2024-10-29 15:00:00,6.625,0.775,3.7,1.0903231643685285,484.6929425578268
2024-10-23,forward,2024-10-29 16:00:00,6.666666666666667,0.87,4.0,1.4861408831896732,486.1790834410165
2024-10-23,forward,2024-10-29 17:00:00,6.708333333333333,0.845,4.0,1.401658689843159,487.5807421308596
2024-10-23,forward,2024-10-29 18:00:00,6.75,0.86,4.085,1.4817315701077813,489.0624737009674
2024-10-23,forward,2024-10-29 19:00:00,6.791666666666667,0.875,3.925,1.474676669176754,490.53715037014416
2024-10-23,forward,2024-10-29 20:00:00,6.833333333333333,0.925,4.085,1.716384786968299,492.2535351571125
2024-10-23,forward,2024-10-29 21:00:00,6.875,0.94,4.17,1.8076893344418554,494.06122449155436
2024-10-23,forward,2024-10-29 22:00:00,6.916666666666667,0.9299999999999999,4.449999999999999,1.8893740976695441,495.9505985892239
2024-10-23,forward,2024-10-29 23:00:00,6.958333333333333,0.85,4.17,1.478107225140607,497.4287058143645
2024-10-23,forward,2024-10-30 00:00:00,7.0,0.905,4.55,1.828326882085397,499.25703269644987
2024-10-23,forward,2024-10-30 01:00:00,7.041666666666667,0.98,4.55,2.1440790797179945,501.40111177616785
2024-10-23,forward,2024-10-30 02:00:00,7.083333333333333,1.08,4.449999999999999,2.549468503487982,503.9505802796558
2024-10-23,forward,2024-10-30 03:00:00,7.125,1.13,4.76,2.985655660633853,506.93623594028963
2024-10-23,forward,2024-10-30 04:00:00,7.166666666666667,1.13,4.88,3.057729470506964,509.9939654107966
2024-10-23,forward,2024-10-30 05:00:00,7.208333333333333,1.21,5.0,3.607173789664622,513.6011392004613
2024-10-23,forward,2024-10-30 06:00:00,7.25,1.2,4.775,3.3665516261992825,516.9676908266606
2024-10-23,forward,2024-10-30 07:00:00,7.291666666666667,1.21,5.0,3.5917197299061137,520.5594105565667
2024-10-23,forward,2024-10-30 08:00:00,7.333333333333333,1.2850000000000001,5.13,4.1600611752154615,524.7194717317822
2024-10-23,forward,2024-10-30 09:00:00,7.375,1.42,5.13,5.074883621520719,529.7943553533029
2024-10-23,forward,2024-10-30 10:00:00,7.416666666666667,1.3849999999999998,5.13,4.82874264160384,534.6230979949067
2024-10-23,forward,2024-10-30 11:00:00,7.458333333333333,1.45,5.13,5.288624551897544,539.9117225468043
2024-10-23,forward,2024-10-30 12:00:00,7.5,1.375,5.26,4.882075337738062,544.7937978845424
2024-10-23,forward,2024-10-30 13:00:00,7.541666666666667,1.2799999999999998,5.26,4.259251708611502,549.0530495931539
2024-10-23,forward,2024-10-30 14:00:00,7.583333333333333,1.09,5.0,2.9144394284260717,551.9674890215799
2024-10-23,forward,2024-10-30 15:00:00,7.625,0.9550000000000001,5.13,2.3097014646626124,554.2771904862425
2024-10-23,forward,2024-10-30 16:00:00,7.666666666666667,0.9,4.555,1.814626490155675,556.0918169763981
2024-10-23,forward,2024-10-30 17:00:00,7.708333333333333,0.9,4.449999999999999,1.7683859809379303,557.8602029573361
2024-10-23,forward,2024-10-30 18:00:00,7.75,0.8049999999999999,6.46,2.0599189686010506,559.9201219259372
2024-10-23,forward,2024-10-30 19:00:00,7.791666666666667,0.74,4.17,1.1204973386982844,561.0406192646356
2024-10-23,forward,2024-10-30 20:00:00,7.833333333333333,0.73,5.3,1.37308094441671,562.4137002090523
2024-10-23,forward,2024-10-30 21:00:00,7.875,0.775,6.904999999999999,2.035672284747558,564.4493724937998
2024-10-23,forward,2024-10-30 22:00:00,7.916666666666667,0.855,6.67,2.4020581147124274,566.8514306085123
2024-10-23,forward,2024-10-30 23:00:00,7.958333333333333,0.8300000000000001,6.25,2.1135879745119213,568.9650185830242
2024-10-23,forward,2024-10-31 00:00:00,8.0,0.785,6.275,1.9066078273256402,570.8716264103498
2024-10-23,forward,2024-10-31 01:00:00,8.041666666666666,0.77,6.46,1.8790831656855924,572.7507095760354
2024-10-23,forward,2024-10-31 02:00:00,8.083333333333334,0.695,6.904999999999999,1.637194995832734,574.3879045718681
2024-10-23,forward,2024-10-31 03:00:00,8.125,0.715,6.67,1.6729816921827234,576.0608862640509
2024-10-23,forward,2024-10-31 04:00:00,8.166666666666666,0.65,6.904999999999999,1.429630292703524,577.4905165567544
2024-10-23,forward,2024-10-31 05:00:00,8.208333333333334,0.63,6.904999999999999,1.3488099756121685,578.8393265323666
2024-10-23,forward,2024-10-31 06:00:00,8.25,0.64,7.14,1.4347961188059752,580.2741226511725
2024-10-23,forward,2024-10-31 07:00:00,8.291666666666666,0.65,6.904999999999999,1.4301128027915395,581.7042354539641
2024-10-23,forward,2024-10-31 08:00:00,8.333333333333334,0.63,6.67,1.2991173238074156,583.0033527777715
2024-10-23,forward,2024-10-31 09:00:00,8.375,0.55,6.67,0.9898815880396556,583.9932343658112
2024-10-23,forward,2024-10-31 10:00:00,8.416666666666666,0.56,6.67,1.0265317493158346,585.019766115127
2024-10-23,forward,2024-10-31 11:00:00,8.458333333333334,0.5700000000000001,6.275,1.0027369127333763,586.0225030278604
2024-10-23,forward,2024-10-31 12:00:00,8.5,0.59,6.0649999999999995,1.0357784284046754,587.058281456265
2024-10-23,forward,2024-10-31 13:00:00,8.541666666666666,0.535,6.0649999999999995,0.8559557249622752,587.9142371812273
2024-10-23,forward,2024-10-31 14:00:00,8.583333333333334,0.475,6.0649999999999995,0.6753669417004174,588.5896041229278
2024-10-23,forward,2024-10-31 15:00:00,8.625,0.45499999999999996,5.72,0.5845059012116764,589.1741100241394
2024-10-23,forward,2024-10-31 16:00:00,8.666666666666666,0.42000000000000004,5.26,0.45624701731748785,589.6303570414569
2024-10-23,forward,2024-10-31 17:00:00,8.708333333333334,0.375,5.625,0.39555033905706927,590.025907380514
2024-10-23,forward,2024-10-31 18:00:00,8.75,0.345,8.125,0.4658295155779067,590.4917368960919
2024-10-23,forward,2024-10-31 19:00:00,8.791666666666666,0.305,8.71,0.39676728493741786,590.8885041810292
2024-10-23,forward,2024-10-31 20:00:00,8.833333333333334,0.325,9.09,0.4720486707692952,591.3605528517985
2024-10-23,forward,2024-10-31 21:00:00,8.875,0.32,6.275,0.3152431948707106,591.6757960466692
2024-10-23,forward,2024-10-31 22:00:00,8.916666666666666,0.355,8.01,0.4949157731611711,592.1707118198304
2024-10-23,forward,2024-10-31 23:00:00,8.958333333333334,0.415,7.175,0.6102347029867708,592.7809465228172
2024-10-23,forward,2024-11-01 00:00:00,9.0,0.52,2.67,0.35645156786804216,593.1373980906852
2024-10-23,forward,2024-11-01 01:00:00,9.041666666666666,0.56,2.8,0.43059818416908036,593.5679962748543
2024-10-23,forward,2024-11-01 02:00:00,9.083333333333334,0.47,2.6,0.28228434615399256,593.8502806210083
2024-10-23,forward,2024-11-01 03:00:00,9.125,0.49,2.6050000000000004,0.30763096657823374,594.1579115875866
2024-10-23,forward,2024-11-01 04:00:00,9.166666666666666,0.46499999999999997,2.73,0.29331805421649615,594.451229641803
2024-10-23,forward,2024-11-01 05:00:00,9.208333333333334,0.475,2.74,0.3041383490728108,594.7553679908758
2024-10-23,forward,2024-11-01 06:00:00,9.25,0.505,2.74,0.34285297649069785,595.0982209673665
2024-10-23,forward,2024-11-01 07:00:00,9.291666666666666,0.52,2.9,0.38660562738985876,595.4848265947563
2024-10-23,forward,2024-11-01 08:00:00,9.333333333333334,0.54,2.94,0.4205976903875743,595.9054242851439
2024-10-23,forward,2024-11-01 09:00:00,9.375,0.63,3.13,0.6119341589551353,596.517358444099
2024-10-23,forward,2024-11-01 10:00:00,9.416666666666666,0.625,3.2800000000000002,0.6304665202360175,597.1478249643351
2024-10-23,forward,2024-11-01 11:00:00,9.458333333333334,0.5700000000000001,3.23,0.5154880703301765,597.6633130346653
2024-10-23,forward,2024-11-01 12:00:00,9.5,0.715,3.45,0.8663509105239628,598.5296639451892
2024-10-23,forward,2024-11-01 13:00:00,9.541666666666666,0.71,3.51,0.8695969989808572,599.3992609441701
2024-10-23,forward,2024-11-01 14:00:00,9.583333333333334,0.63,3.23,0.629583185804424,600.0288441299746
2024-10-23,forward,2024-11-01 15:00:00,9.625,0.5549999999999999,3.08,0.4672799894723838,600.4961241194469
2024-10-23,forward,2024-11-01 16:00:00,9.666666666666666,0.47,3.08,0.3339372105227175,600.8300613299696
2024-10-23,forward,2024-11-01 17:00:00,9.708333333333334,0.41500000000000004,2.74,0.23235497740214514,601.0624163073717
2024-10-23,forward,2024-11-01 18:00:00,9.75,0.395,2.6050000000000004,0.20047644105330759,601.262892748425
2024-10-23,forward,2024-11-01 19:00:00,9.791666666666666,0.35,2.535,0.15235127245263208,601.4152440208776
2024-10-23,forward,2024-11-01 20:00:00,9.833333333333334,0.37,6.06,0.3594437682003324,601.7746877890779
2024-10-23,forward,2024-11-01 21:00:00,9.875,0.49,2.94,0.3533828331445668,602.1280706222225
2024-10-23,forward,2024-11-01 22:00:00,9.916666666666666,0.8200000000000001,3.515,1.1916679446343987,603.3197385668569
2024-10-23,forward,2024-11-01 23:00:00,9.958333333333334,0.855,4.0,1.4369822550054645,604.7567208218624
2024-10-23,forward,2024-11-02 00:00:00,10.0,0.685,3.785,0.8706466485317566,605.6273674703941
2024-10-23,forward,2024-11-02 01:00:00,10.041666666666666,0.675,3.45,0.7727581809960036,606.4001256513901
2024-10-23,forward,2024-11-02 02:00:00,10.083333333333334,0.65,3.57,0.7401670407805239,607.1402926921706
2024-10-23,forward,2024-11-02 03:00:00,10.125,0.595,3.34,0.5814447708668126,607.7217374630375
2024-10-23,forward,2024-11-02 04:00:00,10.166666666666666,0.46499999999999997,3.035,0.32529716460503183,608.0470346276425
2024-10-23,forward,2024-11-02 05:00:00,10.208333333333334,0.365,2.535,0.16560447785950055,608.2126391055019
2024-10-23,forward,2024-11-02 06:00:00,10.25,0.38,2.41,0.1716529024859379,608.3842920079878
2024-10-23,forward,2024-11-02 07:00:00,10.291666666666666,0.435,2.74,0.2546696584832884,608.6389616664711
2024-10-23,forward,2024-11-02 08:00:00,10.333333333333334,0.5,2.94,0.36073896558961693,608.9997006320607
2024-10-23,forward,2024-11-02 09:00:00,10.375,0.55,3.1799999999999997,0.4741511588040599,609.4738517908647
2024-10-23,forward,2024-11-02 10:00:00,10.416666666666666,0.55,3.33,0.49419875384888357,609.9680505447136
2024-10-23,forward,2024-11-02 11:00:00,10.458333333333334,0.525,3.1799999999999997,0.4328218516565546,610.4008723963701
2024-10-23,forward,2024-11-02 12:00:00,10.5,0.495,3.035,0.36510682254295035,610.7659792189131
2024-10-23,forward,2024-11-02 13:00:00,10.541666666666666,0.505,2.9,0.36297269048106107,611.1289519093942
2024-10-23,forward,2024-11-02 14:00:00,10.583333333333334,0.595,3.215,0.5675881212217547,611.696540030616
2024-10-23,forward,2024-11-02 15:00:00,10.625,0.71,3.665,0.9268817642701475,612.6234217948861
2024-10-23,forward,2024-11-02 16:00:00,10.666666666666666,0.8,4.555,1.430211905016023,614.0536336999021
2024-10-23,forward,2024-11-02 17:00:00,10.708333333333334,0.775,4.775,1.4050082959701817,615.4586419958723
2024-10-23,forward,2024-11-02 18:00:00,10.75,,,,
2024-10-23,forward,2024-11-02 19:00:00,10.791666666666666,0.585,4.88,0.8197431834100514,616.2783851792824
2024-10-23,forward,2024-11-02 20:00:00,10.833333333333334,0.6499999999999999,5.279999999999999,1.11963534558731,617.3980205248697
2024-10-23,forward,2024-11-02 21:00:00,10.875,0.72,5.88,1.4957469304935336,618.8937674553632
2024-10-23,forward,2024-11-02 22:00:00,10.916666666666666,0.72,5.88,1.4980547367508041,620.391822192114
2024-10-23,forward,2024-11-02 23:00:00,10.958333333333334,0.8999999999999999,5.88,2.343865730040494,622.7356879221545
2024-10-23,forward,2024-11-03 00:00:00,11.0,0.95,5.41,2.3942587205850963,625.1299466427396
2024-10-23,forward,2024-11-03 01:00:00,11.041666666666666,0.96,5.57,2.53448149975773,627.6644281424973
2024-10-23,forward,2024-11-03 02:00:00,11.083333333333334,0.98,5.56,2.620835842057846,630.2852639845552
2024-10-23,forward,2024-11-03 03:00:00,11.125,0.995,5.57,2.7105665284613933,632.9958305130166
2024-10-23,forward,2024-11-03 04:00:00,11.166666666666666,0.965,6.0649999999999995,2.7700769236584444,635.765907436675
2024-10-23,forward,2024-11-03 05:00:00,11.208333333333334,0.94,5.72,2.4777832528316552,638.2436906895066
2024-10-23,forward,2024-11-03 06:00:00,11.25,1.02,5.88,3.0085139321344383,641.252204621641
2024-10-23,forward,2024-11-03 07:00:00,11.291666666666666,0.91,7.785,3.162812416116643,644.4150170377576
2024-10-23,forward,2024-11-03 08:00:00,11.333333333333334,0.9550000000000001,7.5,3.4501961113858712,647.8652131491434
2024-10-23,forward,2024-11-03 09:00:00,11.375,0.985,3.635,1.7306088998120592,649.5958220489555
2024-10-23,forward,2024-11-03 10:00:00,11.416666666666666,1.02,4.23,2.164611883178728,651.7604339321342
2024-10-23,forward,2024-11-03 11:00:00,11.458333333333334,1.05,5.26,2.8492213338248775,654.6096552659591
2024-10-23,forward,2024-11-03 12:00:00,11.5,1.065,5.41,3.0097124803245983,657.6193677462837
2024-10-23,forward,2024-11-03 13:00:00,11.541666666666666,1.07,5.26,2.954767165319704,660.5741349116034
2024-10-23,forward,2024-11-03 14:00:00,11.583333333333334,0.99,5.26,2.5333580141435394,663.107492925747
2024-10-23,forward,2024-11-03 15:00:00,11.625,0.8999999999999999,5.41,2.149892749817624,665.2573856755646
2024-10-23,forward,2024-11-03 16:00:00,11.666666666666666,0.815,5.26,1.7146681598224256,666.972053835387
2024-10-23,forward,2024-11-03 17:00:00,11.708333333333334,0.8049999999999999,5.26,1.6738949535236904,668.6459487889107
2024-10-23,forward,2024-11-03 18:00:00,11.75,0.78,5.56,1.6620267262342276,670.3079755151449
2024-10-23,forward,2024-11-03 19:00:00,11.791666666666666,0.74,5.56,1.4939964515977127,671.8019719667426
2024-10-23,forward,2024-11-03 20:00:00,11.833333333333334,0.72,5.41,1.3748657656675498,673.1768377324101
2024-10-23,forward,2024-11-03 21:00:00,11.875,0.715,11.43,2.8702582339967813,676.0470959664069
2024-10-23,forward,2024-11-03 22:00:00,11.916666666666666,0.645,11.120000000000001,2.2738065898943134,678.3209025563012
2024-10-23,forward,2024-11-03 23:00:00,11.958333333333334,0.635,8.035,1.5982613132503338,679.9191638695515
2024-10-23,forward,2024-11-04 00:00:00,12.0,0.615,7.905,1.4757066945247859,681.3948705640763
2024-10-23,forward,2024-11-04 01:00:00,12.041666666666666,0.625,5.0,0.9582743562954674,682.3531449203717
2024-10-23,forward,2024-11-04 02:00:00,12.083333333333334,0.62,8.44,1.5485693973531882,683.9017143177249
2024-10-23,forward,2024-11-04 03:00:00,12.125,0.58,7.99,1.3186659734943216,685.2203802912193
2024-10-23,forward,2024-11-04 04:00:00,12.166666666666666,0.53,11.43,1.5757400874340055,686.7961203786533
2024-10-23,forward,2024-11-04 05:00:00,12.208333333333334,0.545,5.0,0.729161787812179,687.5252821664654
2024-10-23,forward,2024-11-04 06:00:00,12.25,0.515,8.495,1.128560187749117,688.6538423542146
2024-10-23,forward,2024-11-04 07:00:00,12.291666666666666,0.53,5.26,0.7251437322749665,689.3789860864896
2024-10-23,forward,2024-11-04 08:00:00,12.333333333333334,0.485,8.215,0.971888647035106,690.3508747335247
2024-10-23,forward,2024-11-04 09:00:00,12.375,0.495,11.120000000000001,1.3363863833815426,691.6872611169063
2024-10-23,forward,2024-11-04 10:00:00,12.416666666666666,0.45999999999999996,11.120000000000001,1.156334567370659,692.8435956842769
2024-10-23,forward,2024-11-04 11:00:00,12.458333333333334,0.44999999999999996,11.120000000000001,1.1137608404587898,693.9573565247357
2024-10-23,forward,2024-11-04 12:00:00,12.5,0.495,10.81,1.29960817418165,695.2569646989174
2024-10-23,forward,2024-11-04 13:00:00,12.541666666666666,0.48,11.43,1.2919947193764938,696.5489594182939
2024-10-23,forward,2024-11-04 14:00:00,12.583333333333334,0.515,11.43,1.4874201359141277,698.036379554208
2024-10-23,forward,2024-11-04 15:00:00,12.625,0.495,7.785,0.9587367515755434,698.9951163057835
2024-10-23,forward,2024-11-04 16:00:00,12.666666666666666,0.52,11.43,1.5213462125297,700.5164625183132
2024-10-23,forward,2024-11-04 17:00:00,12.708333333333334,0.5249999999999999,10.81,1.4725003450786989,701.988962863392
2024-10-23,forward,2024-11-04 18:00:00,12.75,0.49,10.81,1.2754775184276141,703.2644403818196
2024-10-23,forward,2024-11-04 19:00:00,12.791666666666666,0.485,10.81,1.2476344540960342,704.5120748359155
2024-10-23,forward,2024-11-04 20:00:00,12.833333333333334,0.45499999999999996,10.81,1.0991381109942746,705.6112129469099
2024-10-23,forward,2024-11-04 21:00:00,12.875,0.46499999999999997,10.405000000000001,1.1164944919182949,706.7277074388281
2024-10-23,forward,2024-11-04 22:00:00,12.916666666666666,0.535,10.405000000000001,1.4601704584167678,708.1878778972449
2024-10-23,forward,2024-11-04 23:00:00,12.958333333333334,0.54,9.545,1.363569338589152,709.5514472358341
2024-10-23,forward,2024-11-05 00:00:00,13.0,0.585,9.545,1.6013911283052353,711.1528383641393
2024-10-23,forward,2024-11-05 01:00:00,13.041666666666666,0.635,3.34,0.6621296809583792,711.8149680450977
2024-10-23,forward,2024-11-05 02:00:00,13.083333333333334,0.705,3.575,0.8734303417085749,712.6883983868063
2024-10-23,forward,2024-11-05 03:00:00,13.125,0.725,3.7750000000000004,0.9746924550198639,713.6630908418261
2024-10-23,forward,2024-11-05 04:00:00,13.166666666666666,0.73,3.81,1.0055176622797644,714.6686085041059
2024-10-23,forward,2024-11-05 05:00:00,13.208333333333334,0.74,3.785,1.0186072508952213,715.6872157550011
2024-10-23,forward,2024-11-05 06:00:00,13.25,0.795,3.935,1.2233279164237945,716.910543671425
2024-10-23,forward,2024-11-05 07:00:00,13.291666666666666,0.8,4.35,1.36669817243391,718.2772418438589
2024-10-23,forward,2024-11-05 08:00:00,13.333333333333334,0.8,4.449999999999999,1.3982465315694947,719.6754883754284
2024-10-23,forward,2024-11-05 09:00:00,13.375,0.78,4.275,1.281067963219621,720.9565563386479
2024-10-23,forward,2024-11-05 10:00:00,13.416666666666666,0.71,4.449999999999999,1.102813969493977,722.0593703081419
2024-10-23,forward,2024-11-05 11:00:00,13.458333333333334,0.655,4.305,0.9047150006181213,722.96408530876
2024-10-23,forward,2024-11-05 12:00:00,13.5,0.61,4.35,0.7949641930537656,723.7590495018137
2024-10-23,forward,2024-11-05 13:00:00,13.541666666666666,0.565,3.85,0.6034246139865214,724.3624741158002
2024-10-23,forward,2024-11-05 14:00:00,13.583333333333334,0.6,3.85,0.6799786293743851,725.0424527451746
2024-10-23,forward,2024-11-05 15:00:00,13.625,0.58,4.79,0.7845712152149005,725.8270239603895
2024-10-23,forward,2024-11-05 16:00:00,13.666666666666666,0.5549999999999999,6.0649999999999995,0.9156927797024512,726.742716740092
2024-10-23,forward,2024-11-05 17:00:00,13.708333333333334,0.51,4.74,0.6048542371654515,727.3475709772574
2024-10-23,forward,2024-11-05 18:00:00,13.75,0.495,6.275,0.7648069445989831,728.1123779218564
2024-10-23,forward,2024-11-05 19:00:00,13.791666666666666,0.49,6.0649999999999995,0.7144222943405991,728.826800216197
2024-10-23,forward,2024-11-05 20:00:00,13.833333333333334,0.455,5.88,0.5972891069598576,729.4240893231567
2024-10-23,forward,2024-11-05 21:00:00,13.875,0.505,6.46,0.8078119133688753,730.2319012365256
2024-10-23,forward,2024-11-05 22:00:00,13.916666666666666,0.46499999999999997,5.88,0.6238288789184699,730.8557301154441
2024-10-23,forward,2024-11-05 23:00:00,13.958333333333334,0.435,6.46,0.6002398511635894,731.4559699666077
2024-10-23,forward,2024-11-06 00:00:00,14.0,0.475,6.67,0.7423293826340358,732.1982993492417
2024-10-23,forward,2024-11-06 01:00:00,14.041666666666666,0.6699999999999999,2.995,0.6619594409984997,732.8602587902402
2024-10-23,forward,2024-11-06 02:00:00,14.083333333333334,0.705,3.085,0.7541007154218382,733.614359505662
2024-10-23,forward,2024-11-06 03:00:00,14.125,0.965,3.635,1.663352831743029,735.2777123374051
2024-10-23,forward,2024-11-06 04:00:00,14.166666666666666,0.905,3.45,1.386846586820968,736.6645589242261
2024-10-23,forward,2024-11-06 05:00:00,14.208333333333334,0.9,3.57,1.4188578318417,738.0834167560678
2024-10-23,forward,2024-11-06 06:00:00,14.25,0.78,3.34,0.9992761845576138,739.0826929406254
2024-10-23,forward,2024-11-06 07:00:00,14.291666666666666,0.86,3.51,1.2783892595281459,740.3610822001535
2024-10-23,forward,2024-11-06 08:00:00,14.333333333333334,0.745,3.33,0.9067934490043728,741.2678756491579
2024-10-23,forward,2024-11-06 09:00:00,14.375,0.7,3.29,0.7921648005146529,742.0600404496726
2024-10-23,forward,2024-11-06 10:00:00,14.416666666666666,0.71,3.1799999999999997,0.7864585729257254,742.8464990225983
2024-10-23,forward,2024-11-06 11:00:00,14.458333333333334,0.75,3.23,0.8913680896425584,743.7378671122409
2024-10-23,forward,2024-11-06 12:00:00,14.5,0.76,3.34,0.9474516084137943,744.6853187206547
2024-10-23,forward,2024-11-06 13:00:00,14.541666666666666,0.79,3.33,1.019601462073019,745.7049201827277
2024-10-23,forward,2024-11-06 14:00:00,14.583333333333334,0.7,3.39,0.8147851285554646,746.5197053112832
2024-10-23,forward,2024-11-06 15:00:00,14.625,0.695,3.34,0.7911607772354214,747.3108660885187
2024-10-23,forward,2024-11-06 16:00:00,14.666666666666666,0.6000000000000001,3.465,0.609166655745683,747.9200327442643
2024-10-23,forward,2024-11-06 17:00:00,14.708333333333334,0.53,2.84,0.3913831395780607,748.3114158838423
2024-10-23,forward,2024-11-06 18:00:00,14.75,0.475,3.085,0.3428414472715129,748.6542573311139
2024-10-23,forward,2024-11-06 19:00:00,14.791666666666666,0.475,2.815,0.31113364148762646,748.9653909726014
2024-10-23,forward,2024-11-06 20:00:00,14.833333333333334,0.45999999999999996,2.945,0.3054872677174463,749.2708782403189
2024-10-23,forward,2024-11-06 21:00:00,14.875,0.46499999999999997,2.85,0.3000449856570927,749.570923225976
2024-10-23,forward,2024-11-06 22:00:00,14.916666666666666,0.44,3.1799999999999997,0.30198017736240823,749.8729034033385
2024-10-23,forward,2024-11-06 23:00:00,14.958333333333334,0.4,2.74,0.2167463770460513,750.0896497803845
2024-10-23,forward,2024-11-07 00:00:00,15.0,0.36,3.085,0.1977815473944667,750.287431327779
2024-10-23,forward,2024-11-07 01:00:00,15.041666666666666,0.29500000000000004,5.275,0.215312338421476,750.5027436662004
2024-10-23,forward,2024-11-07 02:00:00,15.083333333333334,0.255,8.57,0.2717127880690292,750.7744564542695
2024-10-23,forward,2024-11-07 03:00:00,15.125,0.255,9.09,0.2900969866182584,751.0645534408877
2024-10-23,forward,2024-11-07 04:00:00,15.166666666666666,0.25,10.0,0.33164902846831484,751.396202469356
2024-10-23,forward,2024-11-07 05:00:00,15.208333333333334,0.245,,,
2024-10-23,forward,2024-11-07 06:00:00,15.25,0.22999999999999998,,,
2024-10-23,forward,2024-11-07 07:00:00,15.291666666666666,0.20500000000000002,,,
2024-10-23,forward,2024-11-07 08:00:00,15.333333333333334,0.21,,,
2024-10-23,forward,2024-11-07 09:00:00,15.375,0.25,2.06,0.06831969986447285,751.4645221692205
2024-10-23,forward,2024-11-07 10:00:00,15.416666666666666,0.235,,,
2024-10-23,forward,2024-11-07 11:00:00,15.458333333333334,0.22,,,
2024-10-23,forward,2024-11-07 12:00:00,15.5,0.21,,,
2024-10-23,forward,2024-11-07 13:00:00,15.541666666666666,0.215,,,
2024-10-23,forward,2024-11-07 14:00:00,15.583333333333334,0.235,,,
2024-10-23,forward,2024-11-07 15:00:00,15.625,0.28,2.205,0.08604133626437296,751.5505635054849
2024-10-23,forward,2024-11-07 16:00:00,15.666666666666666,0.37,2.6050000000000004,0.1775823553824883,751.7281458608674
2024-10-23,forward,2024-11-07 17:00:00,15.708333333333334,0.515,3.095,0.41718332439108713,752.1453291852584
2024-10-23,forward,2024-11-07 18:00:00,15.75,0.5700000000000001,3.45,0.5534584498542967,752.6987876351127
2024-10-23,forward,2024-11-07 19:00:00,15.791666666666666,0.5,3.1799999999999997,0.3899417418774098,753.0887293769902
2024-10-23,forward,2024-11-07 20:00:00,15.833333333333334,0.445,3.08,0.299375309734224,753.3881046867244
2024-10-23,forward,2024-11-07 21:00:00,15.875,,,,
2024-10-23,forward,2024-11-07 22:00:00,15.916666666666666,0.41,2.9,0.2391650664023946,753.6272697531268
2024-10-23,forward,2024-11-07 23:00:00,15.958333333333334,0.45499999999999996,2.74,0.28101711325379486,753.9082868663806
2024-10-23,forward,2024-11-08 00:00:00,16.0,0.455,2.815,0.28546714655663785,754.1937540129372
2024-10-23,forward,2024-11-08 01:00:00,16.041666666666668,0.415,2.94,0.24844976738429234,754.4422037803215
2024-10-23,forward,2024-11-08 02:00:00,16.083333333333332,0.375,5.275,0.33599824242892373,754.7782020227504
2024-10-23,forward,2024-11-08 03:00:00,16.125,0.315,4.0,0.19477021346438017,754.9729722362148
2024-10-23,forward,2024-11-08 04:00:00,16.166666666666668,0.35,3.1,0.18388368692338622,755.1568559231382
2024-10-23,forward,2024-11-08 05:00:00,16.208333333333332,0.43,2.77,0.25631809152419593,755.4131740146624
2024-10-23,forward,2024-11-08 06:00:00,16.25,0.51,3.085,0.40107749579482677,755.8142515104573
2024-10-23,forward,2024-11-08 07:00:00,16.291666666666668,0.61,3.33,0.6093756535062265,756.4236271639636
2024-10-23,forward,2024-11-08 08:00:00,16.333333333333332,0.61,3.2800000000000002,0.5986392521171724,757.0222664160808
2024-10-23,forward,2024-11-08 09:00:00,16.375,0.6,3.23,0.570634042809396,757.5929004588902
2024-10-23,forward,2024-11-08 10:00:00,16.416666666666668,0.5449999999999999,3.1799999999999997,0.4650393961099359,758.0579398550001
2024-10-23,forward,2024-11-08 11:00:00,16.458333333333332,0.475,3.08,0.3409241626513144,758.3988640176514
2024-10-23,forward,2024-11-08 12:00:00,16.5,0.42,2.86,0.24751222109227614,758.6463762387436
2024-10-23,forward,2024-11-08 13:00:00,16.541666666666668,0.49,2.67,0.31946828574817976,758.9658445244918
2024-10-23,forward,2024-11-08 14:00:00,16.583333333333332,0.605,3.13,0.5667109193535576,759.5325554438454
2024-10-23,forward,2024-11-08 15:00:00,16.625,0.69,3.515,0.8287926392600697,760.3613480831054
2024-10-23,forward,2024-11-08 16:00:00,16.666666666666668,0.78,3.635,1.085665605120357,761.4470136882258
2024-10-23,forward,2024-11-08 17:00:00,16.708333333333332,0.755,3.85,1.0771050372242863,762.5241187254501
2024-10-23,forward,2024-11-08 18:00:00,16.75,0.73,3.7750000000000004,0.9866153847748215,763.5107341102249
2024-10-23,forward,2024-11-08 19:00:00,16.791666666666668,0.735,3.635,0.9802792202738329,764.4910133304987
2024-10-23,forward,2024-11-08 20:00:00,16.833333333333332,0.8049999999999999,3.85,1.229722462928315,765.720735793427
2024-10-23,forward,2024-11-08 21:00:00,16.875,0.855,4.085,1.4750475666109586,767.195783360038
2024-10-23,forward,2024-11-08 22:00:00,16.916666666666668,0.91,3.925,1.5940408831210457,768.789824243159
2024-10-23,forward,2024-11-08 23:00:00,16.958333333333332,0.88,4.0,1.5196982700938637,770.3095225132529
2024-10-23,forward,2024-11-09 00:00:00,17.0,0.865,4.01,1.4713729346239353,771.7808954478768
2024-10-23,forward,2024-11-09 01:00:00,17.041666666666668,0.8600000000000001,3.85,1.4080291966991667,773.188924644576
2024-10-23,forward,2024-11-09 02:00:00,17.083333333333332,1.09,3.7,2.156685177035293,775.3456098216113
2024-10-23,forward,2024-11-09 03:00:00,17.125,1.435,4.555,4.656708293674657,780.002318115286
2024-10-23,forward,2024-11-09 04:00:00,17.166666666666668,1.35,4.449999999999999,4.019856057825409,784.0221741731115
2024-10-23,forward,2024-11-09 05:00:00,17.208333333333332,1.17,4.17,2.800527308643567,786.8227014817551
2024-10-23,forward,2024-11-09 06:00:00,17.25,1.41,4.76,4.643704560946746,791.4664060427018
2024-10-23,forward,2024-11-09 07:00:00,17.291666666666668,1.475,4.76,5.087758079812236,796.5541641225141
2024-10-23,forward,2024-11-09 08:00:00,17.333333333333332,1.3450000000000002,4.359999999999999,3.8771790267816044,800.4313431492957
2024-10-23,forward,2024-11-09 09:00:00,17.375,1.4700000000000002,4.555,4.896638703988902,805.3279818532845
2024-10-23,forward,2024-11-09 10:00:00,17.416666666666668,1.495,4.654999999999999,5.10196894631906,810.4299507996036
2024-10-23,forward,2024-11-09 11:00:00,17.458333333333332,1.46,4.449999999999999,4.655344166272799,815.0852949658764
2024-10-23,forward,2024-11-09 12:00:00,17.5,1.47,4.35,4.613566691392297,819.6988616572687
2024-10-23,forward,2024-11-09 13:00:00,17.541666666666668,1.48,4.26,4.611856442112355,824.3107180993811
2024-10-23,forward,2024-11-09 14:00:00,17.583333333333332,1.44,5.125,5.1026852297237415,829.4134033291049
2024-10-23,forward,2024-11-09 15:00:00,17.625,1.32,6.0649999999999995,5.180943607130686,834.5943469362355
2024-10-23,forward,2024-11-09 16:00:00,17.666666666666668,1.3050000000000002,6.275,5.228910800898275,839.8232577371338
2024-10-23,forward,2024-11-09 17:00:00,17.708333333333332,1.245,6.0649999999999995,4.6196396462723195,844.442897383406
2024-10-23,forward,2024-11-09 18:00:00,17.75,1.2149999999999999,5.05,3.664644494276086,848.1075418776821
2024-10-23,forward,2024-11-09 19:00:00,17.791666666666668,1.1549999999999998,5.88,3.8484111718898717,851.955953049572
2024-10-23,forward,2024-11-09 20:00:00,17.833333333333332,1.14,6.275,4.005605697610313,855.9615587471824
2024-10-23,forward,2024-11-09 21:00:00,17.875,1.085,6.0649999999999995,3.500571440147893,859.4621301873302
2024-10-23,forward,2024-11-09 22:00:00,17.916666666666668,1.12,4.63,2.8207549557497043,862.28288514308
2024-10-23,forward,2024-11-09 23:00:00,17.958333333333332,0.97,4.5649999999999995,2.107251074103325,864.3901362171833
2024-10-23,forward,2024-11-10 00:00:00,18.0,1.005,5.72,2.8352528262234724,867.2253890434068
2024-10-23,forward,2024-11-10 01:00:00,18.041666666666668,0.9650000000000001,5.4399999999999995,2.503189727074644,869.7285787704815
2024-10-23,forward,2024-11-10 02:00:00,18.083333333333332,0.96,5.26,2.378523053515433,872.1071018239969
2024-10-23,forward,2024-11-10 03:00:00,18.125,1.0150000000000001,5.13,2.591498639980408,874.6986004639773
2024-10-23,forward,2024-11-10 04:00:00,18.166666666666668,0.96,5.41,2.447764600309627,877.1463650642869
2024-10-23,forward,2024-11-10 05:00:00,18.208333333333332,0.945,5.279999999999999,2.314650198020837,879.4610152623077
2024-10-23,forward,2024-11-10 06:00:00,18.25,0.965,6.275,2.8731226317078944,882.3341378940156
2024-10-23,forward,2024-11-10 07:00:00,18.291666666666668,0.975,6.0649999999999995,2.8319277503500344,885.1660656443656
2024-10-23,forward,2024-11-10 08:00:00,18.333333333333332,0.865,5.4399999999999995,1.9892632526876843,887.1553288970533
2024-10-23,forward,2024-11-10 09:00:00,18.375,0.825,5.41,1.8052726138586679,888.9606015109119
2024-10-23,forward,2024-11-10 10:00:00,18.416666666666668,0.74,5.88,1.5796933831017532,890.5402948940136
2024-10-23,forward,2024-11-10 11:00:00,18.458333333333332,0.71,5.625,1.400953445052592,891.9412483390662
2024-10-23,forward,2024-11-10 12:00:00,18.5,0.685,5.904999999999999,1.3634856904244272,893.3047340294906
2024-10-23,forward,2024-11-10 13:00:00,18.541666666666668,0.7,5.72,1.3742495656974962,894.6789835951881
2024-10-23,forward,2024-11-10 14:00:00,18.583333333333332,0.63,5.88,1.147556661427826,895.826540256616
2024-10-23,forward,2024-11-10 15:00:00,18.625,0.625,6.35,1.2194307950367556,897.0459710516527
2024-10-23,forward,2024-11-10 16:00:00,18.666666666666668,0.635,6.25,1.236478094765606,898.2824491464183
2024-10-23,forward,2024-11-10 17:00:00,18.708333333333332,0.6950000000000001,4.495,1.0366585739033032,899.3191077203217
2024-10-23,forward,2024-11-10 18:00:00,18.75,0.67,4.85,1.0564012578960658,900.3755089782177
2024-10-23,forward,2024-11-10 19:00:00,18.791666666666668,0.62,4.37,0.8643068044927303,901.2398157827104
2024-10-23,forward,2024-11-10 20:00:00,18.833333333333332,0.595,4.765,0.7915535065953165,902.0313692893056
2024-10-23,forward,2024-11-10 21:00:00,18.875,0.615,3.13,0.5808383829981929,902.6122076723038
2024-10-23,forward,2024-11-10 22:00:00,18.916666666666668,0.565,4.64,0.7138100192111194,903.326017691515
2024-10-23,forward,2024-11-10 23:00:00,18.958333333333332,0.515,4.765,0.6152705187452221,903.9412882102602
2024-10-23,forward,2024-11-11 00:00:00,19.0,0.525,3.085,0.4163831475191466,904.3576713577793
2024-10-23,forward,2024-11-11 01:00:00,19.041666666666668,0.525,2.935,0.39569678467097136,904.7533681424502
2024-10-23,forward,2024-11-11 02:00:00,19.083333333333332,0.61,2.67,0.489855427149135,905.2432235695993
2024-10-23,forward,2024-11-11 03:00:00,19.125,0.605,2.985,0.538756487670702,905.7819800572701
2024-10-23,forward,2024-11-11 04:00:00,19.166666666666668,0.575,3.0949999999999998,0.49924806124680643,906.2812281185169
2024-10-23,forward,2024-11-11 05:00:00,19.208333333333332,0.42000000000000004,7.0200000000000005,0.5776698101426271,906.8588979286595
2024-10-23,forward,2024-11-11 06:00:00,19.25,0.395,10.405000000000001,0.7952619903322868,907.6541599189918
2024-10-23,forward,2024-11-11 07:00:00,19.291666666666668,0.45999999999999996,6.875,0.696284134234827,908.3504440532266
2024-10-23,forward,2024-11-11 08:00:00,19.333333333333332,0.5349999999999999,3.1799999999999997,0.45324917502687295,908.8036932282535
2024-10-23,forward,2024-11-11 09:00:00,19.375,0.6599999999999999,3.665,0.7947929718837428,909.5984862001372
2024-10-23,forward,2024-11-11 10:00:00,19.416666666666668,0.74,3.615,0.9628448331434123,910.5613310332807
2024-10-23,forward,2024-11-11 11:00:00,19.458333333333332,0.745,3.81,1.0361866118243288,911.597517645105
2024-10-23,forward,2024-11-11 12:00:00,19.5,0.75,3.13,0.863771554359507,912.4612891994644
2024-10-23,forward,2024-11-11 13:00:00,19.541666666666668,0.7150000000000001,3.2800000000000002,0.8258544054856662,913.2871436049501
2024-10-23,forward,2024-11-11 14:00:00,19.583333333333332,0.5700000000000001,2.995,0.4827669197706964,913.7699105247208
2024-10-23,forward,2024-11-11 15:00:00,19.625,0.515,2.84,0.37061435507784,914.1405248797986
2024-10-23,forward,2024-11-11 16:00:00,19.666666666666668,0.47,2.86,0.31121434602192094,914.4517392258205
2024-10-23,forward,2024-11-11 17:00:00,19.708333333333332,0.45,2.8,0.27804551833451585,914.7297847441549
2024-10-23,forward,2024-11-11 18:00:00,19.75,0.45,2.9,0.2880734860000371,915.017858230155
2024-10-23,forward,2024-11-11 19:00:00,19.791666666666668,0.45999999999999996,2.985,0.3108709224717318,915.3287291526267
2024-10-23,forward,2024-11-11 20:00:00,19.833333333333332,0.43,3.085,0.27938879502082686,915.6081179476475
2024-10-23,forward,2024-11-11 21:00:00,19.875,0.42,6.515,0.5638259162294332,916.171943863877
2024-10-23,forward,2024-11-11 22:00:00,19.916666666666668,0.39,6.92,0.5018310969493001,916.6737749608263
2024-10-23,forward,2024-11-11 23:00:00,19.958333333333332,0.395,6.43,0.48535559743151463,917.1591305582579
2024-10-23,forward,2024-11-12 00:00:00,20.0,0.315,10.405000000000001,0.5095446351890827,917.6686751934469
2024-10-23,forward,2024-11-12 01:00:00,20.041666666666668,0.29,8.185,0.33771217124690306,918.0063873646939
2024-10-23,forward,2024-11-12 02:00:00,20.083333333333332,0.265,10.405000000000001,0.35808184852129693,918.3644692132152
2024-10-23,forward,2024-11-12 03:00:00,20.125,0.235,,,
2024-10-23,forward,2024-11-12 04:00:00,20.166666666666668,0.255,9.09,0.3014689668776982,918.6659381800929
2024-10-23,forward,2024-11-12 05:00:00,20.208333333333332,0.255,10.0,0.3576510972683455,919.0235892773612
2024-10-23,forward,2024-11-12 06:00:00,20.25,0.255,10.0,0.33164902846831484,919.3552383058295
2024-10-23,forward,2024-11-12 07:00:00,20.291666666666668,0.33,5.78,0.2623078888445653,919.6175461946741
2024-10-23,forward,2024-11-12 08:00:00,20.333333333333332,0.445,2.6,0.25262726956980674,919.8701734642439
2024-10-23,forward,2024-11-12 09:00:00,20.375,,,,
2024-10-23,forward,2024-11-12 10:00:00,20.416666666666668,0.57,3.23,0.5148542085775416,920.3850276728214
2024-10-23,forward,2024-11-12 11:00:00,20.458333333333332,0.655,3.23,0.6811769322620091,921.0662046050834
2024-10-23,forward,2024-11-12 12:00:00,20.5,0.675,3.51,0.7855806351499206,921.8517852402333
2024-10-23,forward,2024-11-12 13:00:00,20.541666666666668,0.825,3.6500000000000004,1.245500322034145,923.0972855622674
2024-10-23,forward,2024-11-12 14:00:00,20.583333333333332,1.24,4.0,3.0174174329756265,926.1147029952431
2024-10-23,forward,2024-11-12 15:00:00,20.625,1.4300000000000002,4.55,4.587056846343058,930.7017598415862
2024-10-23,forward,2024-11-12 16:00:00,20.666666666666668,1.405,4.449999999999999,4.323863170041541,935.0256230116278
2024-10-23,forward,2024-11-12 17:00:00,20.708333333333332,1.415,4.76,4.685622839482827,939.7112458511106
2024-10-23,forward,2024-11-12 18:00:00,20.75,1.385,4.654999999999999,4.378581580200775,944.0898274313114
2024-10-23,forward,2024-11-12 19:00:00,20.791666666666668,1.495,4.654999999999999,5.102478930291091,949.1923063616025
2024-10-23,forward,2024-11-12 20:00:00,20.833333333333332,1.6949999999999998,4.654999999999999,6.558380143373936,955.7506865049764
2024-10-23,forward,2024-11-12 21:00:00,20.875,1.93,4.904999999999999,8.96366594885307,964.7143524538295
2024-10-23,forward,2024-11-12 22:00:00,20.916666666666668,1.875,4.55,7.854517286673319,972.5688697405028
2024-10-23,forward,2024-11-12 23:00:00,20.958333333333332,1.885,6.46,11.308225394464944,983.8770951349677
2024-10-23,forward,2024-11-13 00:00:00,21.0,1.955,7.415,14.01267800252283,997.8897731374906
2025-01-23,backward,2025-01-23 00:00:00,-0.0,0.41000000000000003,9.09,0.7514426171433748,0.7514426171433748
2025-01-23,backward,2025-01-22 23:00:00,-0.041666666666666664,0.4,11.855,0.9305796999980765,1.6820223171414512
2025-01-23,backward,2025-01-22 22:00:00,-0.08333333333333333,0.41000000000000003,7.8,0.629050879301631,2.311073196443082
2025-01-23,backward,2025-01-22 21:00:00,-0.125,0.405,4.01,0.3224219735823417,2.633495170025424
2025-01-23,backward,2025-01-22 20:00:00,-0.16666666666666666,0.43,4.17,0.37827270024705645,3.01176787027248
2025-01-23,backward,2025-01-22 19:00:00,-0.20833333333333334,0.515,4.449999999999999,0.5816650525440052,3.5934329228164854
2025-01-23,backward,2025-01-22 18:00:00,-0.25,0.6,4.449999999999999,0.7856451497168491,4.379078072533335
2025-01-23,backward,2025-01-22 17:00:00,-0.2916666666666667,0.69,4.654999999999999,1.0867930155751204,5.465871088108456
2025-01-23,backward,2025-01-22 16:00:00,-0.3333333333333333,0.78,4.654999999999999,1.3991710768271104,6.865042164935566
2025-01-23,backward,2025-01-22 15:00:00,-0.375,0.85,4.01,1.4271672099410604,8.292209374876627
2025-01-23,backward,2025-01-22 14:00:00,-0.4166666666666667,0.9199999999999999,3.925,1.6327189604610912,9.924928335337718
2025-01-23,backward,2025-01-22 13:00:00,-0.4583333333333333,1.045,4.55,2.4404106755874,12.36533901092512
2025-01-23,backward,2025-01-22 12:00:00,-0.5,1.1,4.175,2.475455822371517,14.840794833296636
2025-01-23,backward,2025-01-22 11:00:00,-0.5416666666666666,1.13,3.935,2.4746492676336445,17.31544410093028
2025-01-23,backward,2025-01-22 10:00:00,-0.5833333333333334,0.885,3.7750000000000004,1.4519530687683502,18.76739716969863
2025-01-23,backward,2025-01-22 09:00:00,-0.625,0.925,3.85,1.613678577628465,20.381075747327095
2025-01-23,backward,2025-01-22 08:00:00,-0.6666666666666666,0.96,3.7750000000000004,1.7077263433604246,22.08880209068752
2025-01-23,backward,2025-01-22 07:00:00,-0.7083333333333334,0.94,3.7,1.603944973005963,23.69274706369348
2025-01-23,backward,2025-01-22 06:00:00,-0.75,0.855,3.635,1.3034449511448696,24.99619201483835
2025-01-23,backward,2025-01-22 05:00:00,-0.7916666666666666,0.79,3.3499999999999996,1.0297932918324875,26.025985306670837
2025-01-23,backward,2025-01-22 04:00:00,-0.8333333333333334,0.605,3.08,0.5529818270271412,26.57896713369798
2025-01-23,backward,2025-01-22 03:00:00,-0.875,0.55,3.035,0.45485149119104085,27.03381862488902
2025-01-23,backward,2025-01-22 02:00:00,-0.9166666666666666,0.51,2.9,0.3710279351532819,27.4048465600423
2025-01-23,backward,2025-01-22 01:00:00,-0.9583333333333334,0.495,2.73,0.32760546146737424,27.732452021509676
2025-01-23,backward,2025-01-22 00:00:00,-1.0,0.51,2.945,0.3758007865933026,28.10825280810298
2025-01-23,backward,2025-01-21 23:00:00,-1.0416666666666667,0.53,2.94,0.40646237706179156,28.51471518516477
2025-01-23,backward,2025-01-21 22:00:00,-1.0833333333333333,0.565,2.9,0.45416636120841375,28.968881546373186
2025-01-23,backward,2025-01-21 21:00:00,-1.125,0.515,3.13,0.4073162751890831,29.37619782156227
2025-01-23,backward,2025-01-21 20:00:00,-1.1666666666666667,0.585,3.33,0.5601191496102138,29.93631697117248
2025-01-23,backward,2025-01-21 19:00:00,-1.2083333333333333,0.6,3.29,0.5802920942508565,30.51660906542334
2025-01-23,backward,2025-01-21 18:00:00,-1.25,0.635,3.2800000000000002,0.6490594712432545,31.165668536666594
2025-01-23,backward,2025-01-21 17:00:00,-1.2916666666666667,0.66,3.39,0.7250235340324005,31.890692070698993
2025-01-23,backward,2025-01-21 16:00:00,-1.3333333333333333,0.715,3.45,0.8663509105239628,32.75704298122296
2025-01-23,backward,2025-01-21 15:00:00,-1.375,0.755,7.130000000000001,1.953849661494722,34.71089264271768
2025-01-23,backward,2025-01-21 14:00:00,-1.4166666666666667,0.775,3.51,1.035362395303875,35.74625503802156
2025-01-23,backward,2025-01-21 13:00:00,-1.4583333333333333,0.8049999999999999,3.57,1.1360845977337597,36.882339635755315
2025-01-23,backward,2025-01-21 12:00:00,-1.5,0.93,3.635,1.542418926871838,38.424758562627154
2025-01-23,backward,2025-01-21 11:00:00,-1.5416666666666667,0.835,7.19,2.6332219030004875,41.057980465627644
2025-01-23,backward,2025-01-21 10:00:00,-1.5833333333333333,0.785,7.07,2.123107430020627,43.18108789564827
2025-01-23,backward,2025-01-21 09:00:00,-1.625,0.8,7.4399999999999995,2.305109891796585,45.48619778744485
2025-01-23,backward,2025-01-21 08:00:00,-1.6666666666666667,0.845,3.635,1.2745657289018621,46.760763516346714
2025-01-23,backward,2025-01-21 07:00:00,-1.7083333333333333,0.9550000000000001,3.7750000000000004,1.6920159424519534,48.452779458798666
2025-01-23,backward,2025-01-21 06:00:00,-1.75,0.895,3.6500000000000004,1.445932118025928,49.898711576824596
2025-01-23,backward,2025-01-21 05:00:00,-1.7916666666666667,0.79,10.81,3.3104077630042283,53.209119339828824
2025-01-23,backward,2025-01-21 04:00:00,-1.8333333333333333,0.8400000000000001,10.405000000000001,3.6234285169001437,56.832547856728965
2025-01-23,backward,2025-01-21 03:00:00,-1.875,0.97,3.51,1.6274125760055982,58.45996043273456
2025-01-23,backward,2025-01-21 02:00:00,-1.9166666666666667,1.0,7.33,3.6306409020591857,62.090601334793746
2025-01-23,backward,2025-01-21 01:00:00,-1.9583333333333333,1.045,10.405000000000001,5.581887658346011,67.67248899313975
2025-01-23,backward,2025-01-21 00:00:00,-2.0,1.095,3.7,2.186727378600762,69.85921637174052
2025-01-23,backward,2025-01-20 23:00:00,-2.0416666666666665,1.185,7.255000000000001,5.060917566944672,74.92013393868518
2025-01-23,backward,2025-01-20 22:00:00,-2.0833333333333335,1.19,3.85,2.6817258187165143,77.6018597574017
2025-01-23,backward,2025-01-20 21:00:00,-2.125,1.205,7.69,5.478225995629043,83.08008575303074
2025-01-23,backward,2025-01-20 20:00:00,-2.1666666666666665,1.4249999999999998,7.69,7.661140882217634,90.74122663524838
2025-01-23,backward,2025-01-20 19:00:00,-2.2083333333333335,1.475,7.69,8.229317484222893,98.97054411947127
2025-01-23,backward,2025-01-20 18:00:00,-2.25,1.495,7.415,8.119869379987774,107.09041349945905
2025-01-23,backward,2025-01-20 17:00:00,-2.2916666666666665,1.6600000000000001,7.415,10.01112102326671,117.10153452272576
2025-01-23,backward,2025-01-20 16:00:00,-2.3333333333333335,1.815,4.26,6.896301312381384,123.99783583510714
2025-01-23,backward,2025-01-20 15:00:00,-2.375,1.885,5.845,10.225753873663882,134.22358970877102
2025-01-23,backward,2025-01-20 14:00:00,-2.4166666666666665,1.93,7.415,13.569474947549129,147.79306465632015
2025-01-23,backward,2025-01-20 13:00:00,-2.4583333333333335,2.0,7.69,15.12157130476276,162.91463596108292
2025-01-23,backward,2025-01-20 12:00:00,-2.5,1.9849999999999999,6.02,11.52700287650783,174.44163883759074
2025-01-23,backward,2025-01-20 11:00:00,-2.5416666666666665,2.05,7.415,15.288008339428933,189.72964717701967
2025-01-23,backward,2025-01-20 10:00:00,-2.5833333333333335,2.145,7.69,17.369943455925004,207.09959063294468
2025-01-23,backward,2025-01-20 09:00:00,-2.625,2.31,7.415,19.51056965714838,226.61016029009306
2025-01-23,backward,2025-01-20 08:00:00,-2.6666666666666665,2.125,7.415,16.443714441702745,243.05387473179582
2025-01-23,backward,2025-01-20 07:00:00,-2.7083333333333335,2.16,6.904999999999999,15.793424287637135,258.84729901943297
2025-01-23,backward,2025-01-20 06:00:00,-2.75,2.085,6.46,13.796617491367014,272.64391651079995
2025-01-23,backward,2025-01-20 05:00:00,-2.7916666666666665,1.975,6.275,12.122571676783776,284.7664881875837
2025-01-23,backward,2025-01-20 04:00:00,-2.8333333333333335,1.815,5.13,8.288012248488243,293.054500436072
2025-01-23,backward,2025-01-20 03:00:00,-2.875,1.5350000000000001,5.0,5.790243707455871,298.84474414352786
2025-01-23,backward,2025-01-20 02:00:00,-2.9166666666666665,1.29,4.26,3.5157514969738575,302.3604956405017
2025-01-23,backward,2025-01-20 01:00:00,-2.9583333333333335,1.165,4.26,2.837136504396259,305.19763214489797
2025-01-23,backward,2025-01-20 00:00:00,-3.0,1.02,4.085,2.0894440724209495,307.28707621731894
2025-01-23,backward,2025-01-19 23:00:00,-3.0416666666666665,0.97,3.725,1.719498412055835,309.00657462937477
2025-01-23,backward,2025-01-19 22:00:00,-3.0833333333333335,0.8,6.970000000000001,2.073391229172432,311.0799658585472
2025-01-23,backward,2025-01-19 21:00:00,-3.125,0.725,8.975,2.321058726769901,313.4010245853171
2025-01-23,backward,2025-01-19 20:00:00,-3.1666666666666665,0.71,7.14,1.7658220788332326,315.16684666415034
2025-01-23,backward,2025-01-19 19:00:00,-3.2083333333333335,0.685,7.415,1.7079790049723496,316.8748256691227
2025-01-23,backward,2025-01-19 18:00:00,-3.25,0.685,7.14,1.6437453094475192,318.5185709785702
2025-01-23,backward,2025-01-19 17:00:00,-3.2916666666666665,0.73,7.415,1.9409366907050765,320.4595076692753
2025-01-23,backward,2025-01-19 16:00:00,-3.3333333333333335,0.73,7.18,1.8858790271387629,322.34538669641404
2025-01-23,backward,2025-01-19 15:00:00,-3.375,0.72,7.734999999999999,1.9580448254628173,324.30343152187686
2025-01-23,backward,2025-01-19 14:00:00,-3.4166666666666665,0.755,7.69,2.1506578484269383,326.4540893703038
2025-01-23,backward,2025-01-19 13:00:00,-3.4583333333333335,0.745,8.33,2.270797218384514,328.7248865886883
2025-01-23,backward,2025-01-19 12:00:00,-3.5,0.755,8.33,2.3304636259943647,331.0553502146827
2025-01-23,backward,2025-01-19 11:00:00,-3.5416666666666665,0.6799999999999999,9.165,2.0998939604481315,333.1552441751308
2025-01-23,backward,2025-01-19 10:00:00,-3.5833333333333335,0.6950000000000001,8.845,2.108830577131659,335.26407475226245
2025-01-23,backward,2025-01-19 09:00:00,-3.625,0.6799999999999999,9.57,2.15634077227496,337.4204155245374
2025-01-23,backward,2025-01-19 08:00:00,-3.6666666666666665,0.775,8.01,2.3575381574811294,339.77795368201856
2025-01-23,backward,2025-01-19 07:00:00,-3.7083333333333335,0.825,5.744999999999999,1.9127835639681825,341.6907372459867
2025-01-23,backward,2025-01-19 06:00:00,-3.75,0.8999999999999999,5.01,2.003688023005769,343.6944252689925
2025-01-23,backward,2025-01-19 05:00:00,-3.7916666666666665,1.02,5.13,2.6200356651859056,346.31446093417844
2025-01-23,backward,2025-01-19 04:00:00,-3.8333333333333335,1.0550000000000002,4.904999999999999,2.6803008562857658,348.9947617904642
2025-01-23,backward,2025-01-19 03:00:00,-3.875,0.7949999999999999,6.07,1.8506236560814229,350.84538544654566
2025-01-23,backward,2025-01-19 02:00:00,-3.9166666666666665,0.7,3.575,0.8587342667858406,351.7041197133315
2025-01-23,backward,2025-01-19 01:00:00,-3.9583333333333335,0.675,3.635,0.8125769151277487,352.5166966284593
2025-01-23,backward,2025-01-19 00:00:00,-4.0,0.7,3.85,0.9255264677595796,353.44222309621887
2025-01-23,backward,2025-01-18 23:00:00,-4.041666666666667,0.775,4.275,1.2662516900543204,354.7084747862732
2025-01-23,backward,2025-01-18 22:00:00,-4.083333333333333,0.985,4.55,2.165843547211228,356.87431833348444
2025-01-23,backward,2025-01-18 21:00:00,-4.125,1.04,5.01,2.6612955517157655,359.5356138852002
2025-01-23,backward,2025-01-18 20:00:00,-4.166666666666667,1.12,5.13,3.157078959946236,362.69269284514644
2025-01-23,backward,2025-01-18 19:00:00,-4.208333333333333,1.19,5.055,3.5562477567096185,366.2489406018561
2025-01-23,backward,2025-01-18 18:00:00,-4.25,1.11,4.76,2.8775321900923223,369.1264727919484
2025-01-23,backward,2025-01-18 17:00:00,-4.291666666666667,1.025,4.654999999999999,2.398169578914143,371.5246423708625
2025-01-23,backward,2025-01-18 16:00:00,-4.333333333333333,0.97,4.35,2.0082182702378346,373.53286064110034
2025-01-23,backward,2025-01-18 15:00:00,-4.375,0.955,4.35,1.9464351470461394,375.4792957881465
2025-01-23,backward,2025-01-18 14:00:00,-4.416666666666667,0.915,4.449999999999999,1.8274290748041884,377.30672486295066
2025-01-23,backward,2025-01-18 13:00:00,-4.458333333333333,0.87,4.55,1.689592353397762,378.9963172163484
2025-01-23,backward,2025-01-18 12:00:00,-4.5,0.905,4.085,1.6430089112348996,380.63932612758333
2025-01-23,backward,2025-01-18 11:00:00,-4.541666666666667,0.825,4.1,1.3753806556902979,382.01470678327365
2025-01-23,backward,2025-01-18 10:00:00,-4.583333333333333,0.735,3.51,0.9339042852664423,382.9486110685401
2025-01-23,backward,2025-01-18 09:00:00,-4.625,0.675,3.23,0.7220477689700121,383.67065883751013
2025-01-23,backward,2025-01-18 08:00:00,-4.666666666666667,0.62,3.13,0.5898274944243922,384.26048633193454
2025-01-23,backward,2025-01-18 07:00:00,-4.708333333333333,0.66,2.945,0.6310476419434445,384.891533973878
2025-01-23,backward,2025-01-18 06:00:00,-4.75,0.66,2.86,0.6117649002053992,385.5032988740834
2025-01-23,backward,2025-01-18 05:00:00,-4.791666666666667,0.54,4.675,0.6831516176755963,386.186450491759
2025-01-23,backward,2025-01-18 04:00:00,-4.833333333333333,0.525,3.705,0.5032231888402451,386.68967368059924
2025-01-23,backward,2025-01-18 03:00:00,-4.875,0.545,3.4749999999999996,0.5040868990689706,387.1937605796682
2025-01-23,backward,2025-01-18 02:00:00,-4.916666666666667,0.525,4.449999999999999,0.6030063731628983,387.7967669528311
2025-01-23,backward,2025-01-18 01:00:00,-4.958333333333333,0.54,4.775,0.6845400300285038,388.4813069828596
2025-01-23,backward,2025-01-18 00:00:00,-5.0,0.49,4.88,0.5748360752484953,389.0561430581081
2025-01-23,backward,2025-01-17 23:00:00,-5.041666666666667,0.575,4.88,0.7968692125471717,389.85301227065526
2025-01-23,backward,2025-01-17 22:00:00,-5.083333333333333,0.6599999999999999,5.13,1.0960593188668293,390.9490715895221
2025-01-23,backward,2025-01-17 21:00:00,-5.125,0.635,5.13,1.0153062146702967,391.9643778041924
2025-01-23,backward,2025-01-17 20:00:00,-5.166666666666667,0.685,5.13,1.1803359486883023,393.1447137528807
2025-01-23,backward,2025-01-17 19:00:00,-5.208333333333333,0.7,5.279999999999999,1.26762930909565,394.41234306197634
2025-01-23,backward,2025-01-17 18:00:00,-5.25,0.725,4.88,1.2583715913926956,395.67071465336903
2025-01-23,backward,2025-01-17 17:00:00,-5.291666666666667,0.805,5.41,1.7206295020486366,397.39134415541764
2025-01-23,backward,2025-01-17 16:00:00,-5.333333333333333,0.85,4.359999999999999,1.552134133804151,398.9434782892218
2025-01-23,backward,2025-01-17 15:00:00,-5.375,0.915,5.13,2.114299351865884,401.0577776410877
2025-01-23,backward,2025-01-17 14:00:00,-5.416666666666667,0.94,4.105,1.768234874575847,402.82601251566354
2025-01-23,backward,2025-01-17 13:00:00,-5.458333333333333,0.845,3.7,1.3016169566477207,404.12762947231124
2025-01-23,backward,2025-01-17 12:00:00,-5.5,0.655,3.1799999999999997,0.672368118199659,404.7999975905109
2025-01-23,backward,2025-01-17 11:00:00,-5.541666666666667,0.5,2.94,0.36073896558961693,405.1607365561005
2025-01-23,backward,2025-01-17 10:00:00,-5.583333333333333,0.43,2.67,0.24203903091240558,405.4027755870129
2025-01-23,backward,2025-01-17 09:00:00,-5.625,0.385,2.535,0.18449890568329635,405.5872744926962
2025-01-23,backward,2025-01-17 08:00:00,-5.666666666666667,0.37,2.545,0.17176476044228517,405.7590392531385
2025-01-23,backward,2025-01-17 07:00:00,-5.708333333333333,0.37,2.535,0.17122975561159773,405.9302690087501
2025-01-23,backward,2025-01-17 06:00:00,-5.75,0.4,2.6,0.20460193910122187,406.1348709478513
2025-01-23,backward,2025-01-17 05:00:00,-5.791666666666667,0.42500000000000004,2.67,0.23669241684103332,406.37156336469235
2025-01-23,backward,2025-01-17 04:00:00,-5.833333333333333,0.385,2.535,0.18425654677787723,406.5558199114702
2025-01-23,backward,2025-01-17 03:00:00,-5.875,0.425,2.6,0.23068741076344126,406.78650732223366
2025-01-23,backward,2025-01-17 02:00:00,-5.916666666666667,0.385,2.495,0.18100408045505073,406.96751140268873
2025-01-23,backward,2025-01-17 01:00:00,-5.958333333333333,0.425,2.84,0.2513561118290354,407.21886751451774
2025-01-23,backward,2025-01-17 00:00:00,-6.0,0.47,2.74,0.29708099511642505,407.51594850963414
2025-01-23,backward,2025-01-16 23:00:00,-6.041666666666667,0.435,2.67,0.24771533159195946,407.7636638412261
2025-01-23,backward,2025-01-16 22:00:00,-6.083333333333333,0.32,6.89,0.28331510740963156,408.04697894863574
2025-01-23,backward,2025-01-16 21:00:00,-6.125,0.265,10.81,0.37362740612567746,408.4206063547614
2025-01-23,backward,2025-01-16 20:00:00,-6.166666666666667,0.28,12.51,0.4811776046409285,408.90178395940234
2025-01-23,backward,2025-01-16 19:00:00,-6.208333333333333,0.315,12.12,0.5913429734908695,409.49312693289323
2025-01-23,backward,2025-01-16 18:00:00,-6.25,0.345,8.495,0.49119576020501576,409.98432269309825
2025-01-23,backward,2025-01-16 17:00:00,-6.291666666666667,0.41000000000000003,2.67,0.22222054843606526,410.2065432415343
2025-01-23,backward,2025-01-16 16:00:00,-6.333333333333333,0.53,2.985,0.41464493375011807,410.62118817528443
2025-01-23,backward,2025-01-16 15:00:00,-6.375,0.6699999999999999,3.45,0.7656662393820632,411.3868544146665
2025-01-23,backward,2025-01-16 14:00:00,-6.416666666666667,0.69,3.39,0.7916791014936713,412.1785335161602
2025-01-23,backward,2025-01-16 13:00:00,-6.458333333333333,0.705,3.29,0.8009463859955236,412.97947990215573
2025-01-23,backward,2025-01-16 12:00:00,-6.5,0.76,3.51,0.9946409478402043,413.9741208499959
2025-01-23,backward,2025-01-16 11:00:00,-6.541666666666667,0.765,3.575,1.0318663435629503,415.0059871935589
2025-01-23,backward,2025-01-16 10:00:00,-6.583333333333333,0.795,3.45,1.0697999277066932,416.0757871212656
2025-01-23,backward,2025-01-16 09:00:00,-6.625,0.7,3.13,0.7532814049521015,416.82906852621767
2025-01-23,backward,2025-01-16 08:00:00,-6.666666666666667,0.74,3.13,0.8410447650181369,417.6701132912358
2025-01-23,backward,2025-01-16 07:00:00,-6.708333333333333,0.755,3.2800000000000002,0.9179502989398728,418.5880635901757
2025-01-23,backward,2025-01-16 06:00:00,-6.75,0.8999999999999999,3.51,1.39649507146353,419.9845586616392
2025-01-23,backward,2025-01-16 05:00:00,-6.791666666666667,0.975,3.575,1.6654202415151675,421.64997890315436
2025-01-23,backward,2025-01-16 04:00:00,-6.833333333333333,0.98,3.7,1.7462596922043192,423.3962385953587
2025-01-23,backward,2025-01-16 03:00:00,-6.875,1.0750000000000002,3.85,2.1828258417680786,425.57906443712676
2025-01-23,backward,2025-01-16 02:00:00,-6.916666666666667,1.025,3.7750000000000004,1.946149369591875,427.5252138067186
2025-01-23,backward,2025-01-16 01:00:00,-6.958333333333333,1.065,3.7750000000000004,2.099821596200056,429.6250354029187
2025-01-23,backward,2025-01-16 00:00:00,-7.0,1.0550000000000002,4.17,2.281195102274096,431.90623050519275
2025-01-23,backward,2025-01-15 23:00:00,-7.041666666666667,1.26,4.17,3.2479488313262674,435.154179336519
2025-01-23,backward,2025-01-15 22:00:00,-7.083333333333333,1.37,4.17,3.8498300017572245,439.0040093382762
2025-01-23,backward,2025-01-15 21:00:00,-7.125,1.2,4.0,2.8258852129844576,441.8298945512607
2025-01-23,backward,2025-01-15 20:00:00,-7.166666666666667,1.15,4.0,2.5970670075441884,444.42696155880486
2025-01-23,backward,2025-01-15 19:00:00,-7.208333333333333,1.2,4.35,3.075070887976297,447.5020324467812
2025-01-23,backward,2025-01-15 18:00:00,-7.25,1.24,4.55,3.45039357992723,450.9524260267084
2025-01-23,backward,2025-01-15 17:00:00,-7.291666666666667,1.3250000000000002,4.55,3.921733816972993,454.8741598436814
2025-01-23,backward,2025-01-15 16:00:00,-7.333333333333333,1.32,4.555,3.9037286108416502,458.77788845452307
2025-01-23,backward,2025-01-15 15:00:00,-7.375,1.275,4.35,3.478315141070282,462.2562035955933
2025-01-23,backward,2025-01-15 14:00:00,-7.416666666666667,1.13,4.085,2.566039425692212,464.82224302128554
2025-01-23,backward,2025-01-15 13:00:00,-7.458333333333333,1.08,4.085,2.3387087348293334,467.16095175611486
2025-01-23,backward,2025-01-15 12:00:00,-7.5,1.065,4.085,2.2749082435828134,469.43585999969764
2025-01-23,backward,2025-01-15 11:00:00,-7.541666666666667,1.1400000000000001,4.175,2.67684797779115,472.1127079774888
2025-01-23,backward,2025-01-15 10:00:00,-7.583333333333333,1.08,4.175,2.3874596701989605,474.50016764768776
2025-01-23,backward,2025-01-15 09:00:00,-7.625,1.135,4.0,2.532012775036942,477.0321804227247
2025-01-23,backward,2025-01-15 08:00:00,-7.666666666666667,1.065,4.26,2.3695643596036793,479.40174478232836
2025-01-23,backward,2025-01-15 07:00:00,-7.708333333333333,1.0950000000000002,3.925,2.3085176346246037,481.71026241695296
2025-01-23,backward,2025-01-15 06:00:00,-7.75,1.17,4.26,2.859751681083818,484.5700140980368
2025-01-23,backward,2025-01-15 05:00:00,-7.791666666666667,1.165,4.55,3.0310648395576045,487.60107893759437
2025-01-23,backward,2025-01-15 04:00:00,-7.833333333333333,1.25,4.449999999999999,3.41268322109111,491.0137621586855
2025-01-23,backward,2025-01-15 03:00:00,-7.875,1.245,4.55,3.460550331424072,494.4743124901096
2025-01-23,backward,2025-01-15 02:00:00,-7.916666666666667,1.28,4.555,3.6798027191763603,498.1541152092859
2025-01-23,backward,2025-01-15 01:00:00,-7.958333333333333,1.33,4.55,3.954213099232125,502.108328308518
2025-01-23,backward,2025-01-15 00:00:00,-8.0,1.3250000000000002,4.76,4.1027369162179,506.21106522473593
2025-01-23,backward,2025-01-14 23:00:00,-8.041666666666666,1.225,4.35,3.203012105086562,509.4140773298225
2025-01-23,backward,2025-01-14 22:00:00,-8.083333333333334,1.125,4.01,2.5018290339082876,511.91590636373076
2025-01-23,backward,2025-01-14 21:00:00,-8.125,1.1,4.01,2.390520309938753,514.3064266736695
2025-01-23,backward,2025-01-14 20:00:00,-8.166666666666666,1.115,4.17,2.545924617752566,516.8523512914221
2025-01-23,backward,2025-01-14 19:00:00,-8.208333333333334,1.13,4.35,2.7284878411254745,519.5808391325476
2025-01-23,backward,2025-01-14 18:00:00,-8.25,1.125,4.175,2.598459099435133,522.1792982319827
2025-01-23,backward,2025-01-14 17:00:00,-8.291666666666666,1.205,4.35,3.101427418940631,525.2807256509233
2025-01-23,backward,2025-01-14 16:00:00,-8.333333333333334,1.225,4.17,3.0700645085221483,528.3507901594454
2025-01-23,backward,2025-01-14 15:00:00,-8.375,1.1749999999999998,4.0,2.7098080530205473,531.060598212466
2025-01-23,backward,2025-01-14 14:00:00,-8.416666666666666,1.125,7.5649999999999995,4.676035925776763,535.7366341382427
2025-01-23,backward,2025-01-14 13:00:00,-8.458333333333334,1.115,11.059999999999999,6.764469597052549,542.5011037352953
2025-01-23,backward,2025-01-14 12:00:00,-8.5,1.05,11.120000000000001,6.0292115506194435,548.5303152859148
2025-01-23,backward,2025-01-14 11:00:00,-8.541666666666666,1.105,11.774999999999999,7.073877289897938,555.6041925758127
2025-01-23,backward,2025-01-14 10:00:00,-8.583333333333334,1.0950000000000002,8.059999999999999,4.6346941081999296,560.2388866840126
2025-01-23,backward,2025-01-14 09:00:00,-8.625,1.23,10.81,8.025697000567604,568.2645836845802
2025-01-23,backward,2025-01-14 08:00:00,-8.666666666666666,1.15,7.984999999999999,5.13460203326817,573.3991857178484
2025-01-23,backward,2025-01-14 07:00:00,-8.708333333333334,1.13,7.64,4.744458162101221,578.1436438799495
2025-01-23,backward,2025-01-14 06:00:00,-8.75,1.115,12.12,7.396098115400884,585.5397419953504
2025-01-23,backward,2025-01-14 05:00:00,-8.791666666666666,1.16,12.12,8.001711809217325,593.5414538045677
2025-01-23,backward,2025-01-14 04:00:00,-8.833333333333334,1.14,11.120000000000001,7.087082661310316,600.628536465878
2025-01-23,backward,2025-01-14 03:00:00,-8.875,1.1749999999999998,11.465,7.811094322382338,608.4396307882604
2025-01-23,backward,2025-01-14 02:00:00,-8.916666666666666,1.05,11.120000000000001,6.0535229943424,614.4931537826028
2025-01-23,backward,2025-01-14 01:00:00,-8.958333333333334,0.985,10.715,5.111859544564506,619.6050133271673
2025-01-23,backward,2025-01-14 00:00:00,-9.0,0.925,10.81,4.541071206460061,624.1460845336273
2025-01-23,backward,2025-01-13 23:00:00,-9.041666666666666,0.9650000000000001,11.120000000000001,5.076733938548632,629.222818472176
2025-01-23,backward,2025-01-13 22:00:00,-9.083333333333334,0.9299999999999999,12.51,5.305352222422183,634.5281706945981
2025-01-23,backward,2025-01-13 21:00:00,-9.125,0.815,9.879999999999999,3.2135404899252156,637.7417111845233
2025-01-23,backward,2025-01-13 20:00:00,-9.166666666666666,0.9,10.605,4.228221183129096,641.9699323676524
2025-01-23,backward,2025-01-13 19:00:00,-9.208333333333334,0.845,11.774999999999999,4.12657541665174,646.0965077843041
2025-01-23,backward,2025-01-13 18:00:00,-9.25,0.95,10.0,4.435560453227861,650.5320682375319
2025-01-23,backward,2025-01-13 17:00:00,-9.291666666666666,0.935,10.0,4.290096049469199,654.8221642870011
2025-01-23,backward,2025-01-13 16:00:00,-9.333333333333334,0.9299999999999999,10.81,4.6002045716595115,659.4223688586607
2025-01-23,backward,2025-01-13 15:00:00,-9.375,0.9099999999999999,10.81,4.396552443977098,663.8189213026377
2025-01-23,backward,2025-01-13 14:00:00,-9.416666666666666,0.9,10.405000000000001,4.129732950893192,667.9486542535309
2025-01-23,backward,2025-01-13 13:00:00,-9.458333333333334,0.91,11.120000000000001,4.521036612449638,672.4696908659805
2025-01-23,backward,2025-01-13 12:00:00,-9.5,0.9,10.405000000000001,4.150167878642122,676.6198587446227
2025-01-23,backward,2025-01-13 11:00:00,-9.541666666666666,0.95,11.120000000000001,4.923614378553719,681.5434731231763
2025-01-23,backward,2025-01-13 10:00:00,-9.583333333333334,0.895,7.69,3.022163791741775,684.5656369149181
2025-01-23,backward,2025-01-13 09:00:00,-9.625,0.9,7.734999999999999,3.073812485967391,687.6394494008855
2025-01-23,backward,2025-01-13 08:00:00,-9.666666666666666,0.87,8.975,3.3031995479882945,690.9426489488737
2025-01-23,backward,2025-01-13 07:00:00,-9.708333333333334,0.8049999999999999,8.74,2.8041492005853828,693.7467981494591
2025-01-23,backward,2025-01-13 06:00:00,-9.75,0.77,6.695,1.9392468015356106,695.6860449509948
2025-01-23,backward,2025-01-13 05:00:00,-9.791666666666666,0.79,6.115,1.8943397569027423,697.5803847078975
2025-01-23,backward,2025-01-13 04:00:00,-9.833333333333334,0.84,6.695,2.31761443386404,699.8979991417615
2025-01-23,backward,2025-01-13 03:00:00,-9.875,0.88,6.46,2.452130494842674,702.3501296366042
2025-01-23,backward,2025-01-13 02:00:00,-9.916666666666666,0.915,6.67,2.7463078438422506,705.0964374804464
2025-01-23,backward,2025-01-13 01:00:00,-9.958333333333334,1.0150000000000001,6.25,3.1596499758244727,708.2560874562708
2025-01-23,backward,2025-01-13 00:00:00,-10.0,1.005,6.25,3.09709782918289,711.3531852854537
2025-01-23,backward,2025-01-12 23:00:00,-10.041666666666666,1.01,6.25,3.130673613777269,714.483858899231
2025-01-23,backward,2025-01-12 22:00:00,-10.083333333333334,1.06,6.0649999999999995,3.3455157072375217,717.8293746064685
2025-01-23,backward,2025-01-12 21:00:00,-10.125,1.0150000000000001,6.25,3.16271625752259,720.992090863991
2025-01-23,backward,2025-01-12 20:00:00,-10.166666666666666,0.9450000000000001,6.46,2.8409696018214414,723.8330604658125
2025-01-23,backward,2025-01-12 19:00:00,-10.208333333333334,0.885,6.46,2.4797817325912197,726.3128421984037
2025-01-23,backward,2025-01-12 18:00:00,-10.25,1.0150000000000001,6.46,3.2618533149658155,729.5746955133695
2025-01-23,backward,2025-01-12 17:00:00,-10.291666666666666,1.07,6.46,3.6380083184208853,733.2127038317905
2025-01-23,backward,2025-01-12 16:00:00,-10.333333333333334,1.1,6.46,3.8309161950330965,737.0436200268235
2025-01-23,backward,2025-01-12 15:00:00,-10.375,1.125,6.0649999999999995,3.7728572549406665,740.8164772817642
2025-01-23,backward,2025-01-12 14:00:00,-10.416666666666666,1.2850000000000001,6.0649999999999995,4.917420980128594,745.7338982618927
2025-01-23,backward,2025-01-12 13:00:00,-10.458333333333334,1.38,6.275,5.874713145070521,751.6086114069632
2025-01-23,backward,2025-01-12 12:00:00,-10.5,1.4449999999999998,5.21,5.301834829360639,756.9104462363238
2025-01-23,backward,2025-01-12 11:00:00,-10.541666666666666,1.47,5.025,5.3528970052230385,762.2633432415467
2025-01-23,backward,2025-01-12 10:00:00,-10.583333333333334,1.6099999999999999,4.35,5.533804436478965,767.7971476780257
2025-01-23,backward,2025-01-12 09:00:00,-10.625,1.53,4.35,4.995789743676671,772.7929374217024
2025-01-23,backward,2025-01-12 08:00:00,-10.666666666666666,1.51,4.26,4.766900400501005,777.5598378222033
2025-01-23,backward,2025-01-12 07:00:00,-10.708333333333334,1.455,4.26,4.423077743086095,781.9829155652894
2025-01-23,backward,2025-01-12 06:00:00,-10.75,1.4249999999999998,4.9399999999999995,4.902230865898659,786.8851464311881
2025-01-23,backward,2025-01-12 05:00:00,-10.791666666666666,1.3250000000000002,5.56,4.788999215350602,791.6741456465387
2025-01-23,backward,2025-01-12 04:00:00,-10.833333333333334,1.27,5.56,4.409430827109189,796.0835764736479
2025-01-23,backward,2025-01-12 03:00:00,-10.875,1.19,5.56,3.865241869479567,799.9488183431274
2025-01-23,backward,2025-01-12 02:00:00,-10.916666666666666,1.2149999999999999,5.41,3.9276674400126517,803.8764857831401
2025-01-23,backward,2025-01-12 01:00:00,-10.958333333333334,1.26,5.41,4.21059447881057,808.0870802619506
2025-01-23,backward,2025-01-12 00:00:00,-11.0,1.28,5.279999999999999,4.238105648811146,812.3251859107618
2025-01-23,backward,2025-01-11 23:00:00,-11.041666666666666,1.35,5.41,4.858707818173054,817.1838937289348
2025-01-23,backward,2025-01-11 22:00:00,-11.083333333333334,1.5,5.56,6.139924434729398,823.3238181636642
2025-01-23,backward,2025-01-11 21:00:00,-11.125,1.54,5.41,6.3126061360506895,829.6364242997149
2025-01-23,backward,2025-01-11 20:00:00,-11.166666666666666,1.5150000000000001,5.26,5.9282435550486365,835.5646678547636
2025-01-23,backward,2025-01-11 19:00:00,-11.208333333333334,1.1600000000000001,4.48,3.1401314983494766,838.704799353113
2025-01-23,backward,2025-01-11 18:00:00,-11.25,0.64,3.1550000000000002,0.6632134275617616,839.3680127806748
2025-01-23,backward,2025-01-11 17:00:00,-11.291666666666666,0.46499999999999997,5.72,0.606712649177046,839.9747254298519
2025-01-23,backward,2025-01-11 16:00:00,-11.333333333333334,0.46499999999999997,5.56,0.5904245607966494,840.5651499906486
2025-01-23,backward,2025-01-11 15:00:00,-11.375,0.51,5.26,0.6712095543228427,841.2363595449714
2025-01-23,backward,2025-01-11 14:00:00,-11.416666666666666,0.505,5.625,0.7132477857989526,841.9496073307703
2025-01-23,backward,2025-01-11 13:00:00,-11.458333333333334,0.52,5.41,0.7187192588610722,842.6683265896313
2025-01-23,backward,2025-01-11 12:00:00,-11.5,0.545,5.72,0.8331720254325882,843.5014986150638
2025-01-23,backward,2025-01-11 11:00:00,-11.541666666666666,0.54,5.41,0.7739569744886996,844.2754555895525
2025-01-23,backward,2025-01-11 10:00:00,-11.583333333333334,0.55,4.88,0.7238230234219538,844.9992786129744
2025-01-23,backward,2025-01-11 09:00:00,-11.625,0.595,4.76,0.8268059340222257,845.8260845469966
2025-01-23,backward,2025-01-11 08:00:00,-11.666666666666666,0.615,5.13,0.9523733584930755,846.7784579054897
2025-01-23,backward,2025-01-11 07:00:00,-11.708333333333334,0.62,5.26,0.9922340393584507,847.7706919448482
2025-01-23,backward,2025-01-11 06:00:00,-11.75,0.59,5.16,0.881222867364901,848.6519148122131
2025-01-23,backward,2025-01-11 05:00:00,-11.791666666666666,0.585,3.03,0.5090633516137462,849.1609781638268
2025-01-23,backward,2025-01-11 04:00:00,-11.833333333333334,0.59,2.985,0.5097771819930678,849.6707553458199
2025-01-23,backward,2025-01-11 03:00:00,-11.875,0.565,2.86,0.44794941373984787,850.1187047595597
2025-01-23,backward,2025-01-11 02:00:00,-11.916666666666666,0.585,3.08,0.5173050262132124,850.6360097857729
2025-01-23,backward,2025-01-11 01:00:00,-11.958333333333334,0.655,3.13,0.6597679081432217,851.2957776939161
2025-01-23,backward,2025-01-11 00:00:00,-12.0,0.6599999999999999,3.08,0.6605506685351169,851.9563283624512
2025-01-23,backward,2025-01-10 23:00:00,-12.041666666666666,0.79,3.34,1.0236798620340501,852.9800082244853
2025-01-23,backward,2025-01-10 22:00:00,-12.083333333333334,0.815,3.51,1.1440942161343124,854.1241024406197
2025-01-23,backward,2025-01-10 21:00:00,-12.125,0.835,3.45,1.179020391188542,855.3031228318082
2025-01-23,backward,2025-01-10 20:00:00,-12.166666666666666,0.86,3.635,1.3189247676696425,856.6220475994778
2025-01-23,backward,2025-01-10 19:00:00,-12.208333333333334,0.785,3.4,1.0272855640084997,857.6493331634863
2025-01-23,backward,2025-01-10 18:00:00,-12.25,0.895,3.6500000000000004,1.445932118025928,859.0952652815122
2025-01-23,backward,2025-01-10 17:00:00,-12.291666666666666,1.02,3.925,2.0029013377733005,861.0981666192855
2025-01-23,backward,2025-01-10 16:00:00,-12.333333333333334,1.16,4.17,2.7547008701063356,863.8528674893919
2025-01-23,backward,2025-01-10 15:00:00,-12.375,1.2850000000000001,4.35,3.5282538313184917,867.3811213207103
2025-01-23,backward,2025-01-10 14:00:00,-12.416666666666666,1.355,4.654999999999999,4.190964143379226,871.5720854640896
2025-01-23,backward,2025-01-10 13:00:00,-12.458333333333334,1.475,4.76,5.083554575557922,876.6556400396476
2025-01-23,backward,2025-01-10 12:00:00,-12.5,1.635,4.88,6.428014601301873,883.0836546409495
2025-01-23,backward,2025-01-10 11:00:00,-12.541666666666666,1.685,5.13,7.152719242037669,890.2363738829871
2025-01-23,backward,2025-01-10 10:00:00,-12.583333333333334,1.79,4.88,7.6692366018082705,897.9056104847954
2025-01-23,backward,2025-01-10 09:00:00,-12.625,1.75,5.13,7.702843049219631,905.608453534015
2025-01-23,backward,2025-01-10 08:00:00,-12.666666666666666,1.7349999999999999,5.0,7.411202864348343,913.0196563983633
2025-01-23,backward,2025-01-10 07:00:00,-12.708333333333334,1.87,5.01,8.665591233163918,921.6852476315272
2025-01-23,backward,2025-01-10 06:00:00,-12.75,1.91,5.26,9.414223664456603,931.0994712959838
2025-01-23,backward,2025-01-10 05:00:00,-12.791666666666666,1.8250000000000002,5.0,8.175074960983206,939.274546256967
2025-01-23,backward,2025-01-10 04:00:00,-12.833333333333334,1.795,4.88,7.720800176053947,946.9953464330209
2025-01-23,backward,2025-01-10 03:00:00,-12.875,1.81,5.0,8.04837620121702,955.043722634238
2025-01-23,backward,2025-01-10 02:00:00,-12.916666666666666,1.92,5.0,9.048965244946498,964.0926878791845
2025-01-23,backward,2025-01-10 01:00:00,-12.958333333333334,1.9449999999999998,5.0,9.290220288954327,973.3829081681388
2025-01-23,backward,2025-01-10 00:00:00,-13.0,1.83,5.26,8.642113327457778,982.0250214955965
2025-01-23,backward,2025-01-09 23:00:00,-13.041666666666666,1.94,5.279999999999999,9.77467415426406,991.7996956498606
2025-01-23,backward,2025-01-09 22:00:00,-13.083333333333334,1.9899999999999998,5.279999999999999,10.31853931254636,1002.118234962407
2025-01-23,backward,2025-01-09 21:00:00,-13.125,1.99,5.41,10.513986561009686,1012.6322215234167
2025-01-23,backward,2025-01-09 20:00:00,-13.166666666666666,1.98,5.56,10.700746174863367,1023.3329676982801
2025-01-23,backward,2025-01-09 19:00:00,-13.208333333333334,1.955,5.26,9.910082625868114,1033.2430503241483
2025-01-23,backward,2025-01-09 18:00:00,-13.25,1.915,5.41,9.72724196532716,1042.9702922894755
2025-01-23,backward,2025-01-09 17:00:00,-13.291666666666666,1.93,5.279999999999999,9.639392749373577,1052.6096850388492
2025-01-23,backward,2025-01-09 16:00:00,-13.333333333333334,1.67,4.55,6.225530604295175,1058.8352156431445
2025-01-23,backward,2025-01-09 15:00:00,-13.375,1.7,4.76,6.749893720372381,1065.585109363517
2025-01-23,backward,2025-01-09 14:00:00,-13.416666666666666,1.8,4.88,7.759413738827063,1073.344523102344
2025-01-23,backward,2025-01-09 13:00:00,-13.458333333333334,1.645,4.76,6.320785994411121,1079.6653090967552
2025-01-23,backward,2025-01-09 12:00:00,-13.5,1.57,4.88,5.906001974123177,1085.5713110708784
2025-01-23,backward,2025-01-09 11:00:00,-13.541666666666666,1.53,4.35,4.997710462532371,1090.5690215334107
2025-01-23,backward,2025-01-09 10:00:00,-13.583333333333334,1.585,4.88,6.024115145134637,1096.5931366785453
2025-01-23,backward,2025-01-09 09:00:00,-13.625,1.6,4.775,5.997156396444795,1102.59029307499
2025-01-23,backward,2025-01-09 08:00:00,-13.666666666666666,1.43,4.55,4.5647343155807665,1107.155027390571
2025-01-23,backward,2025-01-09 07:00:00,-13.708333333333334,1.525,5.0,5.704878424980298,1112.8599058155512
2025-01-23,backward,2025-01-09 06:00:00,-13.75,1.54,4.88,5.702396944527647,1118.5623027600789
2025-01-23,backward,2025-01-09 05:00:00,-13.791666666666666,1.525,4.88,5.5663452896745955,1124.1286480497536
2025-01-23,backward,2025-01-09 04:00:00,-13.833333333333334,1.58,4.555,5.578720312003124,1129.7073683617566
2025-01-23,backward,2025-01-09 03:00:00,-13.875,1.7850000000000001,5.055,7.982152120916307,1137.6895204826728
2025-01-23,backward,2025-01-09 02:00:00,-13.916666666666666,1.92,5.279999999999999,9.63859993157771,1147.3281204142506
2025-01-23,backward,2025-01-09 01:00:00,-13.958333333333334,1.6800000000000002,4.775,6.7202089246016445,1154.0483293388522
2025-01-23,backward,2025-01-09 00:00:00,-14.0,1.545,4.88,5.714725849979435,1159.7630551888317
2025-01-23,backward,2025-01-08 23:00:00,-14.041666666666666,1.6099999999999999,5.0,6.364619595147112,1166.1276747839788
2025-01-23,backward,2025-01-08 22:00:00,-14.083333333333334,1.71,5.0,7.172891450770704,1173.3005662347496
2025-01-23,backward,2025-01-08 21:00:00,-14.125,1.73,5.26,7.7492317211690285,1181.0497979559186
2025-01-23,backward,2025-01-08 20:00:00,-14.166666666666666,1.745,5.41,8.109932419563052,1189.1597303754816
2025-01-23,backward,2025-01-08 19:00:00,-14.208333333333334,1.8450000000000002,5.41,9.02974284763227,1198.1894732231137
2025-01-23,backward,2025-01-08 18:00:00,-14.25,1.6949999999999998,5.26,7.421884808574439,1205.6113580316883
2025-01-23,backward,2025-01-08 17:00:00,-14.291666666666666,1.625,5.13,6.6433926808029575,1212.2547507124912
2025-01-23,backward,2025-01-08 16:00:00,-14.333333333333334,1.6,4.76,5.978317161691565,1218.2330678741828
2025-01-23,backward,2025-01-08 15:00:00,-14.375,1.645,4.88,6.474790851257914,1224.7078587254407
2025-01-23,backward,2025-01-08 14:00:00,-14.416666666666666,1.5550000000000002,4.775,5.66633526403497,1230.3741939894758
2025-01-23,backward,2025-01-08 13:00:00,-14.458333333333334,1.4849999999999999,4.55,4.9293728555827805,1235.3035668450586
2025-01-23,backward,2025-01-08 12:00:00,-14.5,1.525,4.88,5.565746751487123,1240.8693135965457
2025-01-23,backward,2025-01-08 11:00:00,-14.541666666666666,1.56,4.654999999999999,5.556395573518011,1246.4257091700638
2025-01-23,backward,2025-01-08 10:00:00,-14.583333333333334,1.475,4.654999999999999,4.966247959284335,1251.3919571293482
2025-01-23,backward,2025-01-08 09:00:00,-14.625,1.49,4.654999999999999,5.06764032824216,1256.4595974575902
2025-01-23,backward,2025-01-08 08:00:00,-14.666666666666666,1.445,4.76,4.90186978056589,1261.3614672381561
2025-01-23,backward,2025-01-08 07:00:00,-14.708333333333334,1.415,4.76,4.688892231680628,1266.0503594698368
2025-01-23,backward,2025-01-08 06:00:00,-14.75,1.315,4.654999999999999,3.9516923703737374,1270.0020518402107
2025-01-23,backward,2025-01-08 05:00:00,-14.791666666666666,1.315,4.35,3.690447868022079,1273.6924997082328
2025-01-23,backward,2025-01-08 04:00:00,-14.833333333333334,1.33,4.555,3.9592160444507725,1277.6517157526837
2025-01-23,backward,2025-01-08 03:00:00,-14.875,1.475,4.654999999999999,4.980082777003701,1282.6317985296873
2025-01-23,backward,2025-01-08 02:00:00,-14.916666666666666,1.6749999999999998,4.76,6.552445784426668,1289.184244314114
2025-01-23,backward,2025-01-08 01:00:00,-14.958333333333334,1.9300000000000002,5.13,9.394543532610482,1298.5787878467245
2025-01-23,backward,2025-01-08 00:00:00,-15.0,1.835,5.13,8.48592086259628,1307.0647087093207
2025-01-23,backward,2025-01-07 23:00:00,-15.041666666666666,1.62,4.88,6.280357192872719,1313.3450659021935
2025-01-23,backward,2025-01-07 22:00:00,-15.083333333333334,1.56,4.76,5.691544760341672,1319.0366106625352
2025-01-23,backward,2025-01-07 21:00:00,-15.125,1.615,4.76,6.100802605102002,1325.1374132676372
2025-01-23,backward,2025-01-07 20:00:00,-15.166666666666666,1.74,5.01,7.491510008534702,1332.628923276172
2025-01-23,backward,2025-01-07 19:00:00,-15.208333333333334,1.74,5.13,7.653739368803452,1340.2826626449753
2025-01-23,backward,2025-01-07 18:00:00,-15.25,1.7149999999999999,4.775,6.912010977382247,1347.1946736223576
2025-01-23,backward,2025-01-07 17:00:00,-15.291666666666666,1.5150000000000001,4.76,5.3628540804556994,1352.5575277028133
2025-01-23,backward,2025-01-07 16:00:00,-15.333333333333334,1.7,4.654999999999999,6.610745366306768,1359.16827306912
2025-01-23,backward,2025-01-07 15:00:00,-15.375,1.43,4.55,4.568305920502734,1363.7365789896228
2025-01-23,backward,2025-01-07 14:00:00,-15.416666666666666,1.31,4.17,3.5108371059706527,1367.2474160955935
2025-01-23,backward,2025-01-07 13:00:00,-15.458333333333334,1.41,4.55,4.438835242081449,1371.686251337675
2025-01-23,backward,2025-01-07 12:00:00,-15.5,1.44,4.449999999999999,4.543405260088667,1376.2296565977638
2025-01-23,backward,2025-01-07 11:00:00,-15.541666666666666,1.335,4.35,3.809959263487879,1380.0396158612516
2025-01-23,backward,2025-01-07 10:00:00,-15.583333333333334,1.375,4.35,4.03532360922339,1384.074939470475
2025-01-23,backward,2025-01-07 09:00:00,-15.625,1.345,4.26,3.77970904537201,1387.8546485158472
2025-01-23,backward,2025-01-07 08:00:00,-15.666666666666666,1.27,4.35,3.442355015827447,1391.2970035316746
2025-01-23,backward,2025-01-07 07:00:00,-15.708333333333334,1.37,4.55,4.193287403696255,1395.490290935371
2025-01-23,backward,2025-01-07 06:00:00,-15.75,1.225,4.17,3.071292002411539,1398.5615829377825
2025-01-23,backward,2025-01-07 05:00:00,-15.791666666666666,0.99,4.025,1.9732835095948504,1400.5348664473775
2025-01-23,backward,2025-01-07 04:00:00,-15.833333333333334,0.8799999999999999,3.635,1.3908133741281876,1401.9256798215056
2025-01-23,backward,2025-01-07 03:00:00,-15.875,0.7350000000000001,3.2800000000000002,0.8810778935662142,1402.8067577150719
2025-01-23,backward,2025-01-07 02:00:00,-15.916666666666666,0.71,3.45,0.8547566861670437,1403.661514401239
2025-01-23,backward,2025-01-07 01:00:00,-15.958333333333334,0.685,3.34,0.7703596128004688,1404.4318740140395
2025-01-23,backward,2025-01-07 00:00:00,-16.0,0.6,3.13,0.5546054845119281,1404.9864794985515
2025-01-23,backward,2025-01-06 23:00:00,-16.041666666666668,0.61,3.135,0.5712939066308308,1405.5577734051824
2025-01-23,backward,2025-01-06 22:00:00,-16.083333333333332,0.6,3.1799999999999997,0.561644686080661,1406.119418091263
2025-01-23,backward,2025-01-06 21:00:00,-16.125,0.6000000000000001,3.13,0.5537091490459347,1406.673127240309
2025-01-23,backward,2025-01-06 20:00:00,-16.166666666666668,0.62,3.39,0.6398466439043605,1407.3129738842133
2025-01-23,backward,2025-01-06 19:00:00,-16.208333333333332,0.64,3.34,0.670652226961393,1407.9836261111748
2025-01-23,backward,2025-01-06 18:00:00,-16.25,0.655,3.2800000000000002,0.6921895443064298,1408.6758156554813
2025-01-23,backward,2025-01-06 17:00:00,-16.291666666666668,0.645,3.33,0.6806873084004539,1409.3565029638817
2025-01-23,backward,2025-01-06 16:00:00,-16.333333333333332,0.705,3.51,0.8568989132126159,1410.2134018770944
2025-01-23,backward,2025-01-06 15:00:00,-16.375,0.7949999999999999,3.575,1.1120508364813841,1411.3254527135757
2025-01-23,backward,2025-01-06 14:00:00,-16.416666666666668,0.88,3.635,1.3806428856893378,1412.7060955992652
2025-01-23,backward,2025-01-06 13:00:00,-16.458333333333332,0.95,3.935,1.76239741013024,1414.4684930093954
2025-01-23,backward,2025-01-06 12:00:00,-16.5,1.02,4.1,2.0927446180408023,1416.5612376274362
2025-01-23,backward,2025-01-06 11:00:00,-16.541666666666668,1.12,4.085,2.5132365830354253,1419.0744742104716
2025-01-23,backward,2025-01-06 10:00:00,-16.583333333333332,1.135,3.925,2.4823242933752985,1421.556798503847
2025-01-23,backward,2025-01-06 09:00:00,-16.625,1.12,4.175,2.571485632593139,1424.12828413644
2025-01-23,backward,2025-01-06 08:00:00,-16.666666666666668,1.12,4.175,2.5648624641252065,1426.6931466005651
2025-01-23,backward,2025-01-06 07:00:00,-16.708333333333332,1.135,4.01,2.554253129449723,1429.2473997300149
2025-01-23,backward,2025-01-06 06:00:00,-16.75,1.13,4.275,2.698578102929364,1431.9459778329442
2025-01-23,backward,2025-01-06 05:00:00,-16.791666666666668,1.475,4.654999999999999,4.9738462053322685,1436.9198240382764
2025-01-23,backward,2025-01-06 04:00:00,-16.833333333333332,1.3900000000000001,4.359999999999999,4.167256389196995,1441.0870804274734
2025-01-23,backward,2025-01-06 03:00:00,-16.875,1.4,4.17,4.009813372007737,1445.0968937994812
2025-01-23,backward,2025-01-06 02:00:00,-16.916666666666668,1.3900000000000001,4.35,4.137015001972415,1449.2339088014537
2025-01-23,backward,2025-01-06 01:00:00,-16.958333333333332,1.38,4.17,3.9011801627967113,1453.1350889642504
2025-01-23,backward,2025-01-06 00:00:00,-17.0,1.28,4.175,3.3523191730693034,1456.4874081373196
2025-01-23,backward,2025-01-05 23:00:00,-17.041666666666668,1.205,4.35,3.1142322113119665,1459.6016403486315
2025-01-23,backward,2025-01-05 22:00:00,-17.083333333333332,1.135,3.85,2.4361681682298855,1462.0378085168613
2025-01-23,backward,2025-01-05 21:00:00,-17.125,1.0550000000000002,3.925,2.150661773267512,1464.1884702901289
2025-01-23,backward,2025-01-05 20:00:00,-17.166666666666668,1.08,4.175,2.3965162398225184,1466.5849865299515
2025-01-23,backward,2025-01-05 19:00:00,-17.208333333333332,1.0550000000000002,4.17,2.278330949865519,1468.863317479817
2025-01-23,backward,2025-01-05 18:00:00,-17.25,1.0899999999999999,4.26,2.4931401727859677,1471.356457652603
2025-01-23,backward,2025-01-05 17:00:00,-17.291666666666668,1.085,4.085,2.358899831857629,1473.7153574844606
2025-01-23,backward,2025-01-05 16:00:00,-17.333333333333332,1.01,3.85,1.929817126755026,1475.6451746112157
2025-01-23,backward,2025-01-05 15:00:00,-17.375,0.8400000000000001,8.175,2.680587614950174,1478.3257622261658
2025-01-23,backward,2025-01-05 14:00:00,-17.416666666666668,0.84,3.45,1.1949667731365006,1479.5207289993023
2025-01-23,backward,2025-01-05 13:00:00,-17.458333333333332,0.885,3.45,1.326734709806014,1480.8474637091083
2025-01-23,backward,2025-01-05 12:00:00,-17.5,0.8049999999999999,3.51,1.1196826889767288,1481.967146398085
2025-01-23,backward,2025-01-05 11:00:00,-17.541666666666668,0.88,8.82,3.266837126586667,1485.2339835246719
2025-01-23,backward,2025-01-05 10:00:00,-17.583333333333332,0.965,3.925,1.7928831186805247,1487.0268666433524
2025-01-23,backward,2025-01-05 09:00:00,-17.625,0.99,3.85,1.8514307014243674,1488.8782973447767
2025-01-23,backward,2025-01-05 08:00:00,-17.666666666666668,1.02,4.0,2.051317925786565,1490.9296152705633
2025-01-23,backward,2025-01-05 07:00:00,-17.708333333333332,0.9550000000000001,4.0,1.7957126834315473,1492.7253279539948
2025-01-23,backward,2025-01-05 06:00:00,-17.75,0.9450000000000001,4.085,1.78901298057243,1494.5143409345671
2025-01-23,backward,2025-01-05 05:00:00,-17.791666666666668,1.0350000000000001,4.17,2.192815542238007,1496.707156476805
2025-01-23,backward,2025-01-05 04:00:00,-17.833333333333332,0.985,4.085,1.9461321984143658,1498.6532886752193
2025-01-23,backward,2025-01-05 03:00:00,-17.875,0.955,3.785,1.6926149712444973,1500.3459036464637
2025-01-23,backward,2025-01-05 02:00:00,-17.916666666666668,0.99,3.925,1.893300164755813,1502.2392038112196
2025-01-23,backward,2025-01-05 01:00:00,-17.958333333333332,0.94,3.71,1.6082799594194925,1503.847483770639
2025-01-23,backward,2025-01-05 00:00:00,-18.0,1.0350000000000001,9.33,4.820918226617854,1508.6684019972568
2025-01-23,backward,2025-01-04 23:00:00,-18.041666666666668,1.1150000000000002,3.7750000000000004,2.302131183103766,1510.9705331803605
2025-01-23,backward,2025-01-04 22:00:00,-18.083333333333332,1.1600000000000001,4.085,2.706593853893313,1513.6771270342538
2025-01-23,backward,2025-01-04 21:00:00,-18.125,1.185,4.085,2.813233734698027,1516.4903607689519
2025-01-23,backward,2025-01-04 20:00:00,-18.166666666666668,1.18,4.35,2.971565482974666,1519.4619262519266
2025-01-23,backward,2025-01-04 19:00:00,-18.208333333333332,1.12,4.17,2.5681217989190372,1522.0300480508456
2025-01-23,backward,2025-01-04 18:00:00,-18.25,1.1,4.085,2.429543282644202,1524.4595913334897
2025-01-23,backward,2025-01-04 17:00:00,-18.291666666666668,1.025,9.405000000000001,4.820666791518609,1529.2802581250082
2025-01-23,backward,2025-01-04 16:00:00,-18.333333333333332,1.03,4.0,2.0821279242892428,1531.3623860492976
2025-01-23,backward,2025-01-04 15:00:00,-18.375,0.9099999999999999,3.57,1.4566893701305292,1532.8190754194281
2025-01-23,backward,2025-01-04 14:00:00,-18.416666666666668,0.775,3.57,1.0523648046686649,1533.871440224097
2025-01-23,backward,2025-01-04 13:00:00,-18.458333333333332,0.775,3.51,1.035362395303875,1534.9068026194007
2025-01-23,backward,2025-01-04 12:00:00,-18.5,0.8049999999999999,3.51,1.1170128161765447,1536.0238154355773
2025-01-23,backward,2025-01-04 11:00:00,-18.541666666666668,0.9299999999999999,3.925,1.6712915577107215,1537.695106993288
2025-01-23,backward,2025-01-04 10:00:00,-18.583333333333332,0.96,3.925,1.7785083900797534,1539.4736153833676
2025-01-23,backward,2025-01-04 09:00:00,-18.625,1.005,3.85,1.9152559682270085,1541.3888713515946
2025-01-23,backward,2025-01-04 08:00:00,-18.666666666666668,0.965,3.925,1.7961689461482269,1543.185040297743
2025-01-23,backward,2025-01-04 07:00:00,-18.708333333333332,0.95,3.925,1.7378764780416676,1544.9229167757846
2025-01-23,backward,2025-01-04 06:00:00,-18.75,0.885,3.85,1.4805590239864217,1546.403475799771
2025-01-23,backward,2025-01-04 05:00:00,-18.791666666666668,0.84,3.71,1.2873300463547825,1547.6908058461258
2025-01-23,backward,2025-01-04 04:00:00,-18.833333333333332,0.7250000000000001,3.635,0.9479132677862628,1548.6387191139122
2025-01-23,backward,2025-01-04 03:00:00,-18.875,0.665,3.45,0.7495623732060896,1549.3882814871183
2025-01-23,backward,2025-01-04 02:00:00,-18.916666666666668,0.76,3.57,1.0160220074699051,1550.4043034945882
2025-01-23,backward,2025-01-04 01:00:00,-18.958333333333332,0.875,3.635,1.366615260176793,1551.770918754765
2025-01-23,backward,2025-01-04 00:00:00,-19.0,0.8,3.635,1.141343638799834,1552.9122623935648
2025-01-23,backward,2025-01-03 23:00:00,-19.041666666666668,0.915,3.935,1.6173919674161525,1554.5296543609809
2025-01-23,backward,2025-01-03 22:00:00,-19.083333333333332,1.145,4.26,2.7554154363932652,1557.2850697973743
2025-01-23,backward,2025-01-03 21:00:00,-19.125,1.19,4.26,2.9646508950941453,1560.2497206924684
2025-01-23,backward,2025-01-03 20:00:00,-19.166666666666668,1.245,4.449999999999999,3.382313540640282,1563.6320342331087
2025-01-23,backward,2025-01-03 19:00:00,-19.208333333333332,1.3900000000000001,4.555,4.3241614579251335,1567.9561956910338
2025-01-23,backward,2025-01-03 18:00:00,-19.25,1.455,4.76,4.9509106635328894,1572.9071063545666
2025-01-23,backward,2025-01-03 17:00:00,-19.291666666666668,1.385,4.76,4.484321691303993,1577.3914280458707
2025-01-23,backward,2025-01-03 16:00:00,-19.333333333333332,1.365,4.55,4.1637100504362206,1581.555138096307
2025-01-23,backward,2025-01-03 15:00:00,-19.375,1.315,4.449999999999999,3.774640604376291,1585.3297787006834
2025-01-23,backward,2025-01-03 14:00:00,-19.416666666666668,1.1099999999999999,4.359999999999999,2.6312258762662815,1587.9610045769496
2025-01-23,backward,2025-01-03 13:00:00,-19.458333333333332,1.22,4.55,3.323378379889798,1591.2843829568394
2025-01-23,backward,2025-01-03 12:00:00,-19.5,1.405,4.654999999999999,4.50845234705803,1595.7928353038974
2025-01-23,backward,2025-01-03 11:00:00,-19.541666666666668,1.31,4.654999999999999,3.91813302104926,1599.7109683249466
2025-01-23,backward,2025-01-03 10:00:00,-19.583333333333332,1.3599999999999999,4.654999999999999,4.236769976503446,1603.94773830145
2025-01-23,backward,2025-01-03 09:00:00,-19.625,1.4300000000000002,4.449999999999999,4.4849300415929,1608.432668343043
2025-01-23,backward,2025-01-03 08:00:00,-19.666666666666668,1.415,4.55,4.469975172494844,1612.9026435155376
2025-01-23,backward,2025-01-03 07:00:00,-19.708333333333332,1.365,4.449999999999999,4.072491849455282,1616.9751353649929
2025-01-23,backward,2025-01-03 06:00:00,-19.75,1.395,4.76,4.551577759373025,1621.5267131243659
2025-01-23,backward,2025-01-03 05:00:00,-19.791666666666668,1.375,4.76,4.416598567206707,1625.9433116915725
2025-01-23,backward,2025-01-03 04:00:00,-19.833333333333332,1.6,5.0,6.2954442800375965,1632.23875597161
2025-01-23,backward,2025-01-03 03:00:00,-19.875,1.525,5.0,5.712237501055779,1637.950993472666
2025-01-23,backward,2025-01-03 02:00:00,-19.916666666666668,1.4649999999999999,4.88,5.1441992496807405,1643.0951927223466
2025-01-23,backward,2025-01-03 01:00:00,-19.958333333333332,1.415,5.0,4.956215085568097,1648.0514078079148
2025-01-23,backward,2025-01-03 00:00:00,-20.0,1.6800000000000002,4.654999999999999,6.561033090299148,1654.612440898214
2025-01-23,backward,2025-01-02 23:00:00,-20.041666666666668,1.66,5.13,6.943922629573423,1661.5563635277874
2025-01-23,backward,2025-01-02 22:00:00,-20.083333333333332,1.57,4.55,5.502503832904589,1667.058867360692
2025-01-23,backward,2025-01-02 21:00:00,-20.125,1.335,4.76,4.1788670488238155,1671.2377344095157
2025-01-23,backward,2025-01-02 20:00:00,-20.166666666666668,1.7149999999999999,4.88,7.04281144085037,1678.280545850366
2025-01-23,backward,2025-01-02 19:00:00,-20.208333333333332,1.74,5.0,7.428987298197422,1685.7095331485634
2025-01-23,backward,2025-01-02 18:00:00,-20.25,1.7650000000000001,5.13,7.877731492153421,1693.5872646407167
2025-01-23,backward,2025-01-02 17:00:00,-20.291666666666668,1.74,5.26,7.819423569987103,1701.4066882107038
2025-01-23,backward,2025-01-02 16:00:00,-20.333333333333332,1.7650000000000001,5.26,8.04070853455144,1709.4473967452552
2025-01-23,backward,2025-01-02 15:00:00,-20.375,1.845,5.56,9.300721199908967,1718.7481179451643
2025-01-23,backward,2025-01-02 14:00:00,-20.416666666666668,1.92,5.41,9.795211373170439,1728.5433293183346
2025-01-23,backward,2025-01-02 13:00:00,-20.458333333333332,1.81,5.26,8.455279141633195,1736.9986084599677
2025-01-23,backward,2025-01-02 12:00:00,-20.5,1.7850000000000001,5.0,7.820858099216752,1744.8194665591845
2025-01-23,backward,2025-01-02 11:00:00,-20.541666666666668,1.6800000000000002,5.26,7.309242374717493,1752.128708933902
2025-01-23,backward,2025-01-02 10:00:00,-20.583333333333332,1.685,5.0,6.964752249102535,1759.0934611830046
2025-01-23,backward,2025-01-02 09:00:00,-20.625,1.48,4.654999999999999,5.019732742990782,1764.1131939259953
2025-01-23,backward,2025-01-02 08:00:00,-20.666666666666668,1.38,4.449999999999999,4.15574875663523,1768.2689426826305
2025-01-23,backward,2025-01-02 07:00:00,-20.708333333333332,1.4100000000000001,4.55,4.443522973541531,1772.712465656172
2025-01-23,backward,2025-01-02 06:00:00,-20.75,1.52,4.654999999999999,5.2742937324506896,1777.9867593886227
2025-01-23,backward,2025-01-02 05:00:00,-20.791666666666668,1.475,4.449999999999999,4.7547910408188025,1782.7415504294415
2025-01-23,backward,2025-01-02 04:00:00,-20.833333333333332,1.52,4.654999999999999,5.2750767381451205,1788.0166271675866
2025-01-23,backward,2025-01-02 03:00:00,-20.875,1.41,4.35,4.244788671097824,1792.2614158386846
2025-01-23,backward,2025-01-02 02:00:00,-20.916666666666668,1.3399999999999999,6.12,5.295587219075092,1797.5570030577596
2025-01-23,backward,2025-01-02 01:00:00,-20.958333333333332,1.295,7.415,6.10258104848691,1803.6595841062465
2025-01-23,backward,2025-01-02 00:00:00,-21.0,1.21,7.69,5.533119551798874,1809.1927036580453
2025-01-23,forward,2025-01-23 00:00:00,0.0,0.41000000000000003,9.09,0.7514426171433748,0.7514426171433748
2025-01-23,forward,2025-01-23 01:00:00,0.041666666666666664,0.45,12.165,1.2085626661859505,1.9600052833293253
2025-01-23,forward,2025-01-23 02:00:00,0.08333333333333333,0.45,8.215,0.8023473087777593,2.7623525921070846
2025-01-23,forward,2025-01-23 03:00:00,0.125,0.46,8.344999999999999,0.8663114168156911,3.628664008922776
2025-01-23,forward,2025-01-23 04:00:00,0.16666666666666666,0.475,5.01,0.5568715893381044,4.185535598260881
2025-01-23,forward,2025-01-23 05:00:00,0.20833333333333334,0.48,7.415,0.8381575541711901,5.02369315243207
2025-01-23,forward,2025-01-23 06:00:00,0.25,0.475,6.46,0.7156439009691289,5.739337053401199
2025-01-23,forward,2025-01-23 07:00:00,0.2916666666666667,0.5,6.25,0.7668770526990156,6.506214106100215
2025-01-23,forward,2025-01-23 08:00:00,0.3333333333333333,0.535,8.655,1.2081873533061014,7.714401459406316
2025-01-23,forward,2025-01-23 09:00:00,0.375,0.5800000000000001,7.085,1.0543576424699053,8.76875910187622
2025-01-23,forward,2025-01-23 10:00:00,0.4166666666666667,0.625,4.9399999999999995,0.9535208837557787,9.722279985632
2025-01-23,forward,2025-01-23 11:00:00,0.4583333333333333,0.63,12.12,2.365371893963478,12.087651879595477
2025-01-23,forward,2025-01-23 12:00:00,0.5,0.655,9.629999999999999,2.003998576016155,14.091650455611632
2025-01-23,forward,2025-01-23 13:00:00,0.5416666666666666,0.6799999999999999,5.04,1.1876135843218805,15.279264039933512
2025-01-23,forward,2025-01-23 14:00:00,0.5833333333333334,0.635,11.774999999999999,2.328933428775737,17.60819746870925
2025-01-23,forward,2025-01-23 15:00:00,0.625,0.615,7.14,1.3249795701620122,18.93317703887126
2025-01-23,forward,2025-01-23 16:00:00,0.6666666666666666,0.585,8.01,1.3427215666723877,20.27589860554365
2025-01-23,forward,2025-01-23 17:00:00,0.7083333333333334,0.64,7.734999999999999,1.5465684645682654,21.822467070111912
2025-01-23,forward,2025-01-23 18:00:00,0.75,0.6950000000000001,5.36,1.2469412291297242,23.069408299241637
2025-01-23,forward,2025-01-23 19:00:00,0.7916666666666666,0.795,3.1799999999999997,0.9869735264771616,24.0563818257188
2025-01-23,forward,2025-01-23 20:00:00,0.8333333333333334,0.76,3.13,0.887112581250644,24.943494406969442
2025-01-23,forward,2025-01-23 21:00:00,0.875,0.78,3.1799999999999997,0.9505689130393677,25.89406332000881
2025-01-23,forward,2025-01-23 22:00:00,0.9166666666666666,0.705,7.14,1.7418270753815213,27.635890395390334
2025-01-23,forward,2025-01-23 23:00:00,0.9583333333333334,0.635,6.904999999999999,1.366793104515284,29.00268349990562
2025-01-23,forward,2025-01-24 00:00:00,1.0,0.69,7.574999999999999,1.7092903923290002,30.711973892234617
2025-01-23,forward,2025-01-24 01:00:00,1.0416666666666667,0.745,2.94,0.800592414436293,31.51256630667091
2025-01-23,forward,2025-01-24 02:00:00,1.0833333333333333,0.775,3.2800000000000002,0.9663082596470693,32.47887456631798
2025-01-23,forward,2025-01-24 03:00:00,1.125,0.76,3.39,0.9634752606605452,33.44234982697852
2025-01-23,forward,2025-01-24 04:00:00,1.1666666666666667,0.83,3.57,1.2065808669988236,34.64893069397735
2025-01-23,forward,2025-01-24 05:00:00,1.2083333333333333,0.775,3.39,0.9999887884242562,35.6489194824016
2025-01-23,forward,2025-01-24 06:00:00,1.25,0.815,3.51,1.1434789973744024,36.792398479776004
2025-01-23,forward,2025-01-24 07:00:00,1.2916666666666667,0.775,3.34,0.9846559081184569,37.77705438789446
2025-01-23,forward,2025-01-24 08:00:00,1.3333333333333333,0.74,3.45,0.9309981861242351,38.708052574018694
2025-01-23,forward,2025-01-24 09:00:00,1.375,0.76,3.45,0.9783155734743589,39.686368147493056
2025-01-23,forward,2025-01-24 10:00:00,1.4166666666666667,0.735,3.45,0.9139876817757622,40.60035582926882
2025-01-23,forward,2025-01-24 11:00:00,1.4583333333333333,0.75,3.51,0.9686383884351022,41.568994217703924
2025-01-23,forward,2025-01-24 12:00:00,1.5,0.74,3.39,0.9107415933188678,42.47973581102279
2025-01-23,forward,2025-01-24 13:00:00,1.5416666666666667,0.745,3.39,0.9305338284238724,43.41026963944667
2025-01-23,forward,2025-01-24 14:00:00,1.5833333333333333,0.7,3.08,0.7403387525556184,44.15060839200228
2025-01-23,forward,2025-01-24 15:00:00,1.625,0.685,3.2800000000000002,0.7569155620207095,44.90752395402299
2025-01-23,forward,2025-01-24 16:00:00,1.6666666666666667,0.6699999999999999,3.08,0.680662532844333,45.58818648686732
2025-01-23,forward,2025-01-24 17:00:00,1.7083333333333333,0.5549999999999999,7.625,1.116403484677495,46.70458997154482
2025-01-23,forward,2025-01-24 18:00:00,1.75,0.475,10.405000000000001,1.1502297231609764,47.854819694705796
2025-01-23,forward,2025-01-24 19:00:00,1.7916666666666667,0.425,10.26,0.9176466144004911,48.772466309106285
2025-01-23,forward,2025-01-24 20:00:00,1.8333333333333333,0.42,9.545,0.8283937773367784,49.60086008644306
2025-01-23,forward,2025-01-24 21:00:00,1.875,0.385,10.405000000000001,0.757543536512484,50.35840362295555
2025-01-23,forward,2025-01-24 22:00:00,1.9166666666666667,0.63,6.43,1.0326623502917813,51.39106597324733
2025-01-23,forward,2025-01-24 23:00:00,1.9583333333333333,0.79,3.51,1.0747150546175064,52.465781027864836
2025-01-23,forward,2025-01-25 00:00:00,2.0,0.76,3.51,0.9962246210116479,53.462005648876485
2025-01-23,forward,2025-01-25 01:00:00,2.0416666666666665,0.775,3.39,0.9999887884242562,54.46199443730074
2025-01-23,forward,2025-01-25 02:00:00,2.0833333333333335,0.77,3.2800000000000002,0.9554847758577887,55.41747921315853
2025-01-23,forward,2025-01-25 03:00:00,2.125,0.75,3.23,0.8934737666102892,56.31095297976882
2025-01-23,forward,2025-01-25 04:00:00,2.1666666666666665,0.74,3.1799999999999997,0.8543239724938052,57.16527695226262
2025-01-23,forward,2025-01-25 05:00:00,2.2083333333333335,0.73,3.13,0.8174996464171733,57.9827765986798
2025-01-23,forward,2025-01-25 06:00:00,2.25,0.685,3.13,0.7198763509226735,58.702652949602474
2025-01-23,forward,2025-01-25 07:00:00,2.2916666666666665,0.695,3.13,0.7421095915619147,59.44476254116439
2025-01-23,forward,2025-01-25 08:00:00,2.3333333333333335,0.655,3.08,0.6491060787250658,60.093868619889456
2025-01-23,forward,2025-01-25 09:00:00,2.375,0.62,3.03,0.5738018797573545,60.66767049964681
2025-01-23,forward,2025-01-25 10:00:00,2.4166666666666665,0.56,3.545,0.5337069349702432,61.20137743461705
2025-01-23,forward,2025-01-25 11:00:00,2.4583333333333335,0.625,3.035,0.5996854674325698,61.80106290204962
2025-01-23,forward,2025-01-25 12:00:00,2.5,0.76,3.635,1.0307256867712506,62.83178858882087
2025-01-23,forward,2025-01-25 13:00:00,2.5416666666666665,0.67,3.34,0.735576939729711,63.56736552855058
2025-01-23,forward,2025-01-25 14:00:00,2.5833333333333335,0.655,3.2800000000000002,0.6902604851645104,64.2576260137151
2025-01-23,forward,2025-01-25 15:00:00,2.625,0.575,3.23,0.523506274319484,64.78113228803458
2025-01-23,forward,2025-01-25 16:00:00,2.6666666666666665,0.485,2.94,0.3393196387643238,65.1204519267989
2025-01-23,forward,2025-01-25 17:00:00,2.7083333333333335,0.625,3.23,0.6230932166134577,65.74354514341236
2025-01-23,forward,2025-01-25 18:00:00,2.75,0.66,3.34,0.7132347847645527,66.45677992817691
2025-01-23,forward,2025-01-25 19:00:00,2.7916666666666665,0.55,3.1799999999999997,0.4731012639506247,66.92988119212754
2025-01-23,forward,2025-01-25 20:00:00,2.8333333333333335,0.575,3.1799999999999997,0.5162781897981471,67.44615938192568
2025-01-23,forward,2025-01-25 21:00:00,2.875,0.575,3.23,0.5242480691878924,67.97040745111357
2025-01-23,forward,2025-01-25 22:00:00,2.9166666666666665,0.54,3.08,0.44070072380549974,68.41110817491908
2025-01-23,forward,2025-01-25 23:00:00,2.9583333333333335,0.505,2.945,0.3687149775427584,68.77982315246183
2025-01-23,forward,2025-01-26 00:00:00,3.0,0.49,2.67,0.3143051579736227,69.09412831043545
2025-01-23,forward,2025-01-26 01:00:00,3.0416666666666665,0.5700000000000001,2.8,0.44985345202311056,69.54398176245856
2025-01-23,forward,2025-01-26 02:00:00,3.0833333333333335,0.65,3.1799999999999997,0.6591524440807758,70.20313420653933
2025-01-23,forward,2025-01-26 03:00:00,3.125,0.655,3.23,0.6802128932961213,70.88334709983545
2025-01-23,forward,2025-01-26 04:00:00,3.1666666666666665,0.635,3.035,0.6001378053086761,71.48348490514412
2025-01-23,forward,2025-01-26 05:00:00,3.2083333333333335,0.61,3.1799999999999997,0.5805476994932115,72.06403260463733
2025-01-23,forward,2025-01-26 06:00:00,3.25,0.71,3.34,0.8251516137204578,72.8891842183578
2025-01-23,forward,2025-01-26 07:00:00,3.2916666666666665,0.685,3.03,0.6978530892541193,73.58703730761192
2025-01-23,forward,2025-01-26 08:00:00,3.3333333333333335,0.715,3.23,0.8111053452151884,74.3981426528271
2025-01-23,forward,2025-01-26 09:00:00,3.375,0.6,2.995,0.5311476936137269,74.92929034644084
2025-01-23,forward,2025-01-26 10:00:00,3.4166666666666665,0.585,2.945,0.4995789743676672,75.4288693208085
2025-01-23,forward,2025-01-26 11:00:00,3.4583333333333335,0.53,2.8,0.38632009523813016,75.81518941604664
2025-01-23,forward,2025-01-26 12:00:00,3.5,0.575,2.84,0.4604186322421418,76.27560804828877
2025-01-23,forward,2025-01-26 13:00:00,3.5416666666666665,0.685,3.23,0.7462301835591121,77.02183823184788
2025-01-23,forward,2025-01-26 14:00:00,3.5833333333333335,0.725,3.1799999999999997,0.8199014035456742,77.84173963539355
2025-01-23,forward,2025-01-26 15:00:00,3.625,0.8200000000000001,3.51,1.160886891830951,79.0026265272245
2025-01-23,forward,2025-01-26 16:00:00,3.6666666666666665,0.76,3.45,0.9783155734743589,79.98094210069887
2025-01-23,forward,2025-01-26 17:00:00,3.7083333333333335,0.98,3.6500000000000004,1.7466423641602444,81.7275844648591
2025-01-23,forward,2025-01-26 18:00:00,3.75,1.025,4.01,2.06366473832347,83.79124920318257
2025-01-23,forward,2025-01-26 19:00:00,3.7916666666666665,1.025,4.26,2.1971264890030233,85.9883756921856
2025-01-23,forward,2025-01-26 20:00:00,3.8333333333333335,0.91,4.01,1.627072586690911,87.61544827887651
2025-01-23,forward,2025-01-26 21:00:00,3.875,0.9550000000000001,3.85,1.729893107012451,89.34534138588896
2025-01-23,forward,2025-01-26 22:00:00,3.9166666666666665,0.96,4.085,1.8494015588478216,91.19474294473677
2025-01-23,forward,2025-01-26 23:00:00,3.9583333333333335,0.965,4.17,1.905581972120718,93.10032491685749
2025-01-23,forward,2025-01-27 00:00:00,4.0,0.995,4.26,2.0686149434969097,95.1689398603544
2025-01-23,forward,2025-01-27 01:00:00,4.041666666666667,0.98,4.26,2.0199309757195696,97.18887083607397
2025-01-23,forward,2025-01-27 02:00:00,4.083333333333333,0.7,3.71,0.9012292515837022,98.09010008765767
2025-01-23,forward,2025-01-27 03:00:00,4.125,0.595,3.2800000000000002,0.5704915220360676,98.66059160969374
2025-01-23,forward,2025-01-27 04:00:00,4.166666666666667,0.525,3.1799999999999997,0.42991943205238525,99.09051104174613
2025-01-23,forward,2025-01-27 05:00:00,4.208333333333333,0.52,3.08,0.4085916030729638,99.49910264481909
2025-01-23,forward,2025-01-27 06:00:00,4.25,0.5700000000000001,3.035,0.4854299240998769,99.98453256891897
2025-01-23,forward,2025-01-27 07:00:00,4.291666666666667,0.545,3.13,0.45565313987819667,100.44018570879716
2025-01-23,forward,2025-01-27 08:00:00,4.333333333333333,0.515,3.03,0.39460028233572475,100.83478599113289
2025-01-23,forward,2025-01-27 09:00:00,4.375,0.475,2.73,0.3045430982569622,101.13932908938985
2025-01-23,forward,2025-01-27 10:00:00,4.416666666666667,0.505,2.67,0.33574705263221405,101.47507614202206
2025-01-23,forward,2025-01-27 11:00:00,4.458333333333333,0.45999999999999996,2.67,0.27740920355652265,101.75248534557858
2025-01-23,forward,2025-01-27 12:00:00,4.5,0.46499999999999997,2.86,0.3037075978198593,102.05619294339844
2025-01-23,forward,2025-01-27 13:00:00,4.541666666666667,0.57,3.03,0.4829746910185607,102.539167634417
2025-01-23,forward,2025-01-27 14:00:00,4.583333333333333,0.6799999999999999,3.33,0.7595140517829617,103.29868168619996
2025-01-23,forward,2025-01-27 15:00:00,4.625,0.8,3.635,1.1444793411155958,104.44316102731555
2025-01-23,forward,2025-01-27 16:00:00,4.666666666666667,0.815,3.635,1.1843299645770013,105.62749099189256
2025-01-23,forward,2025-01-27 17:00:00,4.708333333333333,0.755,3.39,0.9516308277170595,106.57912181960961
2025-01-23,forward,2025-01-27 18:00:00,4.75,0.81,3.51,1.1295151505211782,107.70863697013078
2025-01-23,forward,2025-01-27 19:00:00,4.791666666666667,0.865,3.51,1.2882644037138329,108.99690137384462
2025-01-23,forward,2025-01-27 20:00:00,4.833333333333333,0.815,3.33,1.0884625446341112,110.08536391847873
2025-01-23,forward,2025-01-27 21:00:00,4.875,0.9,3.45,1.3725192016096153,111.45788312008835
2025-01-23,forward,2025-01-27 22:00:00,4.916666666666667,0.92,3.575,1.4835590739998592,112.94144219408821
2025-01-23,forward,2025-01-27 23:00:00,4.958333333333333,0.97,3.84,1.779529584536494,114.7209717786247
2025-01-23,forward,2025-01-28 00:00:00,5.0,1.0150000000000001,3.665,1.866294072676551,116.58726585130125
2025-01-23,forward,2025-01-28 01:00:00,5.041666666666667,1.045,3.45,1.8477749577326046,118.43504080903386
2025-01-23,forward,2025-01-28 02:00:00,5.083333333333333,1.02,3.57,1.8229196782876698,120.25796048732154
2025-01-23,forward,2025-01-28 03:00:00,5.125,1.16,3.635,2.4034995124130774,122.66145999973462
2025-01-23,forward,2025-01-28 04:00:00,5.166666666666667,1.0150000000000001,3.785,1.919579916026425,124.58103991576104
2025-01-23,forward,2025-01-28 05:00:00,5.208333333333333,1.0899999999999999,4.085,2.380667242981292,126.96170715874233
2025-01-23,forward,2025-01-28 06:00:00,5.25,1.1400000000000001,3.785,2.4188321474163406,129.38053930615868
2025-01-23,forward,2025-01-28 07:00:00,5.291666666666667,1.02,3.635,1.872014527812558,131.25255383397123
2025-01-23,forward,2025-01-28 08:00:00,5.333333333333333,0.845,3.39,1.1886519499561308,132.44120578392736
2025-01-23,forward,2025-01-28 09:00:00,5.375,0.78,3.57,1.0657634744792919,133.50696925840666
2025-01-23,forward,2025-01-28 10:00:00,5.416666666666667,0.755,3.45,0.9658750553687594,134.47284431377543
2025-01-23,forward,2025-01-28 11:00:00,5.458333333333333,0.6799999999999999,3.45,0.7833294937784312,135.25617380755386
2025-01-23,forward,2025-01-28 12:00:00,5.5,0.735,3.39,0.8983010752132683,136.15447488276712
2025-01-23,forward,2025-01-28 13:00:00,5.541666666666667,0.79,3.45,1.0590519970984538,137.21352687986558
2025-01-23,forward,2025-01-28 14:00:00,5.583333333333333,1.0,3.925,1.9267594306456637,139.14028631051124
2025-01-23,forward,2025-01-28 15:00:00,5.625,1.25,4.35,3.334581346702037,142.47486765721328
2025-01-23,forward,2025-01-28 16:00:00,5.666666666666667,1.405,4.654999999999999,4.516076349872227,146.99094400708552
2025-01-23,forward,2025-01-28 17:00:00,5.708333333333333,2.03,5.32,10.698096907476195,157.6890409145617
2025-01-23,forward,2025-01-28 18:00:00,5.75,1.585,5.279999999999999,6.61365171075151,164.3026926253132
2025-01-23,forward,2025-01-28 19:00:00,5.791666666666667,1.415,4.76,4.675814662889426,168.97850728820262
2025-01-23,forward,2025-01-28 20:00:00,5.833333333333333,1.365,4.654999999999999,4.3318364836667875,173.3103437718694
2025-01-23,forward,2025-01-28 21:00:00,5.875,0.97,4.025,1.9086610095506988,175.21900478142013
2025-01-23,forward,2025-01-28 22:00:00,5.916666666666667,0.78,3.85,1.149352766595315,176.36835754801544
2025-01-23,forward,2025-01-28 23:00:00,5.958333333333333,0.6799999999999999,3.6500000000000004,0.8336385908557735,177.2019961388712
2025-01-23,forward,2025-01-29 00:00:00,6.0,0.625,2.985,0.5722277733848092,177.77422391225602
2025-01-23,forward,2025-01-29 01:00:00,6.041666666666667,0.7,3.1799999999999997,0.765647105784267,178.5398710180403
2025-01-23,forward,2025-01-29 02:00:00,6.083333333333333,0.6799999999999999,3.45,0.7841757875271116,179.3240468055674
2025-01-23,forward,2025-01-29 03:00:00,6.125,,,,
2025-01-23,forward,2025-01-29 04:00:00,6.166666666666667,,,,
2025-01-23,forward,2025-01-29 05:00:00,6.208333333333333,,,,
2025-01-23,forward,2025-01-29 06:00:00,6.25,,,,
2025-01-23,forward,2025-01-29 07:00:00,6.291666666666667,,,,
2025-01-23,forward,2025-01-29 08:00:00,6.333333333333333,0.4,2.6,0.20409170982665534,179.52813851539406
2025-01-23,forward,2025-01-29 09:00:00,6.375,,,,
2025-01-23,forward,2025-01-29 10:00:00,6.416666666666667,1.01,4.17,2.0869441942781086,181.61508270967218
2025-01-23,forward,2025-01-29 11:00:00,6.458333333333333,,,,
2025-01-23,forward,2025-01-29 12:00:00,6.5,0.755,4.55,1.2769603722568235,182.892043081929
2025-01-23,forward,2025-01-29 13:00:00,6.541666666666667,0.7,4.0,0.9647258129883051,183.85676889491728
2025-01-23,forward,2025-01-29 14:00:00,6.583333333333333,0.735,4.55,1.2064211750479856,185.06319006996526
2025-01-23,forward,2025-01-29 15:00:00,6.625,0.64,3.545,0.7176033776254935,185.78079344759075
2025-01-23,forward,2025-01-29 16:00:00,6.666666666666667,0.545,2.665,0.3902074045237347,186.17100085211447
2025-01-23,forward,2025-01-29 17:00:00,6.708333333333333,0.44,5.915,0.5116265178108361,186.6826273699253
2025-01-23,forward,2025-01-29 18:00:00,6.75,0.35,9.545,0.5725518180346663,187.25517918795998
2025-01-23,forward,2025-01-29 19:00:00,6.791666666666667,0.475,6.37,0.5518801733386419,187.80705936129863
2025-01-23,forward,2025-01-29 20:00:00,6.833333333333333,0.7849999999999999,3.45,1.0532184574934202,188.86027781879204
2025-01-23,forward,2025-01-29 21:00:00,6.875,0.835,3.51,1.200926888850032,190.06120470764208
2025-01-23,forward,2025-01-29 22:00:00,6.916666666666667,1.115,4.085,2.5060862594179527,192.56729096706002
2025-01-23,forward,2025-01-29 23:00:00,6.958333333333333,1.4500000000000002,4.465,4.697217799747355,197.26450876680738
2025-01-23,forward,2025-01-30 00:00:00,7.0,1.8900000000000001,5.41,9.543687474406884,206.80819624121426
2025-01-23,forward,2025-01-30 01:00:00,7.041666666666667,1.755,5.41,8.26817855725468,215.07637479846895
2025-01-23,forward,2025-01-30 02:00:00,7.083333333333333,1.3250000000000002,4.775,4.114317158330276,219.1906919567992
2025-01-23,forward,2025-01-30 03:00:00,7.125,1.31,4.26,3.5879764132090526,222.77866837000826
2025-01-23,forward,2025-01-30 04:00:00,7.166666666666667,1.415,4.449999999999999,4.380734109952853,227.1594024799611
2025-01-23,forward,2025-01-30 05:00:00,7.208333333333333,1.575,4.654999999999999,5.701194962101984,232.8605974420631
2025-01-23,forward,2025-01-30 06:00:00,7.25,1.59,4.654999999999999,5.777780130911902,238.638377572975
2025-01-23,forward,2025-01-30 07:00:00,7.291666666666667,1.3399999999999999,5.3,4.737886016560745,243.37626358953574
2025-01-23,forward,2025-01-30 08:00:00,7.333333333333333,1.095,3.85,2.2670676386294604,245.6433312281652
2025-01-23,forward,2025-01-30 09:00:00,7.375,1.07,3.7750000000000004,2.119559864747174,247.76289109291238
2025-01-23,forward,2025-01-30 10:00:00,7.416666666666667,1.145,3.85,2.486927395460511,250.24981848837288
2025-01-23,forward,2025-01-30 11:00:00,7.458333333333333,1.255,4.0,3.09483491328968,253.34465340166255
2025-01-23,forward,2025-01-30 12:00:00,7.5,1.08,4.0,2.2921068949762824,255.63676029663884
2025-01-23,forward,2025-01-30 13:00:00,7.541666666666667,0.945,3.85,1.6861237755408522,257.3228840721797
2025-01-23,forward,2025-01-30 14:00:00,7.583333333333333,0.8,3.635,1.1447023211206828,258.4675863933004
2025-01-23,forward,2025-01-30 15:00:00,7.625,0.685,3.33,0.7676009404823071,259.2351873337827
2025-01-23,forward,2025-01-30 16:00:00,7.666666666666667,0.735,3.34,0.8900078870812738,260.12519522086393
2025-01-23,forward,2025-01-30 17:00:00,7.708333333333333,0.785,3.515,1.0619963634362537,261.1871915843002
2025-01-23,forward,2025-01-30 18:00:00,7.75,0.785,3.7,1.1190039368600342,262.30619552116025
2025-01-23,forward,2025-01-30 19:00:00,7.791666666666667,0.815,3.51,1.1449184326547663,263.451113953815
2025-01-23,forward,2025-01-30 20:00:00,7.833333333333333,0.9199999999999999,3.7750000000000004,1.5678168155260712,265.01893076934107
2025-01-23,forward,2025-01-30 21:00:00,7.875,0.865,3.925,1.453074101357182,266.47200487069824
2025-01-23,forward,2025-01-30 22:00:00,7.916666666666667,0.72,3.7,0.9410197759238244,267.4130246466221
2025-01-23,forward,2025-01-30 23:00:00,7.958333333333333,0.59,3.29,0.5643631287829434,267.977387775405
2025-01-23,forward,2025-01-31 00:00:00,8.0,0.565,3.1799999999999997,0.4987974404884512,268.47618521589345
2025-01-23,forward,2025-01-31 01:00:00,8.041666666666666,0.59,3.08,0.5260012464116075,269.0021864623051
2025-01-23,forward,2025-01-31 02:00:00,8.083333333333334,0.52,3.085,0.4167378549859847,269.41892431729104
2025-01-23,forward,2025-01-31 03:00:00,8.125,0.395,2.945,0.22624915198231904,269.64517346927335
2025-01-23,forward,2025-01-31 04:00:00,8.166666666666666,0.435,2.535,0.2368069731252749,269.8819804423986
2025-01-23,forward,2025-01-31 05:00:00,8.208333333333334,0.495,2.8,0.33676947360163406,270.21874991600026
2025-01-23,forward,2025-01-31 06:00:00,8.25,0.565,3.39,0.5307947032646397,270.7495446192649
2025-01-23,forward,2025-01-31 07:00:00,8.291666666666666,0.6799999999999999,3.135,0.7245363631962035,271.4740809824611
2025-01-23,forward,2025-01-31 08:00:00,8.333333333333334,0.72,3.33,0.8475712842869445,272.32165226674806
2025-01-23,forward,2025-01-31 09:00:00,8.375,0.8049999999999999,3.85,1.2221757304129097,273.543827997161
2025-01-23,forward,2025-01-31 10:00:00,8.416666666666666,0.8049999999999999,4.26,1.3558943128474974,274.8997223100085
2025-01-23,forward,2025-01-31 11:00:00,8.458333333333334,0.79,4.01,1.2261147985335787,276.12583710854204
2025-01-23,forward,2025-01-31 12:00:00,8.5,0.745,4.555,1.2379680623683549,277.3638051709104
2025-01-23,forward,2025-01-31 13:00:00,8.541666666666666,0.75,4.26,1.1777730277937482,278.54157819870414
2025-01-23,forward,2025-01-31 14:00:00,8.583333333333334,0.7749999999999999,4.17,1.2349611438839134,279.7765393425881
2025-01-23,forward,2025-01-31 15:00:00,8.625,0.94,4.449999999999999,1.9288727119920057,281.7054120545801
2025-01-23,forward,2025-01-31 16:00:00,8.666666666666666,0.9199999999999999,4.654999999999999,1.9404254802203662,283.6458375348005
2025-01-23,forward,2025-01-31 17:00:00,8.708333333333334,0.81,4.449999999999999,1.4334057440327812,285.07924327883325
2025-01-23,forward,2025-01-31 18:00:00,8.75,0.665,4.26,0.9240784468904609,286.0033217257237
2025-01-23,forward,2025-01-31 19:00:00,8.791666666666666,0.59,4.26,0.7275212044524182,286.73084293017615
2025-01-23,forward,2025-01-31 20:00:00,8.833333333333334,0.495,4.17,0.5013289626584163,287.2321718928346
2025-01-23,forward,2025-01-31 21:00:00,8.875,0.41500000000000004,3.85,0.32572865176559085,287.55790054460016
2025-01-23,forward,2025-01-31 22:00:00,8.916666666666666,0.375,3.7,0.25531333233735704,287.81321387693754
2025-01-23,forward,2025-01-31 23:00:00,8.958333333333334,0.36,5.0600000000000005,0.32172703149828047,288.1349409084358
2025-01-23,forward,2025-02-01 00:00:00,9.0,0.32,7.18,0.3626621374706759,288.4976030459065
2025-01-23,forward,2025-02-01 01:00:00,9.041666666666666,0.33,6.904999999999999,0.36849052572245633,288.86609357162894
2025-01-23,forward,2025-02-01 02:00:00,9.083333333333334,0.46,4.635,0.4222412173777649,289.2883347890067
2025-01-23,forward,2025-02-01 03:00:00,9.125,0.7250000000000001,3.1799999999999997,0.8248000951865857,290.11313488419324
2025-01-23,forward,2025-02-01 04:00:00,9.166666666666666,0.905,3.6500000000000004,1.4697019337497297,291.58283681794296
2025-01-23,forward,2025-02-01 05:00:00,9.208333333333334,0.84,3.7750000000000004,1.3062997820570843,292.88913660000003
2025-01-23,forward,2025-02-01 06:00:00,9.25,0.86,3.7,1.3432766863110146,294.23241328631104
2025-01-23,forward,2025-02-01 07:00:00,9.291666666666666,0.9,4.0,1.5903454004184754,295.8227586867295
2025-01-23,forward,2025-02-01 08:00:00,9.333333333333334,0.88,4.26,1.6226909927955697,297.4454496795251
2025-01-23,forward,2025-02-01 09:00:00,9.375,1.0350000000000001,4.175,2.2063098800376153,299.6517595595627
2025-01-23,forward,2025-02-01 10:00:00,9.416666666666666,1.29,4.76,3.897582555805945,303.5493421153687
2025-01-23,forward,2025-02-01 11:00:00,9.458333333333334,1.625,5.41,7.089336991614773,310.6386791069835
2025-01-23,forward,2025-02-01 12:00:00,9.5,2.035,6.275,12.981261789113164,323.61994089609664
2025-01-23,forward,2025-02-01 13:00:00,9.541666666666666,2.31,6.695,17.61365814845979,341.2335990445564
2025-01-23,forward,2025-02-01 14:00:00,9.583333333333334,2.3200000000000003,7.18,19.149783838774418,360.3833828833308
2025-01-23,forward,2025-02-01 15:00:00,9.625,2.6399999999999997,7.415,25.36175338298023,385.745136266311
2025-01-23,forward,2025-02-01 16:00:00,9.666666666666666,2.575,8.01,26.168951304101874,411.9140875704129
2025-01-23,forward,2025-02-01 17:00:00,9.708333333333334,2.4050000000000002,7.734999999999999,21.98686686721786,433.9009544376308
2025-01-23,forward,2025-02-01 18:00:00,9.75,2.435,7.69,22.371859385131973,456.27281382276277
2025-01-23,forward,2025-02-01 19:00:00,9.791666666666666,2.3049999999999997,8.33,21.72531549139385,477.99812931415664
2025-01-23,forward,2025-02-01 20:00:00,9.833333333333334,2.4,8.33,23.55433608905063,501.5524654032073
2025-01-23,forward,2025-02-01 21:00:00,9.875,2.29,8.33,21.43781331499981,522.9902787182072
2025-01-23,forward,2025-02-01 22:00:00,9.916666666666666,2.2800000000000002,7.69,19.612656477585197,542.6029351957924
2025-01-23,forward,2025-02-01 23:00:00,9.958333333333334,2.085,8.71,18.572651977092903,561.1755871728853
2025-01-23,forward,2025-02-02 00:00:00,10.0,2.08,8.33,17.684551071925323,578.8601382448106
2025-01-23,forward,2025-02-02 01:00:00,10.041666666666666,2.03,8.33,16.8410478848929,595.7011861297035
2025-01-23,forward,2025-02-02 02:00:00,10.083333333333334,1.97,7.69,14.660163612696074,610.3613497423996
2025-01-23,forward,2025-02-02 03:00:00,10.125,2.045,7.69,15.782368992951477,626.1437187353511
2025-01-23,forward,2025-02-02 04:00:00,10.166666666666666,1.8900000000000001,7.18,12.696534475004647,638.8402532103557
2025-01-23,forward,2025-02-02 05:00:00,10.208333333333334,1.74,7.415,11.024759425995764,649.8650126363515
2025-01-23,forward,2025-02-02 06:00:00,10.25,1.65,7.415,9.908826186279494,659.773838822631
2025-01-23,forward,2025-02-02 07:00:00,10.291666666666666,1.49,7.415,8.067479136196287,667.8413179588273
2025-01-23,forward,2025-02-02 08:00:00,10.333333333333334,1.4649999999999999,7.69,8.097271129175189,675.9385890880025
2025-01-23,forward,2025-02-02 09:00:00,10.375,1.51,7.14,8.004172684256968,683.9427617722595
2025-01-23,forward,2025-02-02 10:00:00,10.416666666666666,1.42,6.67,6.610118373025138,690.5528801452846
2025-01-23,forward,2025-02-02 11:00:00,10.458333333333334,1.27,7.18,5.652846813496222,696.2057269587808
2025-01-23,forward,2025-02-02 12:00:00,10.5,1.22,7.14,5.215147611519376,701.4208745703002
2025-01-23,forward,2025-02-02 13:00:00,10.541666666666666,1.18,6.904999999999999,4.714551122233004,706.1354256925332
2025-01-23,forward,2025-02-02 14:00:00,10.583333333333334,1.145,7.5,4.810806856090144,710.9462325486234
2025-01-23,forward,2025-02-02 15:00:00,10.625,1.1749999999999998,6.67,4.521877264239993,715.4681098128633
2025-01-23,forward,2025-02-02 16:00:00,10.666666666666666,1.025,6.970000000000001,3.563147135832918,719.0312569486962
2025-01-23,forward,2025-02-02 17:00:00,10.708333333333334,0.95,7.69,3.40641868493059,722.4376756336268
2025-01-23,forward,2025-02-02 18:00:00,10.75,0.95,6.785,3.022405169437051,725.4600808030639
2025-01-23,forward,2025-02-02 19:00:00,10.791666666666666,0.9,7.734999999999999,3.0794463493082427,728.5395271523721
2025-01-23,forward,2025-02-02 20:00:00,10.833333333333334,0.88,7.69,2.9216199242554532,731.4611470766275
2025-01-23,forward,2025-02-02 21:00:00,10.875,0.83,7.415,2.506105638318285,733.9672527149459
2025-01-23,forward,2025-02-02 22:00:00,10.916666666666666,0.86,7.415,2.6885871759467563,736.6558398908926
2025-01-23,forward,2025-02-02 23:00:00,10.958333333333334,0.835,8.57,2.937435559951804,739.5932754508444
2025-01-23,forward,2025-02-03 00:00:00,11.0,0.845,9.57,3.3688900952735343,742.962165546118
2025-01-23,forward,2025-02-03 01:00:00,11.041666666666666,0.975,5.57,2.5487485405452635,745.5109140866632
2025-01-23,forward,2025-02-03 02:00:00,11.083333333333334,1.07,3.85,2.163276456173565,747.6741905428368
2025-01-23,forward,2025-02-03 03:00:00,11.125,1.105,4.085,2.4461512455313468,750.1203417883681
2025-01-23,forward,2025-02-03 04:00:00,11.166666666666666,1.105,4.17,2.5041898255133015,752.6245316138815
2025-01-23,forward,2025-02-03 05:00:00,11.208333333333334,1.0750000000000002,4.359999999999999,2.478273121995747,755.1028047358772
2025-01-23,forward,2025-02-03 06:00:00,11.25,1.06,4.175,2.297439772105647,757.4002445079828
2025-01-23,forward,2025-02-03 07:00:00,11.291666666666666,1.115,4.55,2.777927340713231,760.178171848696
2025-01-23,forward,2025-02-03 08:00:00,11.333333333333334,1.01,4.26,2.1319861553056936,762.3101580040017
2025-01-23,forward,2025-02-03 09:00:00,11.375,1.0350000000000001,4.779999999999999,2.533390394078272,764.84354839808
2025-01-23,forward,2025-02-03 10:00:00,11.416666666666666,0.945,6.51,2.8493371166217982,767.6928855147017
2025-01-23,forward,2025-02-03 11:00:00,11.458333333333334,0.825,6.67,2.2279698486505763,769.9208553633523
2025-01-23,forward,2025-02-03 12:00:00,11.5,0.775,6.25,1.842375358313489,771.7632307216658
2025-01-23,forward,2025-02-03 13:00:00,11.541666666666666,0.72,6.275,1.5990170903632852,773.3622478120291
2025-01-23,forward,2025-02-03 14:00:00,11.583333333333334,0.7050000000000001,6.46,1.5740237055906674,774.9362715176197
2025-01-23,forward,2025-02-03 15:00:00,11.625,0.69,6.25,1.4601633446432278,776.3964348622629
2025-01-23,forward,2025-02-03 16:00:00,11.666666666666666,0.635,5.88,1.1632785915554822,777.5597134538184
2025-01-23,forward,2025-02-03 17:00:00,11.708333333333334,0.565,5.56,0.8724753789365134,778.432188832755
2025-01-23,forward,2025-02-03 18:00:00,11.75,0.5549999999999999,5.72,0.8740021419196399,779.3061909746746
2025-01-23,forward,2025-02-03 19:00:00,11.791666666666666,0.51,5.57,0.7107675318589798,780.0169585065336
2025-01-23,forward,2025-02-03 20:00:00,11.833333333333334,0.595,4.24,0.713794074546289,780.7307525810799
2025-01-23,forward,2025-02-03 21:00:00,11.875,0.64,3.085,0.6223629509642343,781.3531155320441
2025-01-23,forward,2025-02-03 22:00:00,11.916666666666666,0.62,3.39,0.6398466439043605,781.9929621759484
2025-01-23,forward,2025-02-03 23:00:00,11.958333333333334,0.64,6.0649999999999995,1.2222866071591139,783.2152487831075
2025-01-23,forward,2025-02-04 00:00:00,12.0,0.6950000000000001,4.24,1.0220157296308479,784.2372645127384
2025-01-23,forward,2025-02-04 01:00:00,12.041666666666666,0.75,3.51,0.9696274482596468,785.2068919609981
2025-01-23,forward,2025-02-04 02:00:00,12.083333333333334,0.925,3.87,1.6452443532440946,786.8521363142421
2025-01-23,forward,2025-02-04 03:00:00,12.125,1.095,3.7750000000000004,2.2306696483601343,789.0828059626023
2025-01-23,forward,2025-02-04 04:00:00,12.166666666666666,1.19,3.85,2.6749603747777893,791.7577663373801
2025-01-23,forward,2025-02-04 05:00:00,12.208333333333334,1.09,3.71,2.162514055892145,793.9202803932723
2025-01-23,forward,2025-02-04 06:00:00,12.25,1.065,3.57,1.986593625190036,795.9068740184623
2025-01-23,forward,2025-02-04 07:00:00,12.291666666666666,0.7949999999999999,3.725,1.149075574729805,797.055949593192
2025-01-23,forward,2025-02-04 08:00:00,12.333333333333334,0.635,7.415,1.4651150216318827,798.5210646148239
2025-01-23,forward,2025-02-04 09:00:00,12.375,0.61,5.0200000000000005,0.900687132979475,799.4217517478033
2025-01-23,forward,2025-02-04 10:00:00,12.416666666666666,0.555,2.67,0.40332888246885207,799.8250806302722
2025-01-23,forward,2025-02-04 11:00:00,12.458333333333334,0.5,4.9399999999999995,0.5953463108759307,800.4204269411481
2025-01-23,forward,2025-02-04 12:00:00,12.5,0.575,6.835,0.9954764482773075,801.4159033894254
2025-01-23,forward,2025-02-04 13:00:00,12.541666666666666,0.86,3.7,1.3425505908049007,802.7584539802302
2025-01-23,forward,2025-02-04 14:00:00,12.583333333333334,0.815,3.39,1.108423302581244,803.8668772828115
2025-01-23,forward,2025-02-04 15:00:00,12.625,0.77,3.34,0.970871132116403,804.8377484149279
2025-01-23,forward,2025-02-04 16:00:00,12.666666666666666,0.8300000000000001,3.2800000000000002,1.1087939547129126,805.9465423696408
2025-01-23,forward,2025-02-04 17:00:00,12.708333333333334,0.94,3.635,1.585784735671964,807.5323271053128
2025-01-23,forward,2025-02-04 18:00:00,12.75,1.105,4.01,2.421742662004193,809.954069767317
2025-01-23,forward,2025-02-04 19:00:00,12.791666666666666,1.3050000000000002,4.26,3.563471425785311,813.5175411931024
2025-01-23,forward,2025-02-04 20:00:00,12.833333333333334,1.46,4.88,5.1030737889405255,818.6206149820429
2025-01-23,forward,2025-02-04 21:00:00,12.875,1.3599999999999999,4.449999999999999,4.036237361169428,822.6568523432123
2025-01-23,forward,2025-02-04 22:00:00,12.916666666666666,1.48,4.449999999999999,4.791366875426618,827.448219218639
2025-01-23,forward,2025-02-04 23:00:00,12.958333333333334,1.5350000000000001,4.654999999999999,5.396674431678321,832.8448936503173
2025-01-23,forward,2025-02-05 00:00:00,13.0,1.375,4.585,4.261722395752578,837.1066160460699
2025-01-23,forward,2025-02-05 01:00:00,13.041666666666666,1.435,4.359999999999999,4.401229136823066,841.507845182893
2025-01-23,forward,2025-02-05 02:00:00,13.083333333333334,1.355,4.26,3.83951625663744,845.3473614395305
2025-01-23,forward,2025-02-05 03:00:00,13.125,1.41,4.449999999999999,4.344045436178545,849.691406875709
2025-01-23,forward,2025-02-05 04:00:00,13.166666666666666,1.2650000000000001,4.35,3.4215472282240262,853.112954103933
2025-01-23,forward,2025-02-05 05:00:00,13.208333333333334,1.06,3.85,2.123044387268914,855.2359984912019
2025-01-23,forward,2025-02-05 06:00:00,13.25,0.96,3.85,1.7386749377958575,856.9746734289978
2025-01-23,forward,2025-02-05 07:00:00,13.291666666666666,0.88,3.51,1.3352498967329525,858.3099233257308
2025-01-23,forward,2025-02-05 08:00:00,13.333333333333334,0.98,3.6500000000000004,1.7420331295116351,860.0519564552424
2025-01-23,forward,2025-02-05 09:00:00,13.375,1.02,3.85,1.9698603127070728,862.0218167679494
2025-01-23,forward,2025-02-05 10:00:00,13.416666666666666,0.875,3.45,1.2959296173540533,863.3177463853035
2025-01-23,forward,2025-02-05 11:00:00,13.458333333333334,0.865,3.6500000000000004,1.3390488971056511,864.6567952824091
2025-01-23,forward,2025-02-05 12:00:00,13.5,0.91,3.85,1.56413973051369,866.2209350129228
2025-01-23,forward,2025-02-05 13:00:00,13.541666666666666,0.94,3.925,1.7009829766499265,867.9219179895728
2025-01-23,forward,2025-02-05 14:00:00,13.583333333333334,0.915,3.925,1.6136246110705783,869.5355426006433
2025-01-23,forward,2025-02-05 15:00:00,13.625,0.94,3.85,1.6706697157823434,871.2062123164256
2025-01-23,forward,2025-02-05 16:00:00,13.666666666666666,0.91,4.0,1.6252764815234222,872.8314887979491
2025-01-23,forward,2025-02-05 17:00:00,13.708333333333334,0.9199999999999999,3.85,1.600405257413657,874.4318940553627
2025-01-23,forward,2025-02-05 18:00:00,13.75,0.895,3.85,1.5168245508863887,875.9487186062491
2025-01-23,forward,2025-02-05 19:00:00,13.791666666666666,0.87,3.925,1.4595562208670005,877.4082748271162
2025-01-23,forward,2025-02-05 20:00:00,13.833333333333334,0.835,3.7750000000000004,1.292622939170804,878.700897766287
2025-01-23,forward,2025-02-05 21:00:00,13.875,0.73,3.575,0.938924892267671,879.6398226585546
2025-01-23,forward,2025-02-05 22:00:00,13.916666666666666,0.65,3.45,0.715118217634804,880.3549408761894
2025-01-23,forward,2025-02-05 23:00:00,13.958333333333334,0.585,3.13,0.525043340009116,880.8799842161985
2025-01-23,forward,2025-02-06 00:00:00,14.0,0.58,2.995,0.4952086643889751,881.3751928805875
2025-01-23,forward,2025-02-06 01:00:00,14.041666666666666,0.545,2.8,0.40789543447622345,881.7830883150638
2025-01-23,forward,2025-02-06 02:00:00,14.083333333333334,0.5349999999999999,4.0,0.5872478929574004,882.3703362080212
2025-01-23,forward,2025-02-06 03:00:00,14.125,0.505,3.75,0.4667307570946172,882.8370669651158
2025-01-23,forward,2025-02-06 04:00:00,14.166666666666666,0.47,3.575,0.38311840654022444,883.220185371656
2025-01-23,forward,2025-02-06 05:00:00,14.208333333333334,0.41000000000000003,4.55,0.37546496742172486,883.5956503390778
2025-01-23,forward,2025-02-06 06:00:00,14.25,0.37,4.175,0.2804090082674243,883.8760593473452
2025-01-23,forward,2025-02-06 07:00:00,14.291666666666666,0.34,4.465,0.2532277701775659,884.1292871175227
2025-01-23,forward,2025-02-06 08:00:00,14.333333333333334,0.325,4.2,0.2171381251958027,884.3464252427185
2025-01-23,forward,2025-02-06 09:00:00,14.375,0.28500000000000003,4.865,0.1901467512686917,884.5365719939872
2025-01-23,forward,2025-02-06 10:00:00,14.416666666666666,0.36,3.955,0.22443710214999996,884.7610090961372
2025-01-23,forward,2025-02-06 11:00:00,14.458333333333334,0.55,2.84,0.4231154756155319,885.1841245717527
2025-01-23,forward,2025-02-06 12:00:00,14.5,0.75,3.39,0.9418881469007312,886.1260127186534
2025-01-23,forward,2025-02-06 13:00:00,14.541666666666666,0.88,3.96,1.5045012873929249,887.6305140060464
2025-01-23,forward,2025-02-06 14:00:00,14.583333333333334,1.185,4.449999999999999,3.0964428714121723,890.7269568774585
2025-01-23,forward,2025-02-06 15:00:00,14.625,1.315,4.654999999999999,3.956685748793486,894.683642626252
2025-01-23,forward,2025-02-06 16:00:00,14.666666666666666,1.315,5.0,4.249253177250283,898.9328958035022
2025-01-23,forward,2025-02-06 17:00:00,14.708333333333334,1.295,5.0,4.115317992676541,903.0482137961787
2025-01-23,forward,2025-02-06 18:00:00,14.75,1.105,4.775,2.8572888436238912,905.9055026398026
2025-01-23,forward,2025-02-06 19:00:00,14.791666666666666,1.1,4.88,2.9004728832449533,908.8059755230476
2025-01-23,forward,2025-02-06 20:00:00,14.833333333333334,1.005,4.654999999999999,2.319264584022699,911.1252401070702
2025-01-23,forward,2025-02-06 21:00:00,14.875,0.9199999999999999,4.449999999999999,1.850532894143159,912.9757730012134
2025-01-23,forward,2025-02-06 22:00:00,14.916666666666666,0.885,5.51,2.122344539134135,915.0981175403475
2025-01-23,forward,2025-02-06 23:00:00,14.958333333333334,0.84,6.25,2.163568366191225,917.2616859065388
2025-01-23,forward,2025-02-07 00:00:00,15.0,0.795,7.18,2.2211612314655427,919.4828471380043
2025-01-23,forward,2025-02-07 01:00:00,15.041666666666666,0.835,8.33,2.8502969854445763,922.333144123449
2025-01-23,forward,2025-02-07 02:00:00,15.083333333333334,0.915,8.33,3.4265273603068396,925.7596714837558
2025-01-23,forward,2025-02-07 03:00:00,15.125,0.935,8.33,3.5752847053067436,929.3349561890626
2025-01-23,forward,2025-02-07 04:00:00,15.166666666666666,0.9450000000000001,8.33,3.650480725856145,932.9854369149188
2025-01-23,forward,2025-02-07 05:00:00,15.208333333333334,0.8999999999999999,7.415,2.9451728925375633,935.9306098074563
2025-01-23,forward,2025-02-07 06:00:00,15.25,0.97,7.69,3.549783298982381,939.4803931064387
2025-01-23,forward,2025-02-07 07:00:00,15.291666666666666,0.94,7.69,3.333981827304422,942.8143749337431
2025-01-23,forward,2025-02-07 08:00:00,15.333333333333334,0.865,7.69,2.8252260850706303,945.6396010188138
2025-01-23,forward,2025-02-07 09:00:00,15.375,0.8,7.69,2.420598325674456,948.0601993444882
2025-01-23,forward,2025-02-07 10:00:00,15.416666666666666,0.705,7.69,1.876001429927717,949.9362007744159
2025-01-23,forward,2025-02-07 11:00:00,15.458333333333334,0.565,7.415,1.1643937368834534,951.1005945112993
2025-01-23,forward,2025-02-07 12:00:00,15.5,0.58,7.69,1.269531384958626,952.370125896258
2025-01-23,forward,2025-02-07 13:00:00,15.541666666666666,0.79,3.135,0.9818310041156157,953.3519569003736
2025-01-23,forward,2025-02-07 14:00:00,15.583333333333334,0.8200000000000001,3.635,1.1998254804640687,954.5517823808376
2025-01-23,forward,2025-02-07 15:00:00,15.625,1.13,3.935,2.504182711739762,957.0559650925774
2025-01-23,forward,2025-02-07 16:00:00,15.666666666666666,1.33,4.449999999999999,3.863411912562131,960.9193770051395
2025-01-23,forward,2025-02-07 17:00:00,15.708333333333334,1.26,4.26,3.3171447518487938,964.2365217569883
2025-01-23,forward,2025-02-07 18:00:00,15.75,1.3050000000000002,7.58,6.3125995128822225,970.5491212698705
2025-01-23,forward,2025-02-07 19:00:00,15.791666666666666,1.28,4.35,3.496775383405624,974.0458966532761
2025-01-23,forward,2025-02-07 20:00:00,15.833333333333334,1.17,4.359999999999999,2.9228268127318318,976.968723466008
2025-01-23,forward,2025-02-07 21:00:00,15.875,1.22,4.275,3.1185936903993676,980.0873171564074
2025-01-23,forward,2025-02-07 22:00:00,15.916666666666666,1.185,4.449999999999999,3.0641512455929645,983.1514684020003
2025-01-23,forward,2025-02-07 23:00:00,15.958333333333334,1.135,4.449999999999999,2.828906113713442,985.9803745157137
2025-01-23,forward,2025-02-08 00:00:00,16.0,1.03,3.71,1.9288898831695152,987.9092643988832
2025-01-23,forward,2025-02-08 01:00:00,16.041666666666668,0.985,3.7750000000000004,1.7983938401483806,989.7076582390316
2025-01-23,forward,2025-02-08 02:00:00,16.083333333333332,1.0150000000000001,4.01,2.0260412165850408,991.7336994556166
2025-01-23,forward,2025-02-08 03:00:00,16.125,0.9450000000000001,3.7,1.62327726585625,993.3569767214728
2025-01-23,forward,2025-02-08 04:00:00,16.166666666666668,0.8300000000000001,7.130000000000001,2.351240996083341,995.7082177175562
2025-01-23,forward,2025-02-08 05:00:00,16.208333333333332,0.745,10.81,2.94685689444617,998.6550746120023
2025-01-23,forward,2025-02-08 06:00:00,16.25,0.73,10.405000000000001,2.728162815265475,1001.3832374272678
2025-01-23,forward,2025-02-08 07:00:00,16.291666666666668,0.75,3.45,0.9527575022642156,1002.335994929532
2025-01-23,forward,2025-02-08 08:00:00,16.333333333333332,0.74,3.39,0.9107415933188678,1003.2467365228509
2025-01-23,forward,2025-02-08 09:00:00,16.375,0.72,3.51,0.8926971387817901,1004.1394336616328
2025-01-23,forward,2025-02-08 10:00:00,16.416666666666668,0.73,3.57,0.9340536745107746,1005.0734873361436
2025-01-23,forward,2025-02-08 11:00:00,16.458333333333332,0.715,3.39,0.8504965170269481,1005.9239838531705
2025-01-23,forward,2025-02-08 12:00:00,16.5,0.745,3.57,0.9721479318154986,1006.896131784986
2025-01-23,forward,2025-02-08 13:00:00,16.541666666666668,0.79,3.45,1.0551605176697398,1007.9512923026557
2025-01-23,forward,2025-02-08 14:00:00,16.583333333333332,0.6799999999999999,3.45,0.7887457737699848,1008.7400380764257
2025-01-23,forward,2025-02-08 15:00:00,16.625,0.52,6.5649999999999995,0.8212299620798345,1009.5612680385055
2025-01-23,forward,2025-02-08 16:00:00,16.666666666666668,0.405,10.0,0.8048376201217019,1010.3661056586272
2025-01-23,forward,2025-02-08 17:00:00,16.708333333333332,0.38,10.0,0.7128491691781973,1011.0789548278054
2025-01-23,forward,2025-02-08 18:00:00,16.75,0.295,9.545,0.40698143722764873,1011.485936265033
2025-01-23,forward,2025-02-08 19:00:00,16.791666666666668,0.315,10.0,0.48692553366095037,1011.972861798694
2025-01-23,forward,2025-02-08 20:00:00,16.833333333333332,0.31,10.405000000000001,0.49056606859549057,1012.4634278672895
2025-01-23,forward,2025-02-08 21:00:00,16.875,0.33,10.405000000000001,0.5551059016850608,1013.0185337689745
2025-01-23,forward,2025-02-08 22:00:00,16.916666666666668,0.32999999999999996,9.545,0.5097543688572339,1013.5282881378317
2025-01-23,forward,2025-02-08 23:00:00,16.958333333333332,0.32,9.545,0.4785371681450462,1014.0068253059768
2025-01-23,forward,2025-02-09 00:00:00,17.0,0.375,10.0,0.717509917359335,1014.7243352233361
2025-01-23,forward,2025-02-09 01:00:00,17.041666666666668,0.53,6.665,0.8851312726685889,1015.6094664960046
2025-01-23,forward,2025-02-09 02:00:00,17.083333333333332,0.52,3.33,0.4417565059197954,1016.0512230019244
2025-01-23,forward,2025-02-09 03:00:00,17.125,0.5,3.39,0.41578779826464024,1016.4670108001891
2025-01-23,forward,2025-02-09 04:00:00,17.166666666666668,0.475,9.165,1.0126657781744144,1017.4796765783635
2025-01-23,forward,2025-02-09 05:00:00,17.208333333333332,0.49,6.515,0.7351969661016803,1018.2148735444651
2025-01-23,forward,2025-02-09 06:00:00,17.25,0.515,3.035,0.3945313523231511,1018.6094048967883
2025-01-23,forward,2025-02-09 07:00:00,17.291666666666668,0.53,3.23,0.44476783984988194,1019.0541727366382
2025-01-23,forward,2025-02-09 08:00:00,17.333333333333332,0.47,3.08,0.33485954805751106,1019.3890322846956
2025-01-23,forward,2025-02-09 09:00:00,17.375,0.4,10.0,0.7849681147179051,1020.1740003994136
2025-01-23,forward,2025-02-09 10:00:00,17.416666666666668,0.43000000000000005,9.25,0.8629242794006836,1021.0369246788142
2025-01-23,forward,2025-02-09 11:00:00,17.458333333333332,0.55,2.67,0.39856167298715584,1021.4354863518014
2025-01-23,forward,2025-02-09 12:00:00,17.5,0.9299999999999999,3.51,1.5162375419181013,1022.9517238937195
2025-01-23,forward,2025-02-09 13:00:00,17.541666666666668,1.53,4.465,5.177311412482364,1028.1290353062018
2025-01-23,forward,2025-02-09 14:00:00,17.583333333333332,1.6949999999999998,5.41,7.6196550720522565,1035.748690378254
2025-01-23,forward,2025-02-09 15:00:00,17.625,1.96,6.275,11.977327800004842,1047.7260181782588
2025-01-23,forward,2025-02-09 16:00:00,17.666666666666668,2.09,6.46,13.831702377161935,1061.5577205554207
2025-01-23,forward,2025-02-09 17:00:00,17.708333333333332,2.0,6.51,12.7753560670339,1074.3330766224547
2025-01-23,forward,2025-02-09 18:00:00,17.75,1.94,7.415,13.67276595813443,1088.0058425805892
2025-01-23,forward,2025-02-09 19:00:00,17.791666666666668,1.815,7.415,11.992017006456575,1099.9978595870457
2025-01-23,forward,2025-02-09 20:00:00,17.833333333333332,1.81,7.69,12.373498018570004,1112.3713576056157
2025-01-23,forward,2025-02-09 21:00:00,17.875,1.645,7.14,9.48958600012531,1121.8609436057409
2025-01-23,forward,2025-02-09 22:00:00,17.916666666666668,1.5550000000000002,7.14,8.477242058877932,1130.3381856646188
2025-01-23,forward,2025-02-09 23:00:00,17.958333333333332,1.4,7.415,7.134301191738492,1137.4724868563574
2025-01-23,forward,2025-02-10 00:00:00,18.0,1.375,6.904999999999999,6.398925154785643,1143.871412011143
2025-01-23,forward,2025-02-10 01:00:00,18.041666666666668,1.27,6.904999999999999,5.463905233586157,1149.3353172447291
2025-01-23,forward,2025-02-10 02:00:00,18.083333333333332,1.29,6.67,5.46643700105866,1154.8017542457878
2025-01-23,forward,2025-02-10 03:00:00,18.125,1.185,7.69,5.309206661167984,1160.1109609069558
2025-01-23,forward,2025-02-10 04:00:00,18.166666666666668,1.175,7.14,4.874838912930507,1164.9857998198863
2025-01-23,forward,2025-02-10 05:00:00,18.208333333333332,1.105,6.67,4.0055026705452565,1168.9913024904315
2025-01-23,forward,2025-02-10 06:00:00,18.25,1.045,6.904999999999999,3.703751115146261,1172.6950536055779
2025-01-23,forward,2025-02-10 07:00:00,18.291666666666668,1.045,6.904999999999999,3.6980247727493936,1176.3930783783273
2025-01-23,forward,2025-02-10 08:00:00,18.333333333333332,1.06,6.904999999999999,3.8019822703245953,1180.1950606486519
2025-01-23,forward,2025-02-10 09:00:00,18.375,0.99,6.67,3.2075435788313067,1183.4026042274832
2025-01-23,forward,2025-02-10 10:00:00,18.416666666666668,1.0550000000000002,6.46,3.5251507542399976,1186.9277549817232
2025-01-23,forward,2025-02-10 11:00:00,18.458333333333332,1.0550000000000002,6.67,3.6520904010963884,1190.5798453828195
2025-01-23,forward,2025-02-10 12:00:00,18.5,1.02,6.904999999999999,3.5271789156063997,1194.1070242984258
2025-01-23,forward,2025-02-10 13:00:00,18.541666666666668,1.055,7.69,4.220390144974642,1198.3274144434004
2025-01-23,forward,2025-02-10 14:00:00,18.583333333333332,1.0550000000000002,6.015000000000001,3.249242556900337,1201.5766570003007
2025-01-23,forward,2025-02-10 15:00:00,18.625,0.915,7.734999999999999,3.1592253571349174,1204.7358823574357
2025-01-23,forward,2025-02-10 16:00:00,18.666666666666668,0.855,8.71,3.125495031942953,1207.8613773893787
2025-01-23,forward,2025-02-10 17:00:00,18.708333333333332,0.805,8.71,2.767727170667545,1210.6291045600462
2025-01-23,forward,2025-02-10 18:00:00,18.75,0.92,8.71,3.6168112356930715,1214.2459157957394
2025-01-23,forward,2025-02-10 19:00:00,18.791666666666668,1.065,6.015000000000001,3.244200117973418,1217.4901159137128
2025-01-23,forward,2025-02-10 20:00:00,18.833333333333332,1.065,5.95,3.4015398627950826,1220.8916557765078
2025-01-23,forward,2025-02-10 21:00:00,18.875,0.985,8.33,3.973333205388902,1224.8649889818967
2025-01-23,forward,2025-02-10 22:00:00,18.916666666666668,0.95,8.33,3.6899177692421086,1228.5549067511388
2025-01-23,forward,2025-02-10 23:00:00,18.958333333333332,0.94,8.71,3.772695600569542,1232.3276023517083
2025-01-23,forward,2025-02-11 00:00:00,19.0,0.975,5.95,2.786427073580411,1235.1140294252887
2025-01-23,forward,2025-02-11 01:00:00,19.041666666666668,1.0,8.33,4.086740247250092,1239.2007696725389
2025-01-23,forward,2025-02-11 02:00:00,19.083333333333332,0.935,3.51,1.5056191310487907,1240.7063888035877
2025-01-23,forward,2025-02-11 03:00:00,19.125,0.92,5.890000000000001,2.4458115015191955,1243.152200305107
2025-01-23,forward,2025-02-11 04:00:00,19.166666666666668,0.985,3.51,1.6732765458308143,1244.8254768509378
2025-01-23,forward,2025-02-11 05:00:00,19.208333333333332,0.92,4.0,1.6609925307430868,1246.4864693816808
2025-01-23,forward,2025-02-11 06:00:00,19.25,0.73,6.63,1.8508032175376652,1248.3372725992185
2025-01-23,forward,2025-02-11 07:00:00,19.291666666666668,0.63,9.545,1.8773564811357488,1250.2146290803544
2025-01-23,forward,2025-02-11 08:00:00,19.333333333333332,0.565,8.71,1.3720401257571013,1251.5866692061115
2025-01-23,forward,2025-02-11 09:00:00,19.375,0.51,8.71,1.109592659769638,1252.696261865881
2025-01-23,forward,2025-02-11 10:00:00,19.416666666666668,0.5549999999999999,8.33,1.2597376812148409,1253.9559995470959
2025-01-23,forward,2025-02-11 11:00:00,19.458333333333332,0.6,8.33,1.4716351630347582,1255.4276347101306
2025-01-23,forward,2025-02-11 12:00:00,19.5,0.565,8.33,1.304691823934592,1256.7323265340651
2025-01-23,forward,2025-02-11 13:00:00,19.541666666666668,0.595,5.635,0.9557443059407171,1257.6880708400058
2025-01-23,forward,2025-02-11 14:00:00,19.583333333333332,0.635,2.945,0.5828932823410029,1258.2709641223469
2025-01-23,forward,2025-02-11 15:00:00,19.625,0.655,3.08,0.6491060787250658,1258.920070201072
2025-01-23,forward,2025-02-11 16:00:00,19.666666666666668,0.635,3.1799999999999997,0.6298993807731338,1259.549969581845
2025-01-23,forward,2025-02-11 17:00:00,19.708333333333332,0.6599999999999999,3.1799999999999997,0.6839083759986915,1260.2338779578438
2025-01-23,forward,2025-02-11 18:00:00,19.75,0.5900000000000001,3.035,0.5213061558754513,1260.7551841137192
2025-01-23,forward,2025-02-11 19:00:00,19.791666666666668,0.575,2.9,0.4710569126168562,1261.226241026336
2025-01-23,forward,2025-02-11 20:00:00,19.833333333333332,0.5549999999999999,2.9,0.4385886689718369,1261.6648296953078
2025-01-23,forward,2025-02-11 21:00:00,19.875,0.565,2.985,0.4676523587218031,1262.1324820540297
2025-01-23,forward,2025-02-11 22:00:00,19.916666666666668,0.64,2.885,0.5837515959139399,1262.7162336499437
2025-01-23,forward,2025-02-11 23:00:00,19.958333333333332,0.625,2.86,0.5489748101040424,1263.2652084600477
2025-01-23,forward,2025-02-12 00:00:00,20.0,0.59,2.8,0.47866766909411806,1263.7438761291419
2025-01-23,forward,2025-02-12 01:00:00,20.041666666666668,0.615,2.73,0.506217596895358,1264.2500937260372
2025-01-23,forward,2025-02-12 02:00:00,20.083333333333332,0.645,2.985,0.6094293747615775,1264.8595231007987
2025-01-23,forward,2025-02-12 03:00:00,20.125,0.71,3.08,0.7630282559115393,1265.6225513567103
2025-01-23,forward,2025-02-12 04:00:00,20.166666666666668,0.675,3.13,0.6996933488780612,1266.3222447055884
2025-01-23,forward,2025-02-12 05:00:00,20.208333333333332,0.595,2.8,0.4867788427445125,1266.809023548333
2025-01-23,forward,2025-02-12 06:00:00,20.25,0.44,2.8,0.269181265899064,1267.078204814232
2025-01-23,forward,2025-02-12 07:00:00,20.291666666666668,0.35,2.35,0.14169410378265732,1267.2198989180147
2025-01-23,forward,2025-02-12 08:00:00,20.333333333333332,0.265,10.0,0.38463437621177343,1267.6045332942265
2025-01-23,forward,2025-02-12 09:00:00,20.375,0.22999999999999998,,,
2025-01-23,forward,2025-02-12 10:00:00,20.416666666666668,0.2,,,
2025-01-23,forward,2025-02-12 11:00:00,20.458333333333332,0.325,2.205,0.12183956183354716,1267.72637285606
2025-01-23,forward,2025-02-12 12:00:00,20.5,0.585,2.995,0.531196263515825,1268.2575691195757
2025-01-23,forward,2025-02-12 13:00:00,20.541666666666668,0.875,3.925,1.475705713314642,1269.7332748328904
2025-01-23,forward,2025-02-12 14:00:00,20.583333333333332,1.19,4.359999999999999,3.0605298442562203,1272.7938046771467
2025-01-23,forward,2025-02-12 15:00:00,20.625,1.405,5.41,5.290379936844083,1278.0841846139908
2025-01-23,forward,2025-02-12 16:00:00,20.666666666666668,1.65,5.41,7.220480142725478,1285.3046647567162
2025-01-23,forward,2025-02-12 17:00:00,20.708333333333332,1.615,6.0649999999999995,7.753702114582348,1293.0583668712986
2025-01-23,forward,2025-02-12 18:00:00,20.75,1.565,6.25,7.5107037054522365,1300.5690705767508
2025-01-23,forward,2025-02-12 19:00:00,20.791666666666668,1.59,6.0649999999999995,7.525595286496042,1308.094665863247
2025-01-23,forward,2025-02-12 20:00:00,20.833333333333332,1.525,6.25,7.132937800244243,1315.2276036634912
2025-01-23,forward,2025-02-12 21:00:00,20.875,1.4649999999999999,6.25,6.581620350922839,1321.809224014414
2025-01-23,forward,2025-02-12 22:00:00,20.916666666666668,1.375,6.0649999999999995,5.624418457314105,1327.433642471728
2025-01-23,forward,2025-02-12 23:00:00,20.958333333333332,1.4,6.0649999999999995,5.829774947015599,1333.2634174187435
2025-01-23,forward,2025-02-13 00:00:00,21.0,1.5150000000000001,5.88,6.642010646315983,1339.9054280650596
2025-02-19,backward,2025-02-19 00:00:00,-0.0,1.62,5.0,6.467401357667988,6.467401357667988
2025-02-19,backward,2025-02-18 23:00:00,-0.041666666666666664,1.625,4.88,6.3398253960336035,12.807226753701592
2025-02-19,backward,2025-02-18 22:00:00,-0.08333333333333333,1.66,5.0,6.7605378880079545,19.567764641709545
2025-02-19,backward,2025-02-18 21:00:00,-0.125,1.6400000000000001,4.904999999999999,6.5432069550189755,26.11097159672852
2025-02-19,backward,2025-02-18 20:00:00,-0.16666666666666666,1.595,5.0,6.258280945856421,32.36925254258494
2025-02-19,backward,2025-02-18 19:00:00,-0.20833333333333334,1.52,5.01,5.665281689643497,38.03453423222844
2025-02-19,backward,2025-02-18 18:00:00,-0.25,1.575,5.13,6.24435413968611,44.27888837191455
2025-02-19,backward,2025-02-18 17:00:00,-0.2916666666666667,1.69,5.13,7.186339916996108,51.46522828891065
2025-02-19,backward,2025-02-18 16:00:00,-0.3333333333333333,1.685,5.13,7.152719242037669,58.61794753094832
2025-02-19,backward,2025-02-18 15:00:00,-0.375,1.7149999999999999,5.13,7.406334590221878,66.0242821211702
2025-02-19,backward,2025-02-18 14:00:00,-0.4166666666666667,1.605,4.88,6.164169156162605,72.1884512773328
2025-02-19,backward,2025-02-18 13:00:00,-0.4583333333333333,1.6099999999999999,4.775,6.090321073047695,78.27877235038049
2025-02-19,backward,2025-02-18 12:00:00,-0.5,1.6099999999999999,5.13,6.519911799702043,84.79868415008254
2025-02-19,backward,2025-02-18 11:00:00,-0.5416666666666666,1.745,5.13,7.6676362480643885,92.46632039814692
2025-02-19,backward,2025-02-18 10:00:00,-0.5833333333333334,1.62,5.279999999999999,6.820179765364222,99.28650016351114
2025-02-19,backward,2025-02-18 09:00:00,-0.625,1.615,5.26,6.731320884173083,106.01782104768422
2025-02-19,backward,2025-02-18 08:00:00,-0.6666666666666666,1.75,5.26,7.904066681797136,113.92188772948136
2025-02-19,backward,2025-02-18 07:00:00,-0.7083333333333334,1.85,5.41,9.086896866669955,123.00878459615132
2025-02-19,backward,2025-02-18 06:00:00,-0.75,1.79,5.13,8.058985535892504,131.06777013204382
2025-02-19,backward,2025-02-18 05:00:00,-0.7916666666666666,1.75,5.13,7.720668203289659,138.78843833533347
2025-02-19,backward,2025-02-18 04:00:00,-0.8333333333333334,1.7850000000000001,5.26,8.223929904628033,147.0123682399615
2025-02-19,backward,2025-02-18 03:00:00,-0.875,2.0,5.56,10.933151684587898,157.9455199245494
2025-02-19,backward,2025-02-18 02:00:00,-0.9166666666666666,1.915,4.88,8.794891671625324,166.7404115961747
2025-02-19,backward,2025-02-18 01:00:00,-0.9583333333333334,1.72,5.41,7.846472590010139,174.58688418618485
2025-02-19,backward,2025-02-18 00:00:00,-1.0,1.71,5.0,7.172891450770704,181.75977563695554
2025-02-19,backward,2025-02-17 23:00:00,-1.0416666666666667,1.83,5.41,8.999603015657534,190.75937865261307
2025-02-19,backward,2025-02-17 22:00:00,-1.0833333333333333,2.01,5.56,11.02480456166236,201.78418321427543
2025-02-19,backward,2025-02-17 21:00:00,-1.125,2.3,5.88,15.26758077075608,217.0517639850315
2025-02-19,backward,2025-02-17 20:00:00,-1.1666666666666667,2.1399999999999997,5.56,12.514163814122378,229.56592779915388
2025-02-19,backward,2025-02-17 19:00:00,-1.2083333333333333,2.335,5.56,14.8729979049004,244.43892570405427
2025-02-19,backward,2025-02-17 18:00:00,-1.25,2.0300000000000002,5.56,11.247662896691637,255.6865886007459
2025-02-19,backward,2025-02-17 17:00:00,-1.2916666666666667,2.105,5.88,12.78423700004179,268.4708256007877
2025-02-19,backward,2025-02-17 16:00:00,-1.3333333333333333,2.21,5.72,13.788104266860362,282.2589298676481
2025-02-19,backward,2025-02-17 15:00:00,-1.375,1.9100000000000001,5.4399999999999995,9.773637996352633,292.0325678640007
2025-02-19,backward,2025-02-17 14:00:00,-1.4166666666666667,1.9449999999999998,5.26,9.76556999594855,301.7981378599493
2025-02-19,backward,2025-02-17 13:00:00,-1.4583333333333333,1.705,5.279999999999999,7.537951665831843,309.3360895257811
2025-02-19,backward,2025-02-17 12:00:00,-1.5,1.62,4.775,6.160860270256533,315.49694979603765
2025-02-19,backward,2025-02-17 11:00:00,-1.5416666666666667,1.65,4.76,6.376715953794916,321.8736657498326
2025-02-19,backward,2025-02-17 10:00:00,-1.5833333333333333,1.58,4.55,5.578177212188752,327.4518429620213
2025-02-19,backward,2025-02-17 09:00:00,-1.625,1.645,5.01,6.6878375754582855,334.1396805374796
2025-02-19,backward,2025-02-17 08:00:00,-1.6666666666666667,1.81,5.26,8.455279141633195,342.5949596791128
2025-02-19,backward,2025-02-17 07:00:00,-1.7083333333333333,2.0,5.41,10.6646852302783,353.25964490939106
2025-02-19,backward,2025-02-17 06:00:00,-1.75,2.3499999999999996,5.56,15.07744383158882,368.3370887409799
2025-02-19,backward,2025-02-17 05:00:00,-1.7916666666666667,1.92,8.33,15.098461843465465,383.43555058444537
2025-02-19,backward,2025-02-17 04:00:00,-1.8333333333333333,2.005,8.33,16.429717479007184,399.86526806345256
2025-02-19,backward,2025-02-17 03:00:00,-1.875,2.2199999999999998,8.33,20.14149930857208,420.0067673720246
2025-02-19,backward,2025-02-17 02:00:00,-1.9166666666666667,2.335,8.33,22.290102993563817,442.29687036558846
2025-02-19,backward,2025-02-17 01:00:00,-1.9583333333333333,2.415,8.33,23.835708155073803,466.13257852066226
2025-02-19,backward,2025-02-17 00:00:00,-2.0,2.15,8.33,18.89095679291355,485.0235353135758
2025-02-19,backward,2025-02-16 23:00:00,-2.0416666666666665,2.255,8.71,21.688997960356282,506.7125332739321
2025-02-19,backward,2025-02-16 22:00:00,-2.0833333333333335,2.635,9.09,31.23169441251834,537.9442276864504
2025-02-19,backward,2025-02-16 21:00:00,-2.125,2.7199999999999998,9.09,33.01575743321986,570.9599851196703
2025-02-19,backward,2025-02-16 20:00:00,-2.1666666666666665,3.02,8.33,37.279244535415344,608.2392296550856
2025-02-19,backward,2025-02-16 19:00:00,-2.2083333333333335,3.125,8.33,39.94645555778312,648.1856852128687
2025-02-19,backward,2025-02-16 18:00:00,-2.25,3.2800000000000002,8.33,43.973325060411,692.1590102732797
2025-02-19,backward,2025-02-16 17:00:00,-2.2916666666666665,2.93,7.69,32.402289152205526,724.5612994254852
2025-02-19,backward,2025-02-16 16:00:00,-2.3333333333333335,2.745,7.415,27.474704552109092,752.0360039775943
2025-02-19,backward,2025-02-16 15:00:00,-2.375,2.42,6.904999999999999,19.94167659877681,771.9776805763711
2025-02-19,backward,2025-02-16 14:00:00,-2.4166666666666665,2.105,6.0649999999999995,13.214619317979324,785.1922998943504
2025-02-19,backward,2025-02-16 13:00:00,-2.4583333333333335,1.805,5.88,9.459265134879116,794.6515650292296
2025-02-19,backward,2025-02-16 12:00:00,-2.5,1.52,5.16,5.861772945699396,800.513337974929
2025-02-19,backward,2025-02-16 11:00:00,-2.5416666666666665,1.31,4.76,4.022520043364732,804.5358580182937
2025-02-19,backward,2025-02-16 10:00:00,-2.5833333333333335,1.095,4.359999999999999,2.587066759065218,807.1229247773589
2025-02-19,backward,2025-02-16 09:00:00,-2.625,0.8400000000000001,3.725,1.3193155346092507,808.4422403119681
2025-02-19,backward,2025-02-16 08:00:00,-2.6666666666666665,0.675,3.575,0.7983775778401094,809.2406178898083
2025-02-19,backward,2025-02-16 07:00:00,-2.7083333333333335,0.565,3.39,0.5307947032646397,809.7714125930729
2025-02-19,backward,2025-02-16 06:00:00,-2.75,0.565,3.23,0.5062178421978939,810.2776304352708
2025-02-19,backward,2025-02-16 05:00:00,-2.7916666666666665,0.505,3.035,0.37953061165089186,810.6571610469217
2025-02-19,backward,2025-02-16 04:00:00,-2.8333333333333335,0.45499999999999996,2.8,0.2883761893292752,810.945537236251
2025-02-19,backward,2025-02-16 03:00:00,-2.875,0.37,2.475,0.16762380833461235,811.1131610445856
2025-02-19,backward,2025-02-16 02:00:00,-2.9166666666666665,0.30000000000000004,2.6050000000000004,0.11473878932831617,811.2278998339139
2025-02-19,backward,2025-02-16 01:00:00,-2.9583333333333335,0.29,2.67,0.11016389703472587,811.3380637309485
2025-02-19,backward,2025-02-16 00:00:00,-3.0,0.33,2.6,0.1390374773194089,811.477101208268
2025-02-19,backward,2025-02-15 23:00:00,-3.0416666666666665,0.335,2.3,0.12657978803629993,811.6036809963043
2025-02-19,backward,2025-02-15 22:00:00,-3.0833333333333335,0.245,9.09,0.3014689668776982,811.905149963182
2025-02-19,backward,2025-02-15 21:00:00,-3.125,0.23,,,
2025-02-19,backward,2025-02-15 20:00:00,-3.1666666666666665,0.235,,,
2025-02-19,backward,2025-02-15 19:00:00,-3.2083333333333335,0.255,6.72,0.21149616687126777,812.1166461300533
2025-02-19,backward,2025-02-15 18:00:00,-3.25,0.305,4.17,0.19077300864271507,812.307419138696
2025-02-19,backward,2025-02-15 17:00:00,-3.2916666666666665,0.345,2.35,0.1372553543964634,812.4446744930924
2025-02-19,backward,2025-02-15 16:00:00,-3.3333333333333335,0.38,3.8099999999999996,0.266558000580691,812.7112324936732
2025-02-19,backward,2025-02-15 15:00:00,-3.375,0.43,2.74,0.2485532850544208,812.9597857787276
2025-02-19,backward,2025-02-15 14:00:00,-3.4166666666666665,0.505,2.94,0.3681672169802068,813.3279529957077
2025-02-19,backward,2025-02-15 13:00:00,-3.4583333333333335,0.54,2.945,0.42100710031990685,813.7489600960276
2025-02-19,backward,2025-02-15 12:00:00,-3.5,0.595,3.03,0.5266044453472611,814.2755645413749
2025-02-19,backward,2025-02-15 11:00:00,-3.5416666666666665,0.6799999999999999,3.23,0.7341703749891508,815.0097349163641
2025-02-19,backward,2025-02-15 10:00:00,-3.5833333333333335,0.7050000000000001,3.45,0.8423161680614442,815.8520510844255
2025-02-19,backward,2025-02-15 09:00:00,-3.625,0.69,3.33,0.7784651444925388,816.630516228918
2025-02-19,backward,2025-02-15 08:00:00,-3.6666666666666665,0.74,3.51,0.944540357918334,817.5750565868364
2025-02-19,backward,2025-02-15 07:00:00,-3.7083333333333335,0.7,3.39,0.8176772454531283,818.3927338322895
2025-02-19,backward,2025-02-15 06:00:00,-3.75,0.69,3.23,0.7544539510734612,819.147187783363
2025-02-19,backward,2025-02-15 05:00:00,-3.7916666666666665,0.71,3.4,0.8422187829547118,819.9894065663177
2025-02-19,backward,2025-02-15 04:00:00,-3.8333333333333335,0.81,3.57,1.1507092896185616,821.1401158559363
2025-02-19,backward,2025-02-15 03:00:00,-3.875,0.835,3.7750000000000004,1.2910235666370662,822.4311394225733
2025-02-19,backward,2025-02-15 02:00:00,-3.9166666666666665,0.875,3.57,1.3410054301315855,823.7721448527049
2025-02-19,backward,2025-02-15 01:00:00,-3.9583333333333335,0.895,3.7750000000000004,1.4829544032489905,825.2550992559538
2025-02-19,backward,2025-02-15 00:00:00,-4.0,0.9650000000000001,4.0,1.831428732651212,827.0865279886051
2025-02-19,backward,2025-02-14 23:00:00,-4.041666666666667,1.085,4.085,2.3598047529123773,829.4463327415175
2025-02-19,backward,2025-02-14 22:00:00,-4.083333333333333,1.19,4.17,2.9175483927654264,832.3638811342829
2025-02-19,backward,2025-02-14 21:00:00,-4.125,1.33,4.654999999999999,4.037927740943967,836.4018088752268
2025-02-19,backward,2025-02-14 20:00:00,-4.166666666666667,1.4449999999999998,4.654999999999999,4.77656998116165,841.1783788563885
2025-02-19,backward,2025-02-14 19:00:00,-4.208333333333333,1.525,4.76,5.431044260581244,846.6094231169697
2025-02-19,backward,2025-02-14 18:00:00,-4.25,1.43,4.654999999999999,4.671776001939203,851.2811991189088
2025-02-19,backward,2025-02-14 17:00:00,-4.291666666666667,1.56,5.0,5.969927814965517,857.2511269338744
2025-02-19,backward,2025-02-14 16:00:00,-4.333333333333333,1.8050000000000002,4.88,7.79639260550128,865.0475195393757
2025-02-19,backward,2025-02-14 15:00:00,-4.375,1.4100000000000001,4.359999999999999,4.322944021439714,869.3704635608154
2025-02-19,backward,2025-02-14 14:00:00,-4.416666666666667,1.25,4.449999999999999,3.416882800504851,872.7873463613203
2025-02-19,backward,2025-02-14 13:00:00,-4.458333333333333,1.3,4.654999999999999,3.8685770027569752,876.6559233640772
2025-02-19,backward,2025-02-14 12:00:00,-4.5,1.38,4.55,4.26204079844411,880.9179641625213
2025-02-19,backward,2025-02-14 11:00:00,-4.541666666666667,1.39,4.76,4.511994760978229,885.4299589234996
2025-02-19,backward,2025-02-14 10:00:00,-4.583333333333333,1.42,4.654999999999999,4.606678350883111,890.0366372743828
2025-02-19,backward,2025-02-14 09:00:00,-4.625,1.5,4.654999999999999,5.137423993640581,895.1740612680234
2025-02-19,backward,2025-02-14 08:00:00,-4.666666666666667,1.3849999999999998,4.175,3.9279166673890744,899.1019779354125
2025-02-19,backward,2025-02-14 07:00:00,-4.708333333333333,1.335,4.26,3.723512196829212,902.8254901322417
2025-02-19,backward,2025-02-14 06:00:00,-4.75,1.345,4.449999999999999,3.9633125967994562,906.7888027290412
2025-02-19,backward,2025-02-14 05:00:00,-4.791666666666667,1.565,4.88,5.9095627857335655,912.6983655147748
2025-02-19,backward,2025-02-14 04:00:00,-4.833333333333333,1.8,5.01,7.949968673515408,920.6483341882902
2025-02-19,backward,2025-02-14 03:00:00,-4.875,1.9,6.925,12.563940849999465,933.2122750382896
2025-02-19,backward,2025-02-14 02:00:00,-4.916666666666667,1.94,9.09,16.820273703736895,950.0325487420265
2025-02-19,backward,2025-02-14 01:00:00,-4.958333333333333,1.915,8.71,15.691197890057424,965.7237466320839
2025-02-19,backward,2025-02-14 00:00:00,-5.0,1.895,8.71,15.365395892833615,981.0891425249175
2025-02-19,backward,2025-02-13 23:00:00,-5.041666666666667,2.125,8.71,19.27353725099266,1000.3626797759102
2025-02-19,backward,2025-02-13 22:00:00,-5.083333333333333,2.2699999999999996,9.09,22.980319324271868,1023.342999100182
2025-02-19,backward,2025-02-13 21:00:00,-5.125,2.165,9.09,20.91217977708944,1044.2551788772714
2025-02-19,backward,2025-02-13 20:00:00,-5.166666666666667,2.325,9.09,24.120416090281985,1068.3755949675533
2025-02-19,backward,2025-02-13 19:00:00,-5.208333333333333,2.365,9.09,24.9623885894907,1093.337983557044
2025-02-19,backward,2025-02-13 18:00:00,-5.25,2.595,9.09,30.124821667266204,1123.4628052243102
2025-02-19,backward,2025-02-13 17:00:00,-5.291666666666667,2.44,8.33,24.332451432127048,1147.7952566564372
2025-02-19,backward,2025-02-13 16:00:00,-5.333333333333333,2.44,8.33,24.380266293019876,1172.1755229494572
2025-02-19,backward,2025-02-13 15:00:00,-5.375,2.605,7.69,25.609636010901642,1197.7851589603588
2025-02-19,backward,2025-02-13 14:00:00,-5.416666666666667,2.8899999999999997,7.69,31.510787617983468,1229.2959465783422
2025-02-19,backward,2025-02-13 13:00:00,-5.458333333333333,2.51,7.415,22.897463732040578,1252.1934103103827
2025-02-19,backward,2025-02-13 12:00:00,-5.5,2.63,7.14,24.271734148453618,1276.4651444588362
2025-02-19,backward,2025-02-13 11:00:00,-5.541666666666667,2.41,7.14,20.345310882902798,1296.810455341739
2025-02-19,backward,2025-02-13 10:00:00,-5.583333333333333,2.2800000000000002,6.904999999999999,17.65398490414328,1314.4644402458823
2025-02-19,backward,2025-02-13 09:00:00,-5.625,2.08,6.904999999999999,14.639652395858494,1329.1040926417409
2025-02-19,backward,2025-02-13 08:00:00,-5.666666666666667,2.05,6.0649999999999995,12.494497664520798,1341.5985903062617
2025-02-19,backward,2025-02-13 07:00:00,-5.708333333333333,1.845,6.0649999999999995,10.149840097894586,1351.7484304041564
2025-02-19,backward,2025-02-13 06:00:00,-5.75,1.68,5.56,7.6991144506747204,1359.447544854831
2025-02-19,backward,2025-02-13 05:00:00,-5.791666666666667,1.625,5.56,7.208526059548468,1366.6560709143794
2025-02-19,backward,2025-02-13 04:00:00,-5.833333333333333,1.53,5.72,6.566113060514052,1373.2221839748934
2025-02-19,backward,2025-02-13 03:00:00,-5.875,1.395,5.56,5.311638835810929,1378.5338228107044
2025-02-19,backward,2025-02-13 02:00:00,-5.916666666666667,1.455,5.72,5.941783764422449,1384.475606575127
2025-02-19,backward,2025-02-13 01:00:00,-5.958333333333333,1.495,5.56,6.098326030700067,1390.573932605827
2025-02-19,backward,2025-02-13 00:00:00,-6.0,1.5150000000000001,5.88,6.642010646315983,1397.215943252143
2025-02-19,backward,2025-02-12 23:00:00,-6.041666666666667,1.4,6.0649999999999995,5.829774947015599,1403.0457181991585
2025-02-19,backward,2025-02-12 22:00:00,-6.083333333333333,1.375,6.0649999999999995,5.624418457314105,1408.6701366564726
2025-02-19,backward,2025-02-12 21:00:00,-6.125,1.4649999999999999,6.25,6.581620350922839,1415.2517570073953
2025-02-19,backward,2025-02-12 20:00:00,-6.166666666666667,1.525,6.25,7.132937800244243,1422.3846948076396
2025-02-19,backward,2025-02-12 19:00:00,-6.208333333333333,1.59,6.0649999999999995,7.525595286496042,1429.9102900941357
2025-02-19,backward,2025-02-12 18:00:00,-6.25,1.565,6.25,7.5107037054522365,1437.420993799588
2025-02-19,backward,2025-02-12 17:00:00,-6.291666666666667,1.615,6.0649999999999995,7.753702114582348,1445.1746959141703
2025-02-19,backward,2025-02-12 16:00:00,-6.333333333333333,1.65,5.41,7.220480142725478,1452.3951760568957
2025-02-19,backward,2025-02-12 15:00:00,-6.375,1.405,5.41,5.290379936844083,1457.6855559937399
2025-02-19,backward,2025-02-12 14:00:00,-6.416666666666667,1.19,4.359999999999999,3.0605298442562203,1460.7460858379961
2025-02-19,backward,2025-02-12 13:00:00,-6.458333333333333,0.875,3.925,1.475705713314642,1462.2217915513108
2025-02-19,backward,2025-02-12 12:00:00,-6.5,0.585,2.995,0.531196263515825,1462.7529878148266
2025-02-19,backward,2025-02-12 11:00:00,-6.541666666666667,0.325,2.205,0.12183956183354716,1462.87482737666
2025-02-19,backward,2025-02-12 10:00:00,-6.583333333333333,0.2,,,
2025-02-19,backward,2025-02-12 09:00:00,-6.625,0.22999999999999998,,,
2025-02-19,backward,2025-02-12 08:00:00,-6.666666666666667,0.265,10.0,0.38463437621177343,1463.2594617528719
2025-02-19,backward,2025-02-12 07:00:00,-6.708333333333333,0.35,2.35,0.14169410378265732,1463.4011558566544
2025-02-19,backward,2025-02-12 06:00:00,-6.75,0.44,2.8,0.269181265899064,1463.6703371225535
2025-02-19,backward,2025-02-12 05:00:00,-6.791666666666667,0.595,2.8,0.4867788427445125,1464.157115965298
2025-02-19,backward,2025-02-12 04:00:00,-6.833333333333333,0.675,3.13,0.6996933488780612,1464.8568093141762
2025-02-19,backward,2025-02-12 03:00:00,-6.875,0.71,3.08,0.7630282559115393,1465.6198375700878
2025-02-19,backward,2025-02-12 02:00:00,-6.916666666666667,0.645,2.985,0.6094293747615775,1466.2292669448493
2025-02-19,backward,2025-02-12 01:00:00,-6.958333333333333,0.615,2.73,0.506217596895358,1466.7354845417447
2025-02-19,backward,2025-02-12 00:00:00,-7.0,0.59,2.8,0.47866766909411806,1467.2141522108388
2025-02-19,backward,2025-02-11 23:00:00,-7.041666666666667,0.625,2.86,0.5489748101040424,1467.7631270209429
2025-02-19,backward,2025-02-11 22:00:00,-7.083333333333333,0.64,2.885,0.5837515959139399,1468.3468786168569
2025-02-19,backward,2025-02-11 21:00:00,-7.125,0.565,2.985,0.4676523587218031,1468.8145309755787
2025-02-19,backward,2025-02-11 20:00:00,-7.166666666666667,0.5549999999999999,2.9,0.4385886689718369,1469.2531196445505
2025-02-19,backward,2025-02-11 19:00:00,-7.208333333333333,0.575,2.9,0.4710569126168562,1469.7241765571673
2025-02-19,backward,2025-02-11 18:00:00,-7.25,0.5900000000000001,3.035,0.5213061558754513,1470.2454827130427
2025-02-19,backward,2025-02-11 17:00:00,-7.291666666666667,0.6599999999999999,3.1799999999999997,0.6839083759986915,1470.9293910890415
2025-02-19,backward,2025-02-11 16:00:00,-7.333333333333333,0.635,3.1799999999999997,0.6298993807731338,1471.5592904698146
2025-02-19,backward,2025-02-11 15:00:00,-7.375,0.655,3.08,0.6491060787250658,1472.2083965485397
2025-02-19,backward,2025-02-11 14:00:00,-7.416666666666667,0.635,2.945,0.5828932823410029,1472.7912898308807
2025-02-19,backward,2025-02-11 13:00:00,-7.458333333333333,0.595,5.635,0.9557443059407171,1473.7470341368214
2025-02-19,backward,2025-02-11 12:00:00,-7.5,0.565,8.33,1.304691823934592,1475.051725960756
2025-02-19,backward,2025-02-11 11:00:00,-7.541666666666667,0.6,8.33,1.4716351630347582,1476.5233611237907
2025-02-19,backward,2025-02-11 10:00:00,-7.583333333333333,0.5549999999999999,8.33,1.2597376812148409,1477.7830988050055
2025-02-19,backward,2025-02-11 09:00:00,-7.625,0.51,8.71,1.109592659769638,1478.892691464775
2025-02-19,backward,2025-02-11 08:00:00,-7.666666666666667,0.565,8.71,1.3720401257571013,1480.2647315905322
2025-02-19,backward,2025-02-11 07:00:00,-7.708333333333333,0.63,9.545,1.8773564811357488,1482.142088071668
2025-02-19,backward,2025-02-11 06:00:00,-7.75,0.73,6.63,1.8508032175376652,1483.9928912892058
2025-02-19,backward,2025-02-11 05:00:00,-7.791666666666667,0.92,4.0,1.6609925307430868,1485.6538838199488
2025-02-19,backward,2025-02-11 04:00:00,-7.833333333333333,0.985,3.51,1.6732765458308143,1487.3271603657795
2025-02-19,backward,2025-02-11 03:00:00,-7.875,0.92,5.890000000000001,2.4458115015191955,1489.7729718672988
2025-02-19,backward,2025-02-11 02:00:00,-7.916666666666667,0.935,3.51,1.5056191310487907,1491.2785909983477
2025-02-19,backward,2025-02-11 01:00:00,-7.958333333333333,1.0,8.33,4.086740247250092,1495.3653312455979
2025-02-19,backward,2025-02-11 00:00:00,-8.0,0.975,5.95,2.786427073580411,1498.1517583191783
2025-02-19,backward,2025-02-10 23:00:00,-8.041666666666666,0.94,8.71,3.772695600569542,1501.9244539197477
2025-02-19,backward,2025-02-10 22:00:00,-8.083333333333334,0.95,8.33,3.6899177692421086,1505.6143716889899
2025-02-19,backward,2025-02-10 21:00:00,-8.125,0.985,8.33,3.973333205388902,1509.5877048943787
2025-02-19,backward,2025-02-10 20:00:00,-8.166666666666666,1.065,5.95,3.4015398627950826,1512.9892447571738
2025-02-19,backward,2025-02-10 19:00:00,-8.208333333333334,1.065,6.015000000000001,3.244200117973418,1516.2334448751471
2025-02-19,backward,2025-02-10 18:00:00,-8.25,0.92,8.71,3.6168112356930715,1519.8502561108403
2025-02-19,backward,2025-02-10 17:00:00,-8.291666666666666,0.805,8.71,2.767727170667545,1522.6179832815078
2025-02-19,backward,2025-02-10 16:00:00,-8.333333333333334,0.855,8.71,3.125495031942953,1525.7434783134509
2025-02-19,backward,2025-02-10 15:00:00,-8.375,0.915,7.734999999999999,3.1592253571349174,1528.9027036705859
2025-02-19,backward,2025-02-10 14:00:00,-8.416666666666666,1.0550000000000002,6.015000000000001,3.249242556900337,1532.1519462274862
2025-02-19,backward,2025-02-10 13:00:00,-8.458333333333334,1.055,7.69,4.220390144974642,1536.3723363724607
2025-02-19,backward,2025-02-10 12:00:00,-8.5,1.02,6.904999999999999,3.5271789156063997,1539.899515288067
2025-02-19,backward,2025-02-10 11:00:00,-8.541666666666666,1.0550000000000002,6.67,3.6520904010963884,1543.5516056891634
2025-02-19,backward,2025-02-10 10:00:00,-8.583333333333334,1.0550000000000002,6.46,3.5251507542399976,1547.0767564434034
2025-02-19,backward,2025-02-10 09:00:00,-8.625,0.99,6.67,3.2075435788313067,1550.2843000222347
2025-02-19,backward,2025-02-10 08:00:00,-8.666666666666666,1.06,6.904999999999999,3.8019822703245953,1554.0862822925592
2025-02-19,backward,2025-02-10 07:00:00,-8.708333333333334,1.045,6.904999999999999,3.6980247727493936,1557.7843070653087
2025-02-19,backward,2025-02-10 06:00:00,-8.75,1.045,6.904999999999999,3.703751115146261,1561.488058180455
2025-02-19,backward,2025-02-10 05:00:00,-8.791666666666666,1.105,6.67,4.0055026705452565,1565.4935608510002
2025-02-19,backward,2025-02-10 04:00:00,-8.833333333333334,1.175,7.14,4.874838912930507,1570.3683997639307
2025-02-19,backward,2025-02-10 03:00:00,-8.875,1.185,7.69,5.309206661167984,1575.6776064250987
2025-02-19,backward,2025-02-10 02:00:00,-8.916666666666666,1.29,6.67,5.46643700105866,1581.1440434261574
2025-02-19,backward,2025-02-10 01:00:00,-8.958333333333334,1.27,6.904999999999999,5.463905233586157,1586.6079486597434
2025-02-19,backward,2025-02-10 00:00:00,-9.0,1.375,6.904999999999999,6.398925154785643,1593.0068738145292
2025-02-19,backward,2025-02-09 23:00:00,-9.041666666666666,1.4,7.415,7.134301191738492,1600.1411750062678
2025-02-19,backward,2025-02-09 22:00:00,-9.083333333333334,1.5550000000000002,7.14,8.477242058877932,1608.6184170651456
2025-02-19,backward,2025-02-09 21:00:00,-9.125,1.645,7.14,9.48958600012531,1618.1080030652709
2025-02-19,backward,2025-02-09 20:00:00,-9.166666666666666,1.81,7.69,12.373498018570004,1630.4815010838408
2025-02-19,backward,2025-02-09 19:00:00,-9.208333333333334,1.815,7.415,11.992017006456575,1642.4735180902974
2025-02-19,backward,2025-02-09 18:00:00,-9.25,1.94,7.415,13.67276595813443,1656.1462840484319
2025-02-19,backward,2025-02-09 17:00:00,-9.291666666666666,2.0,6.51,12.7753560670339,1668.9216401154658
2025-02-19,backward,2025-02-09 16:00:00,-9.333333333333334,2.09,6.46,13.831702377161935,1682.7533424926278
2025-02-19,backward,2025-02-09 15:00:00,-9.375,1.96,6.275,11.977327800004842,1694.7306702926326
2025-02-19,backward,2025-02-09 14:00:00,-9.416666666666666,1.6949999999999998,5.41,7.6196550720522565,1702.3503253646847
2025-02-19,backward,2025-02-09 13:00:00,-9.458333333333334,1.53,4.465,5.177311412482364,1707.5276367771671
2025-02-19,backward,2025-02-09 12:00:00,-9.5,0.9299999999999999,3.51,1.5162375419181013,1709.0438743190853
2025-02-19,backward,2025-02-09 11:00:00,-9.541666666666666,0.55,2.67,0.39856167298715584,1709.4424359920724
2025-02-19,backward,2025-02-09 10:00:00,-9.583333333333334,0.43000000000000005,9.25,0.8629242794006836,1710.305360271473
2025-02-19,backward,2025-02-09 09:00:00,-9.625,0.4,10.0,0.7849681147179051,1711.090328386191
2025-02-19,backward,2025-02-09 08:00:00,-9.666666666666666,0.47,3.08,0.33485954805751106,1711.4251879342485
2025-02-19,backward,2025-02-09 07:00:00,-9.708333333333334,0.53,3.23,0.44476783984988194,1711.8699557740983
2025-02-19,backward,2025-02-09 06:00:00,-9.75,0.515,3.035,0.3945313523231511,1712.2644871264215
2025-02-19,backward,2025-02-09 05:00:00,-9.791666666666666,0.49,6.515,0.7351969661016803,1712.9996840925232
2025-02-19,backward,2025-02-09 04:00:00,-9.833333333333334,0.475,9.165,1.0126657781744144,1714.0123498706976
2025-02-19,backward,2025-02-09 03:00:00,-9.875,0.5,3.39,0.41578779826464024,1714.428137668962
2025-02-19,backward,2025-02-09 02:00:00,-9.916666666666666,0.52,3.33,0.4417565059197954,1714.869894174882
2025-02-19,backward,2025-02-09 01:00:00,-9.958333333333334,0.53,6.665,0.8851312726685889,1715.7550254475505
2025-02-19,backward,2025-02-09 00:00:00,-10.0,0.375,10.0,0.717509917359335,1716.4725353649098
2025-02-19,backward,2025-02-08 23:00:00,-10.041666666666666,0.32,9.545,0.4785371681450462,1716.951072533055
2025-02-19,backward,2025-02-08 22:00:00,-10.083333333333334,0.32999999999999996,9.545,0.5097543688572339,1717.4608269019122
2025-02-19,backward,2025-02-08 21:00:00,-10.125,0.33,10.405000000000001,0.5551059016850608,1718.0159328035973
2025-02-19,backward,2025-02-08 20:00:00,-10.166666666666666,0.31,10.405000000000001,0.49056606859549057,1718.5064988721927
2025-02-19,backward,2025-02-08 19:00:00,-10.208333333333334,0.315,10.0,0.48692553366095037,1718.9934244058536
2025-02-19,backward,2025-02-08 18:00:00,-10.25,0.295,9.545,0.40698143722764873,1719.4004058430812
2025-02-19,backward,2025-02-08 17:00:00,-10.291666666666666,0.38,10.0,0.7128491691781973,1720.1132550122595
2025-02-19,backward,2025-02-08 16:00:00,-10.333333333333334,0.405,10.0,0.8048376201217019,1720.918092632381
2025-02-19,backward,2025-02-08 15:00:00,-10.375,0.52,6.5649999999999995,0.8212299620798345,1721.7393225944609
2025-02-19,backward,2025-02-08 14:00:00,-10.416666666666666,0.6799999999999999,3.45,0.7887457737699848,1722.5280683682308
2025-02-19,backward,2025-02-08 13:00:00,-10.458333333333334,0.79,3.45,1.0551605176697398,1723.5832288859006
2025-02-19,backward,2025-02-08 12:00:00,-10.5,0.745,3.57,0.9721479318154986,1724.555376817716
2025-02-19,backward,2025-02-08 11:00:00,-10.541666666666666,0.715,3.39,0.8504965170269481,1725.4058733347429
2025-02-19,backward,2025-02-08 10:00:00,-10.583333333333334,0.73,3.57,0.9340536745107746,1726.3399270092536
2025-02-19,backward,2025-02-08 09:00:00,-10.625,0.72,3.51,0.8926971387817901,1727.2326241480355
2025-02-19,backward,2025-02-08 08:00:00,-10.666666666666666,0.74,3.39,0.9107415933188678,1728.1433657413543
2025-02-19,backward,2025-02-08 07:00:00,-10.708333333333334,0.75,3.45,0.9527575022642156,1729.0961232436184
2025-02-19,backward,2025-02-08 06:00:00,-10.75,0.73,10.405000000000001,2.728162815265475,1731.824286058884
2025-02-19,backward,2025-02-08 05:00:00,-10.791666666666666,0.745,10.81,2.94685689444617,1734.7711429533301
2025-02-19,backward,2025-02-08 04:00:00,-10.833333333333334,0.8300000000000001,7.130000000000001,2.351240996083341,1737.1223839494135
2025-02-19,backward,2025-02-08 03:00:00,-10.875,0.9450000000000001,3.7,1.62327726585625,1738.7456612152698
2025-02-19,backward,2025-02-08 02:00:00,-10.916666666666666,1.0150000000000001,4.01,2.0260412165850408,1740.771702431855
2025-02-19,backward,2025-02-08 01:00:00,-10.958333333333334,0.985,3.7750000000000004,1.7983938401483806,1742.5700962720034
2025-02-19,backward,2025-02-08 00:00:00,-11.0,1.03,3.71,1.9288898831695152,1744.4989861551728
2025-02-19,backward,2025-02-07 23:00:00,-11.041666666666666,1.135,4.449999999999999,2.828906113713442,1747.3278922688862
2025-02-19,backward,2025-02-07 22:00:00,-11.083333333333334,1.185,4.449999999999999,3.0641512455929645,1750.3920435144792
2025-02-19,backward,2025-02-07 21:00:00,-11.125,1.22,4.275,3.1185936903993676,1753.5106372048785
2025-02-19,backward,2025-02-07 20:00:00,-11.166666666666666,1.17,4.359999999999999,2.9228268127318318,1756.4334640176103
2025-02-19,backward,2025-02-07 19:00:00,-11.208333333333334,1.28,4.35,3.496775383405624,1759.9302394010158
2025-02-19,backward,2025-02-07 18:00:00,-11.25,1.3050000000000002,7.58,6.3125995128822225,1766.242838913898
2025-02-19,backward,2025-02-07 17:00:00,-11.291666666666666,1.26,4.26,3.3171447518487938,1769.5599836657468
2025-02-19,backward,2025-02-07 16:00:00,-11.333333333333334,1.33,4.449999999999999,3.863411912562131,1773.423395578309
2025-02-19,backward,2025-02-07 15:00:00,-11.375,1.13,3.935,2.504182711739762,1775.9275782900488
2025-02-19,backward,2025-02-07 14:00:00,-11.416666666666666,0.8200000000000001,3.635,1.1998254804640687,1777.127403770513
2025-02-19,backward,2025-02-07 13:00:00,-11.458333333333334,0.79,3.135,0.9818310041156157,1778.1092347746285
2025-02-19,backward,2025-02-07 12:00:00,-11.5,0.58,7.69,1.269531384958626,1779.378766159587
2025-02-19,backward,2025-02-07 11:00:00,-11.541666666666666,0.565,7.415,1.1643937368834534,1780.5431598964706
2025-02-19,backward,2025-02-07 10:00:00,-11.583333333333334,0.705,7.69,1.876001429927717,1782.4191613263984
2025-02-19,backward,2025-02-07 09:00:00,-11.625,0.8,7.69,2.420598325674456,1784.8397596520729
2025-02-19,backward,2025-02-07 08:00:00,-11.666666666666666,0.865,7.69,2.8252260850706303,1787.6649857371435
2025-02-19,backward,2025-02-07 07:00:00,-11.708333333333334,0.94,7.69,3.333981827304422,1790.9989675644479
2025-02-19,backward,2025-02-07 06:00:00,-11.75,0.97,7.69,3.549783298982381,1794.5487508634303
2025-02-19,backward,2025-02-07 05:00:00,-11.791666666666666,0.8999999999999999,7.415,2.9451728925375633,1797.493923755968
2025-02-19,backward,2025-02-07 04:00:00,-11.833333333333334,0.9450000000000001,8.33,3.650480725856145,1801.144404481824
2025-02-19,backward,2025-02-07 03:00:00,-11.875,0.935,8.33,3.5752847053067436,1804.7196891871308
2025-02-19,backward,2025-02-07 02:00:00,-11.916666666666666,0.915,8.33,3.4265273603068396,1808.1462165474377
2025-02-19,backward,2025-02-07 01:00:00,-11.958333333333334,0.835,8.33,2.8502969854445763,1810.9965135328823
2025-02-19,backward,2025-02-07 00:00:00,-12.0,0.795,7.18,2.2211612314655427,1813.2176747643477
2025-02-19,backward,2025-02-06 23:00:00,-12.041666666666666,0.84,6.25,2.163568366191225,1815.381243130539
2025-02-19,backward,2025-02-06 22:00:00,-12.083333333333334,0.885,5.51,2.122344539134135,1817.5035876696732
2025-02-19,backward,2025-02-06 21:00:00,-12.125,0.9199999999999999,4.449999999999999,1.850532894143159,1819.3541205638164
2025-02-19,backward,2025-02-06 20:00:00,-12.166666666666666,1.005,4.654999999999999,2.319264584022699,1821.673385147839
2025-02-19,backward,2025-02-06 19:00:00,-12.208333333333334,1.1,4.88,2.9004728832449533,1824.573858031084
2025-02-19,backward,2025-02-06 18:00:00,-12.25,1.105,4.775,2.8572888436238912,1827.4311468747078
2025-02-19,backward,2025-02-06 17:00:00,-12.291666666666666,1.295,5.0,4.115317992676541,1831.5464648673844
2025-02-19,backward,2025-02-06 16:00:00,-12.333333333333334,1.315,5.0,4.249253177250283,1835.7957180446347
2025-02-19,backward,2025-02-06 15:00:00,-12.375,1.315,4.654999999999999,3.956685748793486,1839.7524037934281
2025-02-19,backward,2025-02-06 14:00:00,-12.416666666666666,1.185,4.449999999999999,3.0964428714121723,1842.8488466648403
2025-02-19,backward,2025-02-06 13:00:00,-12.458333333333334,0.88,3.96,1.5045012873929249,1844.3533479522332
2025-02-19,backward,2025-02-06 12:00:00,-12.5,0.75,3.39,0.9418881469007312,1845.295236099134
2025-02-19,backward,2025-02-06 11:00:00,-12.541666666666666,0.55,2.84,0.4231154756155319,1845.7183515747495
2025-02-19,backward,2025-02-06 10:00:00,-12.583333333333334,0.36,3.955,0.22443710214999996,1845.9427886768995
2025-02-19,backward,2025-02-06 09:00:00,-12.625,0.28500000000000003,4.865,0.1901467512686917,1846.1329354281681
2025-02-19,backward,2025-02-06 08:00:00,-12.666666666666666,0.325,4.2,0.2171381251958027,1846.350073553364
2025-02-19,backward,2025-02-06 07:00:00,-12.708333333333334,0.34,4.465,0.2532277701775659,1846.6033013235415
2025-02-19,backward,2025-02-06 06:00:00,-12.75,0.37,4.175,0.2804090082674243,1846.883710331809
2025-02-19,backward,2025-02-06 05:00:00,-12.791666666666666,0.41000000000000003,4.55,0.37546496742172486,1847.2591752992307
2025-02-19,backward,2025-02-06 04:00:00,-12.833333333333334,0.47,3.575,0.38311840654022444,1847.642293705771
2025-02-19,backward,2025-02-06 03:00:00,-12.875,0.505,3.75,0.4667307570946172,1848.1090244628656
2025-02-19,backward,2025-02-06 02:00:00,-12.916666666666666,0.5349999999999999,4.0,0.5872478929574004,1848.6962723558229
2025-02-19,backward,2025-02-06 01:00:00,-12.958333333333334,0.545,2.8,0.40789543447622345,1849.104167790299
2025-02-19,backward,2025-02-06 00:00:00,-13.0,0.58,2.995,0.4952086643889751,1849.599376454688
2025-02-19,backward,2025-02-05 23:00:00,-13.041666666666666,0.585,3.13,0.525043340009116,1850.124419794697
2025-02-19,backward,2025-02-05 22:00:00,-13.083333333333334,0.65,3.45,0.715118217634804,1850.8395380123318
2025-02-19,backward,2025-02-05 21:00:00,-13.125,0.73,3.575,0.938924892267671,1851.7784629045996
2025-02-19,backward,2025-02-05 20:00:00,-13.166666666666666,0.835,3.7750000000000004,1.292622939170804,1853.0710858437703
2025-02-19,backward,2025-02-05 19:00:00,-13.208333333333334,0.87,3.925,1.4595562208670005,1854.5306420646373
2025-02-19,backward,2025-02-05 18:00:00,-13.25,0.895,3.85,1.5168245508863887,1856.0474666155237
2025-02-19,backward,2025-02-05 17:00:00,-13.291666666666666,0.9199999999999999,3.85,1.600405257413657,1857.6478718729375
2025-02-19,backward,2025-02-05 16:00:00,-13.333333333333334,0.91,4.0,1.6252764815234222,1859.2731483544608
2025-02-19,backward,2025-02-05 15:00:00,-13.375,0.94,3.85,1.6706697157823434,1860.9438180702432
2025-02-19,backward,2025-02-05 14:00:00,-13.416666666666666,0.915,3.925,1.6136246110705783,1862.557442681314
2025-02-19,backward,2025-02-05 13:00:00,-13.458333333333334,0.94,3.925,1.7009829766499265,1864.258425657964
2025-02-19,backward,2025-02-05 12:00:00,-13.5,0.91,3.85,1.56413973051369,1865.8225653884776
2025-02-19,backward,2025-02-05 11:00:00,-13.541666666666666,0.865,3.6500000000000004,1.3390488971056511,1867.1616142855833
2025-02-19,backward,2025-02-05 10:00:00,-13.583333333333334,0.875,3.45,1.2959296173540533,1868.4575439029372
2025-02-19,backward,2025-02-05 09:00:00,-13.625,1.02,3.85,1.9698603127070728,1870.4274042156444
2025-02-19,backward,2025-02-05 08:00:00,-13.666666666666666,0.98,3.6500000000000004,1.7420331295116351,1872.169437345156
2025-02-19,backward,2025-02-05 07:00:00,-13.708333333333334,0.88,3.51,1.3352498967329525,1873.5046872418889
2025-02-19,backward,2025-02-05 06:00:00,-13.75,0.96,3.85,1.7386749377958575,1875.2433621796847
2025-02-19,backward,2025-02-05 05:00:00,-13.791666666666666,1.06,3.85,2.123044387268914,1877.3664065669536
2025-02-19,backward,2025-02-05 04:00:00,-13.833333333333334,1.2650000000000001,4.35,3.4215472282240262,1880.7879537951776
2025-02-19,backward,2025-02-05 03:00:00,-13.875,1.41,4.449999999999999,4.344045436178545,1885.131999231356
2025-02-19,backward,2025-02-05 02:00:00,-13.916666666666666,1.355,4.26,3.83951625663744,1888.9715154879934
2025-02-19,backward,2025-02-05 01:00:00,-13.958333333333334,1.435,4.359999999999999,4.401229136823066,1893.3727446248165
2025-02-19,backward,2025-02-05 00:00:00,-14.0,1.375,4.585,4.261722395752578,1897.634467020569
2025-02-19,backward,2025-02-04 23:00:00,-14.041666666666666,1.5350000000000001,4.654999999999999,5.396674431678321,1903.0311414522473
2025-02-19,backward,2025-02-04 22:00:00,-14.083333333333334,1.48,4.449999999999999,4.791366875426618,1907.8225083276739
2025-02-19,backward,2025-02-04 21:00:00,-14.125,1.3599999999999999,4.449999999999999,4.036237361169428,1911.8587456888433
2025-02-19,backward,2025-02-04 20:00:00,-14.166666666666666,1.46,4.88,5.1030737889405255,1916.9618194777838
2025-02-19,backward,2025-02-04 19:00:00,-14.208333333333334,1.3050000000000002,4.26,3.563471425785311,1920.5252909035692
2025-02-19,backward,2025-02-04 18:00:00,-14.25,1.105,4.01,2.421742662004193,1922.9470335655733
2025-02-19,backward,2025-02-04 17:00:00,-14.291666666666666,0.94,3.635,1.585784735671964,1924.5328183012452
2025-02-19,backward,2025-02-04 16:00:00,-14.333333333333334,0.8300000000000001,3.2800000000000002,1.1087939547129126,1925.641612255958
2025-02-19,backward,2025-02-04 15:00:00,-14.375,0.77,3.34,0.970871132116403,1926.6124833880745
2025-02-19,backward,2025-02-04 14:00:00,-14.416666666666666,0.815,3.39,1.108423302581244,1927.7209066906557
2025-02-19,backward,2025-02-04 13:00:00,-14.458333333333334,0.86,3.7,1.3425505908049007,1929.0634572814606
2025-02-19,backward,2025-02-04 12:00:00,-14.5,0.575,6.835,0.9954764482773075,1930.0589337297379
2025-02-19,backward,2025-02-04 11:00:00,-14.541666666666666,0.5,4.9399999999999995,0.5953463108759307,1930.654280040614
2025-02-19,backward,2025-02-04 10:00:00,-14.583333333333334,0.555,2.67,0.40332888246885207,1931.0576089230829
2025-02-19,backward,2025-02-04 09:00:00,-14.625,0.61,5.0200000000000005,0.900687132979475,1931.9582960560624
2025-02-19,backward,2025-02-04 08:00:00,-14.666666666666666,0.635,7.415,1.4651150216318827,1933.4234110776943
2025-02-19,backward,2025-02-04 07:00:00,-14.708333333333334,0.7949999999999999,3.725,1.149075574729805,1934.572486652424
2025-02-19,backward,2025-02-04 06:00:00,-14.75,1.065,3.57,1.986593625190036,1936.559080277614
2025-02-19,backward,2025-02-04 05:00:00,-14.791666666666666,1.09,3.71,2.162514055892145,1938.7215943335061
2025-02-19,backward,2025-02-04 04:00:00,-14.833333333333334,1.19,3.85,2.6749603747777893,1941.396554708284
2025-02-19,backward,2025-02-04 03:00:00,-14.875,1.095,3.7750000000000004,2.2306696483601343,1943.627224356644
2025-02-19,backward,2025-02-04 02:00:00,-14.916666666666666,0.925,3.87,1.6452443532440946,1945.2724687098882
2025-02-19,backward,2025-02-04 01:00:00,-14.958333333333334,0.75,3.51,0.9696274482596468,1946.242096158148
2025-02-19,backward,2025-02-04 00:00:00,-15.0,0.6950000000000001,4.24,1.0220157296308479,1947.2641118877787
2025-02-19,backward,2025-02-03 23:00:00,-15.041666666666666,0.64,6.0649999999999995,1.2222866071591139,1948.4863984949377
2025-02-19,backward,2025-02-03 22:00:00,-15.083333333333334,0.62,3.39,0.6398466439043605,1949.126245138842
2025-02-19,backward,2025-02-03 21:00:00,-15.125,0.64,3.085,0.6223629509642343,1949.7486080898063
2025-02-19,backward,2025-02-03 20:00:00,-15.166666666666666,0.595,4.24,0.713794074546289,1950.4624021643526
2025-02-19,backward,2025-02-03 19:00:00,-15.208333333333334,0.51,5.57,0.7107675318589798,1951.1731696962115
2025-02-19,backward,2025-02-03 18:00:00,-15.25,0.5549999999999999,5.72,0.8740021419196399,1952.0471718381311
2025-02-19,backward,2025-02-03 17:00:00,-15.291666666666666,0.565,5.56,0.8724753789365134,1952.9196472170677
2025-02-19,backward,2025-02-03 16:00:00,-15.333333333333334,0.635,5.88,1.1632785915554822,1954.0829258086233
2025-02-19,backward,2025-02-03 15:00:00,-15.375,0.69,6.25,1.4601633446432278,1955.5430891532665
2025-02-19,backward,2025-02-03 14:00:00,-15.416666666666666,0.7050000000000001,6.46,1.5740237055906674,1957.1171128588571
2025-02-19,backward,2025-02-03 13:00:00,-15.458333333333334,0.72,6.275,1.5990170903632852,1958.7161299492204
2025-02-19,backward,2025-02-03 12:00:00,-15.5,0.775,6.25,1.842375358313489,1960.558505307534
2025-02-19,backward,2025-02-03 11:00:00,-15.541666666666666,0.825,6.67,2.2279698486505763,1962.7864751561847
2025-02-19,backward,2025-02-03 10:00:00,-15.583333333333334,0.945,6.51,2.8493371166217982,1965.6358122728066
2025-02-19,backward,2025-02-03 09:00:00,-15.625,1.0350000000000001,4.779999999999999,2.533390394078272,1968.1692026668848
2025-02-19,backward,2025-02-03 08:00:00,-15.666666666666666,1.01,4.26,2.1319861553056936,1970.3011888221904
2025-02-19,backward,2025-02-03 07:00:00,-15.708333333333334,1.115,4.55,2.777927340713231,1973.0791161629036
2025-02-19,backward,2025-02-03 06:00:00,-15.75,1.06,4.175,2.297439772105647,1975.3765559350093
2025-02-19,backward,2025-02-03 05:00:00,-15.791666666666666,1.0750000000000002,4.359999999999999,2.478273121995747,1977.854829057005
2025-02-19,backward,2025-02-03 04:00:00,-15.833333333333334,1.105,4.17,2.5041898255133015,1980.3590188825183
2025-02-19,backward,2025-02-03 03:00:00,-15.875,1.105,4.085,2.4461512455313468,1982.8051701280497
2025-02-19,backward,2025-02-03 02:00:00,-15.916666666666666,1.07,3.85,2.163276456173565,1984.9684465842233
2025-02-19,backward,2025-02-03 01:00:00,-15.958333333333334,0.975,5.57,2.5487485405452635,1987.5171951247687
2025-02-19,backward,2025-02-03 00:00:00,-16.0,0.845,9.57,3.3688900952735343,1990.8860852200423
2025-02-19,backward,2025-02-02 23:00:00,-16.041666666666668,0.835,8.57,2.937435559951804,1993.8235207799942
2025-02-19,backward,2025-02-02 22:00:00,-16.083333333333332,0.86,7.415,2.6885871759467563,1996.512107955941
2025-02-19,backward,2025-02-02 21:00:00,-16.125,0.83,7.415,2.506105638318285,1999.0182135942594
2025-02-19,backward,2025-02-02 20:00:00,-16.166666666666668,0.88,7.69,2.9216199242554532,2001.939833518515
2025-02-19,backward,2025-02-02 19:00:00,-16.208333333333332,0.9,7.734999999999999,3.0794463493082427,2005.0192798678231
2025-02-19,backward,2025-02-02 18:00:00,-16.25,0.95,6.785,3.022405169437051,2008.04168503726
2025-02-19,backward,2025-02-02 17:00:00,-16.291666666666668,0.95,7.69,3.40641868493059,2011.4481037221906
2025-02-19,backward,2025-02-02 16:00:00,-16.333333333333332,1.025,6.970000000000001,3.563147135832918,2015.0112508580235
2025-02-19,backward,2025-02-02 15:00:00,-16.375,1.1749999999999998,6.67,4.521877264239993,2019.5331281222634
2025-02-19,backward,2025-02-02 14:00:00,-16.416666666666668,1.145,7.5,4.810806856090144,2024.3439349783534
2025-02-19,backward,2025-02-02 13:00:00,-16.458333333333332,1.18,6.904999999999999,4.714551122233004,2029.0584861005864
2025-02-19,backward,2025-02-02 12:00:00,-16.5,1.22,7.14,5.215147611519376,2034.2736337121057
2025-02-19,backward,2025-02-02 11:00:00,-16.541666666666668,1.27,7.18,5.652846813496222,2039.9264805256018
2025-02-19,backward,2025-02-02 10:00:00,-16.583333333333332,1.42,6.67,6.610118373025138,2046.536598898627
2025-02-19,backward,2025-02-02 09:00:00,-16.625,1.51,7.14,8.004172684256968,2054.540771582884
2025-02-19,backward,2025-02-02 08:00:00,-16.666666666666668,1.4649999999999999,7.69,8.097271129175189,2062.6380427120594
2025-02-19,backward,2025-02-02 07:00:00,-16.708333333333332,1.49,7.415,8.067479136196287,2070.7055218482556
2025-02-19,backward,2025-02-02 06:00:00,-16.75,1.65,7.415,9.908826186279494,2080.614348034535
2025-02-19,backward,2025-02-02 05:00:00,-16.791666666666668,1.74,7.415,11.024759425995764,2091.639107460531
2025-02-19,backward,2025-02-02 04:00:00,-16.833333333333332,1.8900000000000001,7.18,12.696534475004647,2104.3356419355355
2025-02-19,backward,2025-02-02 03:00:00,-16.875,2.045,7.69,15.782368992951477,2120.118010928487
2025-02-19,backward,2025-02-02 02:00:00,-16.916666666666668,1.97,7.69,14.660163612696074,2134.778174541183
2025-02-19,backward,2025-02-02 01:00:00,-16.958333333333332,2.03,8.33,16.8410478848929,2151.619222426076
2025-02-19,backward,2025-02-02 00:00:00,-17.0,2.08,8.33,17.684551071925323,2169.303773498001
2025-02-19,backward,2025-02-01 23:00:00,-17.041666666666668,2.085,8.71,18.572651977092903,2187.876425475094
2025-02-19,backward,2025-02-01 22:00:00,-17.083333333333332,2.2800000000000002,7.69,19.612656477585197,2207.489081952679
2025-02-19,backward,2025-02-01 21:00:00,-17.125,2.29,8.33,21.43781331499981,2228.926895267679
2025-02-19,backward,2025-02-01 20:00:00,-17.166666666666668,2.4,8.33,23.55433608905063,2252.4812313567295
2025-02-19,backward,2025-02-01 19:00:00,-17.208333333333332,2.3049999999999997,8.33,21.72531549139385,2274.2065468481233
2025-02-19,backward,2025-02-01 18:00:00,-17.25,2.435,7.69,22.371859385131973,2296.578406233255
2025-02-19,backward,2025-02-01 17:00:00,-17.291666666666668,2.4050000000000002,7.734999999999999,21.98686686721786,2318.565273100473
2025-02-19,backward,2025-02-01 16:00:00,-17.333333333333332,2.575,8.01,26.168951304101874,2344.734224404575
2025-02-19,backward,2025-02-01 15:00:00,-17.375,2.6399999999999997,7.415,25.36175338298023,2370.095977787555
2025-02-19,backward,2025-02-01 14:00:00,-17.416666666666668,2.3200000000000003,7.18,19.149783838774418,2389.2457616263296
2025-02-19,backward,2025-02-01 13:00:00,-17.458333333333332,2.31,6.695,17.61365814845979,2406.8594197747893
2025-02-19,backward,2025-02-01 12:00:00,-17.5,2.035,6.275,12.981261789113164,2419.8406815639023
2025-02-19,backward,2025-02-01 11:00:00,-17.541666666666668,1.625,5.41,7.089336991614773,2426.930018555517
2025-02-19,backward,2025-02-01 10:00:00,-17.583333333333332,1.29,4.76,3.897582555805945,2430.827601111323
2025-02-19,backward,2025-02-01 09:00:00,-17.625,1.0350000000000001,4.175,2.2063098800376153,2433.0339109913607
2025-02-19,backward,2025-02-01 08:00:00,-17.666666666666668,0.88,4.26,1.6226909927955697,2434.656601984156
2025-02-19,backward,2025-02-01 07:00:00,-17.708333333333332,0.9,4.0,1.5903454004184754,2436.2469473845745
2025-02-19,backward,2025-02-01 06:00:00,-17.75,0.86,3.7,1.3432766863110146,2437.5902240708856
2025-02-19,backward,2025-02-01 05:00:00,-17.791666666666668,0.84,3.7750000000000004,1.3062997820570843,2438.8965238529427
2025-02-19,backward,2025-02-01 04:00:00,-17.833333333333332,0.905,3.6500000000000004,1.4697019337497297,2440.366225786692
2025-02-19,backward,2025-02-01 03:00:00,-17.875,0.7250000000000001,3.1799999999999997,0.8248000951865857,2441.191025881879
2025-02-19,backward,2025-02-01 02:00:00,-17.916666666666668,0.46,4.635,0.4222412173777649,2441.6132670992565
2025-02-19,backward,2025-02-01 01:00:00,-17.958333333333332,0.33,6.904999999999999,0.36849052572245633,2441.981757624979
2025-02-19,backward,2025-02-01 00:00:00,-18.0,0.32,7.18,0.3626621374706759,2442.3444197624494
2025-02-19,backward,2025-01-31 23:00:00,-18.041666666666668,0.36,5.0600000000000005,0.32172703149828047,2442.6661467939475
2025-02-19,backward,2025-01-31 22:00:00,-18.083333333333332,0.375,3.7,0.25531333233735704,2442.9214601262847
2025-02-19,backward,2025-01-31 21:00:00,-18.125,0.41500000000000004,3.85,0.32572865176559085,2443.2471887780503
2025-02-19,backward,2025-01-31 20:00:00,-18.166666666666668,0.495,4.17,0.5013289626584163,2443.748517740709
2025-02-19,backward,2025-01-31 19:00:00,-18.208333333333332,0.59,4.26,0.7275212044524182,2444.4760389451612
2025-02-19,backward,2025-01-31 18:00:00,-18.25,0.665,4.26,0.9240784468904609,2445.4001173920515
2025-02-19,backward,2025-01-31 17:00:00,-18.291666666666668,0.81,4.449999999999999,1.4334057440327812,2446.8335231360843
2025-02-19,backward,2025-01-31 16:00:00,-18.333333333333332,0.9199999999999999,4.654999999999999,1.9404254802203662,2448.7739486163046
2025-02-19,backward,2025-01-31 15:00:00,-18.375,0.94,4.449999999999999,1.9288727119920057,2450.7028213282965
2025-02-19,backward,2025-01-31 14:00:00,-18.416666666666668,0.7749999999999999,4.17,1.2349611438839134,2451.9377824721805
2025-02-19,backward,2025-01-31 13:00:00,-18.458333333333332,0.75,4.26,1.1777730277937482,2453.115555499974
2025-02-19,backward,2025-01-31 12:00:00,-18.5,0.745,4.555,1.2379680623683549,2454.3535235623426
2025-02-19,backward,2025-01-31 11:00:00,-18.541666666666668,0.79,4.01,1.2261147985335787,2455.5796383608763
2025-02-19,backward,2025-01-31 10:00:00,-18.583333333333332,0.8049999999999999,4.26,1.3558943128474974,2456.9355326737236
2025-02-19,backward,2025-01-31 09:00:00,-18.625,0.8049999999999999,3.85,1.2221757304129097,2458.1577084041364
2025-02-19,backward,2025-01-31 08:00:00,-18.666666666666668,0.72,3.33,0.8475712842869445,2459.0052796884233
2025-02-19,backward,2025-01-31 07:00:00,-18.708333333333332,0.6799999999999999,3.135,0.7245363631962035,2459.7298160516198
2025-02-19,backward,2025-01-31 06:00:00,-18.75,0.565,3.39,0.5307947032646397,2460.2606107548845
2025-02-19,backward,2025-01-31 05:00:00,-18.791666666666668,0.495,2.8,0.33676947360163406,2460.597380228486
2025-02-19,backward,2025-01-31 04:00:00,-18.833333333333332,0.435,2.535,0.2368069731252749,2460.8341872016113
2025-02-19,backward,2025-01-31 03:00:00,-18.875,0.395,2.945,0.22624915198231904,2461.0604363535936
2025-02-19,backward,2025-01-31 02:00:00,-18.916666666666668,0.52,3.085,0.4167378549859847,2461.4771742085795
2025-02-19,backward,2025-01-31 01:00:00,-18.958333333333332,0.59,3.08,0.5260012464116075,2462.003175454991
2025-02-19,backward,2025-01-31 00:00:00,-19.0,0.565,3.1799999999999997,0.4987974404884512,2462.5019728954794
2025-02-19,backward,2025-01-30 23:00:00,-19.041666666666668,0.59,3.29,0.5643631287829434,2463.0663360242625
2025-02-19,backward,2025-01-30 22:00:00,-19.083333333333332,0.72,3.7,0.9410197759238244,2464.0073558001864
2025-02-19,backward,2025-01-30 21:00:00,-19.125,0.865,3.925,1.453074101357182,2465.4604299015436
2025-02-19,backward,2025-01-30 20:00:00,-19.166666666666668,0.9199999999999999,3.7750000000000004,1.5678168155260712,2467.0282467170696
2025-02-19,backward,2025-01-30 19:00:00,-19.208333333333332,0.815,3.51,1.1449184326547663,2468.1731651497244
2025-02-19,backward,2025-01-30 18:00:00,-19.25,0.785,3.7,1.1190039368600342,2469.292169086584
2025-02-19,backward,2025-01-30 17:00:00,-19.291666666666668,0.785,3.515,1.0619963634362537,2470.3541654500204
2025-02-19,backward,2025-01-30 16:00:00,-19.333333333333332,0.735,3.34,0.8900078870812738,2471.2441733371015
2025-02-19,backward,2025-01-30 15:00:00,-19.375,0.685,3.33,0.7676009404823071,2472.0117742775838
2025-02-19,backward,2025-01-30 14:00:00,-19.416666666666668,0.8,3.635,1.1447023211206828,2473.1564765987046
2025-02-19,backward,2025-01-30 13:00:00,-19.458333333333332,0.945,3.85,1.6861237755408522,2474.842600374245
2025-02-19,backward,2025-01-30 12:00:00,-19.5,1.08,4.0,2.2921068949762824,2477.1347072692215
2025-02-19,backward,2025-01-30 11:00:00,-19.541666666666668,1.255,4.0,3.09483491328968,2480.229542182511
2025-02-19,backward,2025-01-30 10:00:00,-19.583333333333332,1.145,3.85,2.486927395460511,2482.7164695779716
2025-02-19,backward,2025-01-30 09:00:00,-19.625,1.07,3.7750000000000004,2.119559864747174,2484.836029442719
2025-02-19,backward,2025-01-30 08:00:00,-19.666666666666668,1.095,3.85,2.2670676386294604,2487.1030970813486
2025-02-19,backward,2025-01-30 07:00:00,-19.708333333333332,1.3399999999999999,5.3,4.737886016560745,2491.8409830979094
2025-02-19,backward,2025-01-30 06:00:00,-19.75,1.59,4.654999999999999,5.777780130911902,2497.6187632288215
2025-02-19,backward,2025-01-30 05:00:00,-19.791666666666668,1.575,4.654999999999999,5.701194962101984,2503.3199581909234
2025-02-19,backward,2025-01-30 04:00:00,-19.833333333333332,1.415,4.449999999999999,4.380734109952853,2507.700692300876
2025-02-19,backward,2025-01-30 03:00:00,-19.875,1.31,4.26,3.5879764132090526,2511.2886687140854
2025-02-19,backward,2025-01-30 02:00:00,-19.916666666666668,1.3250000000000002,4.775,4.114317158330276,2515.4029858724157
2025-02-19,backward,2025-01-30 01:00:00,-19.958333333333332,1.755,5.41,8.26817855725468,2523.67116442967
2025-02-19,backward,2025-01-30 00:00:00,-20.0,1.8900000000000001,5.41,9.543687474406884,2533.214851904077
2025-02-19,backward,2025-01-29 23:00:00,-20.041666666666668,1.4500000000000002,4.465,4.697217799747355,2537.9120697038243
2025-02-19,backward,2025-01-29 22:00:00,-20.083333333333332,1.115,4.085,2.5060862594179527,2540.418155963242
2025-02-19,backward,2025-01-29 21:00:00,-20.125,0.835,3.51,1.200926888850032,2541.619082852092
2025-02-19,backward,2025-01-29 20:00:00,-20.166666666666668,0.7849999999999999,3.45,1.0532184574934202,2542.6723013095857
2025-02-19,backward,2025-01-29 19:00:00,-20.208333333333332,0.475,6.37,0.5518801733386419,2543.2241814829245
2025-02-19,backward,2025-01-29 18:00:00,-20.25,0.35,9.545,0.5725518180346663,2543.796733300959
2025-02-19,backward,2025-01-29 17:00:00,-20.291666666666668,0.44,5.915,0.5116265178108361,2544.30835981877
2025-02-19,backward,2025-01-29 16:00:00,-20.333333333333332,0.545,2.665,0.3902074045237347,2544.6985672232936
2025-02-19,backward,2025-01-29 15:00:00,-20.375,0.64,3.545,0.7176033776254935,2545.416170600919
2025-02-19,backward,2025-01-29 14:00:00,-20.416666666666668,0.735,4.55,1.2064211750479856,2546.622591775967
2025-02-19,backward,2025-01-29 13:00:00,-20.458333333333332,0.7,4.0,0.9647258129883051,2547.5873175889556
2025-02-19,backward,2025-01-29 12:00:00,-20.5,0.755,4.55,1.2769603722568235,2548.8642779612123
2025-02-19,backward,2025-01-29 11:00:00,-20.541666666666668,,,,
2025-02-19,backward,2025-01-29 10:00:00,-20.583333333333332,1.01,4.17,2.0869441942781086,2550.9512221554905
2025-02-19,backward,2025-01-29 09:00:00,-20.625,,,,
2025-02-19,backward,2025-01-29 08:00:00,-20.666666666666668,0.4,2.6,0.20409170982665534,2551.155313865317
2025-02-19,backward,2025-01-29 07:00:00,-20.708333333333332,,,,
2025-02-19,backward,2025-01-29 06:00:00,-20.75,,,,
2025-02-19,backward,2025-01-29 05:00:00,-20.791666666666668,,,,
2025-02-19,backward,2025-01-29 04:00:00,-20.833333333333332,,,,
2025-02-19,backward,2025-01-29 03:00:00,-20.875,,,,
2025-02-19,backward,2025-01-29 02:00:00,-20.916666666666668,0.6799999999999999,3.45,0.7841757875271116,2551.9394896528443
2025-02-19,backward,2025-01-29 01:00:00,-20.958333333333332,0.7,3.1799999999999997,0.765647105784267,2552.7051367586287
2025-02-19,backward,2025-01-29 00:00:00,-21.0,0.625,2.985,0.5722277733848092,2553.2773645320135
2025-02-19,forward,2025-02-19 00:00:00,0.0,1.62,5.0,6.467401357667988,6.467401357667988
2025-02-19,forward,2025-02-19 01:00:00,0.041666666666666664,1.495,4.654999999999999,5.109553455424986,11.576954813092975
2025-02-19,forward,2025-02-19 02:00:00,0.08333333333333333,1.21,4.449999999999999,3.1959339004146288,14.772888713507603
2025-02-19,forward,2025-02-19 03:00:00,0.125,1.105,4.17,2.499279849955741,17.272168563463346
2025-02-19,forward,2025-02-19 04:00:00,0.16666666666666666,1.15,4.17,2.705601114530731,19.977769677994075
2025-02-19,forward,2025-02-19 05:00:00,0.20833333333333334,1.07,4.0,2.247559954466041,22.225329632460117
2025-02-19,forward,2025-02-19 06:00:00,0.25,1.04,3.85,2.0406521715278356,24.265981803987952
2025-02-19,forward,2025-02-19 07:00:00,0.2916666666666667,1.0750000000000002,4.17,2.365483016012218,26.63146482000017
2025-02-19,forward,2025-02-19 08:00:00,0.3333333333333333,1.1749999999999998,4.085,2.770643081911185,29.402107901911354
2025-02-19,forward,2025-02-19 09:00:00,0.375,1.005,4.085,2.02566541310012,31.427773315011475
2025-02-19,forward,2025-02-19 10:00:00,0.4166666666666667,0.97,3.7750000000000004,1.7421042672470313,33.16987758225851
2025-02-19,forward,2025-02-19 11:00:00,0.4583333333333333,1.12,4.01,2.472117745463679,35.641995327722185
2025-02-19,forward,2025-02-19 12:00:00,0.5,1.225,4.26,3.165411641786502,38.80740696950869
2025-02-19,forward,2025-02-19 13:00:00,0.5416666666666666,1.185,4.26,2.935365451851771,41.74277242136046
2025-02-19,forward,2025-02-19 14:00:00,0.5833333333333334,1.1,4.26,2.5281105022966504,44.27088292365711
2025-02-19,forward,2025-02-19 15:00:00,0.625,0.99,4.175,2.014458766749842,46.28534169040695
2025-02-19,forward,2025-02-19 16:00:00,0.6666666666666666,0.94,4.01,1.7355743137427218,48.020916004149676
2025-02-19,forward,2025-02-19 17:00:00,0.7083333333333334,0.855,3.7,1.3371956364473097,49.35811164059699
2025-02-19,forward,2025-02-19 18:00:00,0.75,0.7,3.85,0.9385078779567271,50.29661951855371
2025-02-19,forward,2025-02-19 19:00:00,0.7916666666666666,0.615,3.39,0.6292679720458575,50.92588749059957
2025-02-19,forward,2025-02-19 20:00:00,0.8333333333333334,0.605,3.08,0.5532732464397303,51.4791607370393
2025-02-19,forward,2025-02-19 21:00:00,0.875,0.555,3.13,0.4730396930141265,51.95220043005343
2025-02-19,forward,2025-02-19 22:00:00,0.9166666666666666,0.515,3.13,0.40823763151373327,52.360438061567166
2025-02-19,forward,2025-02-19 23:00:00,0.9583333333333334,0.5549999999999999,2.985,0.4526170303919893,52.81305509195916
2025-02-19,forward,2025-02-20 00:00:00,1.0,0.565,3.13,0.4913770387790085,53.304432130738164
2025-02-19,forward,2025-02-20 01:00:00,1.0416666666666667,0.685,3.29,0.7579497575118505,54.062381888250016
2025-02-19,forward,2025-02-20 02:00:00,1.0833333333333333,0.74,3.51,0.94271677886683,55.00509866711685
2025-02-19,forward,2025-02-20 03:00:00,1.125,0.71,3.45,0.8539103924183633,55.85900905953521
2025-02-19,forward,2025-02-20 04:00:00,1.1666666666666667,0.675,3.39,0.7587435565178589,56.61775261605307
2025-02-19,forward,2025-02-20 05:00:00,1.2083333333333333,0.65,3.33,0.6902445404996803,57.307997156552744
2025-02-19,forward,2025-02-20 06:00:00,1.25,0.635,3.34,0.6600436281935164,57.96804078474626
2025-02-19,forward,2025-02-20 07:00:00,1.2916666666666667,0.535,3.13,0.4395637465518381,58.4076045312981
2025-02-19,forward,2025-02-20 08:00:00,1.3333333333333333,0.505,2.985,0.3741368994926365,58.78174143079073
2025-02-19,forward,2025-02-20 09:00:00,1.375,0.52,2.885,0.3817773375767361,59.16351876836747
2025-02-19,forward,2025-02-20 10:00:00,1.4166666666666667,,,,
2025-02-19,forward,2025-02-20 11:00:00,1.4583333333333333,0.485,3.08,0.3553587450708332,59.5188775134383
2025-02-19,forward,2025-02-20 12:00:00,1.5,0.495,3.23,0.39022114146574227,59.90909865490404
2025-02-19,forward,2025-02-20 13:00:00,1.5416666666666667,0.43,3.03,0.27486001960397627,60.18395867450802
2025-02-19,forward,2025-02-20 14:00:00,1.5833333333333333,0.5,2.94,0.3657872917773965,60.549745966285414
2025-02-19,forward,2025-02-20 15:00:00,1.625,0.665,3.415,0.7526720734530519,61.30241803973846
2025-02-19,forward,2025-02-20 16:00:00,1.6666666666666667,0.82,4.085,1.3475714431086647,62.649989482847126
2025-02-19,forward,2025-02-20 17:00:00,1.7083333333333333,0.77,3.575,1.0424854903398684,63.692474973187
2025-02-19,forward,2025-02-20 18:00:00,1.75,0.725,3.49,0.9042079602765205,64.59668293346351
2025-02-19,forward,2025-02-20 19:00:00,1.7916666666666667,0.78,4.01,1.1969213437421482,65.79360427720566
2025-02-19,forward,2025-02-20 20:00:00,1.8333333333333333,0.825,4.025,1.3484108683863414,67.142015145592
2025-02-19,forward,2025-02-20 21:00:00,1.875,0.8,4.17,1.3101451446090586,68.45216029020105
2025-02-19,forward,2025-02-20 22:00:00,1.9166666666666667,0.72,4.26,1.0842450581352532,69.5364053483363
2025-02-19,forward,2025-02-20 23:00:00,1.9583333333333333,0.575,4.0,0.6547615286890724,70.19116687702538
2025-02-19,forward,2025-02-21 00:00:00,2.0,0.48,3.7750000000000004,0.4267086671606531,70.61787554418603
2025-02-19,forward,2025-02-21 01:00:00,2.0416666666666665,0.44999999999999996,3.85,0.3841879255965276,71.00206346978256
2025-02-19,forward,2025-02-21 02:00:00,2.0833333333333335,0.56,2.73,0.4233691184376001,71.42543258822016
2025-02-19,forward,2025-02-21 03:00:00,2.125,0.73,3.13,0.8238461136246678,72.24927870184483
2025-02-19,forward,2025-02-21 04:00:00,2.1666666666666665,0.9650000000000001,3.6500000000000004,1.696587155207506,73.94586585705234
2025-02-19,forward,2025-02-21 05:00:00,2.2083333333333335,1.115,4.0,2.440956473729665,76.38682233078201
2025-02-19,forward,2025-02-21 06:00:00,2.25,1.18,4.17,2.8518774696830542,79.23869980046507
2025-02-19,forward,2025-02-21 07:00:00,2.2916666666666665,1.255,4.359999999999999,3.370261827054004,82.60896162751908
2025-02-19,forward,2025-02-21 08:00:00,2.3333333333333335,1.325,4.449999999999999,3.850542115018795,86.45950374253788
2025-02-19,forward,2025-02-21 09:00:00,2.375,1.28,4.35,3.496775383405624,89.9562791259435
2025-02-19,forward,2025-02-21 10:00:00,2.4166666666666665,1.255,4.449999999999999,3.439253165261632,93.39553229120513
2025-02-19,forward,2025-02-21 11:00:00,2.4583333333333335,1.3050000000000002,4.35,3.640936004186247,97.03646829539137
2025-02-19,forward,2025-02-21 12:00:00,2.5,1.28,4.26,3.424219308747033,100.4606876041384
2025-02-19,forward,2025-02-21 13:00:00,2.5416666666666665,1.2,4.085,2.8851348515859008,103.3458224557243
2025-02-19,forward,2025-02-21 14:00:00,2.5833333333333335,1.185,4.175,2.8797536498569736,106.22557610558128
2025-02-19,forward,2025-02-21 15:00:00,2.625,1.21,4.085,2.9390658406050587,109.16464194618634
2025-02-19,forward,2025-02-21 16:00:00,2.6666666666666665,1.21,4.17,2.9954942547416987,112.16013620092804
2025-02-19,forward,2025-02-21 17:00:00,2.7083333333333335,1.065,4.085,2.2722435221358817,114.43237972306392
2025-02-19,forward,2025-02-21 18:00:00,2.75,1.155,4.085,2.6732719574235384,117.10565168048745
2025-02-19,forward,2025-02-21 19:00:00,2.7916666666666665,1.1949999999999998,4.085,2.8624843513331797,119.96813603182063
2025-02-19,forward,2025-02-21 20:00:00,2.8333333333333335,1.21,4.085,2.9334258447008104,122.90156187652144
2025-02-19,forward,2025-02-21 21:00:00,2.875,1.16,4.26,2.8110610901380095,125.71262296665945
2025-02-19,forward,2025-02-21 22:00:00,2.9166666666666665,1.255,4.26,3.2923733658711196,129.00499633253057
2025-02-19,forward,2025-02-21 23:00:00,2.9583333333333335,1.295,4.449999999999999,3.659971480968156,132.66496781349872
2025-02-19,forward,2025-02-22 00:00:00,3.0,1.205,4.17,2.971046668111345,135.63601448161006
2025-02-19,forward,2025-02-22 01:00:00,3.0416666666666665,1.38,4.35,4.064454511868179,139.70046899347824
2025-02-19,forward,2025-02-22 02:00:00,3.0833333333333335,1.415,4.35,4.288431671763462,143.98890066524172
2025-02-19,forward,2025-02-22 03:00:00,3.125,1.46,4.55,4.758270657289825,148.74717132253153
2025-02-19,forward,2025-02-22 04:00:00,3.1666666666666665,1.58,4.654999999999999,5.714547269733336,154.46171859226487
2025-02-19,forward,2025-02-22 05:00:00,3.2083333333333335,1.35,4.654999999999999,4.187907673782543,158.64962626604742
2025-02-19,forward,2025-02-22 06:00:00,3.25,1.245,4.35,3.3080114025315153,161.95763766857894
2025-02-19,forward,2025-02-22 07:00:00,3.2916666666666665,1.1400000000000001,3.925,2.501634508997359,164.4592721775763
2025-02-19,forward,2025-02-22 08:00:00,3.3333333333333335,1.2149999999999999,4.0,2.902910209241152,167.36218238681747
2025-02-19,forward,2025-02-22 09:00:00,3.375,1.225,4.01,2.948640734486866,170.31082312130434
2025-02-19,forward,2025-02-22 10:00:00,3.4166666666666665,1.1099999999999999,4.17,2.5239320189009926,172.83475514020532
2025-02-19,forward,2025-02-22 11:00:00,3.4583333333333335,1.1,3.925,2.329157389990968,175.16391253019628
2025-02-19,forward,2025-02-22 12:00:00,3.5,1.0950000000000002,4.01,2.3580631049078473,177.52197563510413
2025-02-19,forward,2025-02-22 13:00:00,3.5416666666666665,1.15,3.925,2.5509108823987754,180.0728865175029
2025-02-19,forward,2025-02-22 14:00:00,3.5833333333333335,0.94,3.6500000000000004,1.578347653390084,181.651234170893
2025-02-19,forward,2025-02-22 15:00:00,3.625,0.8500000000000001,3.7750000000000004,1.338555839008594,182.98979000990158
2025-02-19,forward,2025-02-22 16:00:00,3.6666666666666665,0.755,3.45,0.9668906078671757,183.95668061776877
2025-02-19,forward,2025-02-22 17:00:00,3.7083333333333335,0.67,3.03,0.6673048285571929,184.62398544632597
2025-02-19,forward,2025-02-22 18:00:00,3.75,0.6,2.94,0.5192564078858941,185.14324185421188
2025-02-19,forward,2025-02-22 19:00:00,3.7916666666666665,0.605,3.13,0.561869137900963,185.70511099211285
2025-02-19,forward,2025-02-22 20:00:00,3.8333333333333335,0.52,10.0,1.3265961138732594,187.0317071059861
2025-02-19,forward,2025-02-22 21:00:00,3.875,0.47,10.405000000000001,1.1259447721118911,188.157651878098
2025-02-19,forward,2025-02-22 22:00:00,3.9166666666666665,0.43999999999999995,9.545,0.9167026902425428,189.07435456834054
2025-02-19,forward,2025-02-22 23:00:00,3.9583333333333335,0.495,10.81,1.29960817418165,190.3739627425222
2025-02-19,forward,2025-02-23 00:00:00,4.0,0.46,10.0,1.0381203317144292,191.41208307423662
2025-02-19,forward,2025-02-23 01:00:00,4.041666666666667,0.48,10.0,1.1347695308390713,192.54685260507569
2025-02-19,forward,2025-02-23 02:00:00,4.083333333333333,0.525,9.545,1.2877708550117042,193.83462346008739
2025-02-19,forward,2025-02-23 03:00:00,4.125,0.6,10.0,1.7666688631869847,195.60129232327438
2025-02-19,forward,2025-02-23 04:00:00,4.166666666666667,0.595,2.6,0.4516166866507956,196.05290900992517
2025-02-19,forward,2025-02-23 05:00:00,4.208333333333333,0.675,3.08,0.6948707010232629,196.74777971094844
2025-02-19,forward,2025-02-23 06:00:00,4.25,0.765,3.1799999999999997,0.9136256152328488,197.6614053261813
2025-02-19,forward,2025-02-23 07:00:00,4.291666666666667,0.745,3.1799999999999997,0.8657641468582112,198.5271694730395
2025-02-19,forward,2025-02-23 08:00:00,4.333333333333333,0.8,3.1799999999999997,0.9998884596870936,199.5270579327266
2025-02-19,forward,2025-02-23 09:00:00,4.375,0.745,3.23,0.8795624144997369,200.40662034722632
2025-02-19,forward,2025-02-23 10:00:00,4.416666666666667,0.6950000000000001,3.23,0.7664180916544416,201.17303843888075
2025-02-19,forward,2025-02-23 11:00:00,4.458333333333333,0.6699999999999999,3.08,0.680662532844333,201.8537009717251
2025-02-19,forward,2025-02-23 12:00:00,4.5,0.62,3.13,0.5916643198128321,202.4453652915379
2025-02-19,forward,2025-02-23 13:00:00,4.541666666666667,0.5549999999999999,2.9,0.4385886689718369,202.88395396050976
2025-02-19,forward,2025-02-23 14:00:00,4.583333333333333,0.565,2.84,0.444539708491542,203.3284936690013
2025-02-19,forward,2025-02-23 15:00:00,4.625,0.595,3.03,0.5266044453472611,203.85509811434855
2025-02-19,forward,2025-02-23 16:00:00,4.666666666666667,0.685,3.13,0.7202413610960174,204.57533947544457
2025-02-19,forward,2025-02-23 17:00:00,4.708333333333333,0.5449999999999999,3.08,0.44909963733044544,205.024439112775
2025-02-19,forward,2025-02-23 18:00:00,4.75,0.495,3.035,0.3646159721687159,205.38905508494372
2025-02-19,forward,2025-02-23 19:00:00,4.791666666666667,0.41000000000000003,10.0,0.8251977305971976,206.21425281554093
2025-02-19,forward,2025-02-23 20:00:00,4.833333333333333,0.38,9.09,0.6439662546914143,206.85821907023234
2025-02-19,forward,2025-02-23 21:00:00,4.875,0.475,2.9,0.32113781480717035,207.1793568850395
2025-02-19,forward,2025-02-23 22:00:00,4.916666666666667,0.4,6.47,0.48143468169849857,207.660791566738
2025-02-19,forward,2025-02-23 23:00:00,4.958333333333333,0.34,10.0,0.5671394628836863,208.2279310296217
2025-02-19,forward,2025-02-24 00:00:00,5.0,0.35,10.715,0.6509757746533095,208.878906804275
2025-02-19,forward,2025-02-24 01:00:00,5.041666666666667,0.45,2.73,0.27192669188028984,209.1508334961553
2025-02-19,forward,2025-02-24 02:00:00,5.083333333333333,0.46499999999999997,2.8,0.29692547330869656,209.447758969464
2025-02-19,forward,2025-02-24 03:00:00,5.125,0.5,2.86,0.35134387846658705,209.79910284793058
2025-02-19,forward,2025-02-24 04:00:00,5.166666666666667,0.565,2.995,0.47184654147975524,210.27094938941033
2025-02-19,forward,2025-02-24 05:00:00,5.208333333333333,0.54,3.13,0.44846258664484484,210.71941197605517
2025-02-19,forward,2025-02-24 06:00:00,5.25,0.445,2.8,0.27272784996237376,210.99213982601754
2025-02-19,forward,2025-02-24 07:00:00,5.291666666666667,0.41500000000000004,9.95,0.8525256596034938,211.84466548562102
2025-02-19,forward,2025-02-24 08:00:00,5.333333333333333,0.435,6.705,0.5651623244447407,212.40982781006576
2025-02-19,forward,2025-02-24 09:00:00,5.375,0.38,10.26,0.7268530003447647,213.13668081041052
2025-02-19,forward,2025-02-24 10:00:00,5.416666666666667,0.36,10.715,0.6812856012853904,213.81796641169592
2025-02-19,forward,2025-02-24 11:00:00,5.458333333333333,0.325,11.855,0.6161396256297365,214.43410603732565
2025-02-19,forward,2025-02-24 12:00:00,5.5,0.275,11.120000000000001,0.41505655140527337,214.84916258873093
2025-02-19,forward,2025-02-24 13:00:00,5.541666666666667,0.295,10.715,0.4565725337825599,215.30573512251348
2025-02-19,forward,2025-02-24 14:00:00,5.583333333333333,0.265,10.405000000000001,0.35808184852129693,215.66381697103478
2025-02-19,forward,2025-02-24 15:00:00,5.625,0.26,11.774999999999999,0.3919745639919934,216.05579153502677
2025-02-19,forward,2025-02-24 16:00:00,5.666666666666667,0.24,,,
2025-02-19,forward,2025-02-24 17:00:00,5.708333333333333,0.275,10.715,0.39864409463920125,216.45443562966597
2025-02-19,forward,2025-02-24 18:00:00,5.75,0.305,11.465,0.5243665503127076,216.9788021799787
2025-02-19,forward,2025-02-24 19:00:00,5.791666666666667,0.41500000000000004,6.95,0.4695961360158734,217.44839831599455
2025-02-19,forward,2025-02-24 20:00:00,5.833333333333333,0.58,3.03,0.5000698247419016,217.94846814073645
2025-02-19,forward,2025-02-24 21:00:00,5.875,0.65,3.2800000000000002,0.6822854544215124,218.63075359515796
2025-02-19,forward,2025-02-24 22:00:00,5.916666666666667,0.77,3.57,1.0400170109216165,219.67077060607957
2025-02-19,forward,2025-02-24 23:00:00,5.958333333333333,0.8,3.85,1.2105508432390093,220.8813214493186
2025-02-19,forward,2025-02-25 00:00:00,6.0,0.765,3.925,1.1272534611406473,222.00857491045923
2025-02-19,forward,2025-02-25 01:00:00,6.041666666666667,0.7949999999999999,3.785,1.181777346388953,223.19035225684817
2025-02-19,forward,2025-02-25 02:00:00,6.083333333333333,0.825,4.175,1.4015752869809701,224.59192754382914
2025-02-19,forward,2025-02-25 03:00:00,6.125,0.78,4.26,1.2710007471483638,225.86292829097752
2025-02-19,forward,2025-02-25 04:00:00,6.166666666666667,0.7849999999999999,4.26,1.2880303850946326,227.15095867607215
2025-02-19,forward,2025-02-25 05:00:00,6.208333333333333,0.745,4.01,1.0960688856657277,228.24702756173787
2025-02-19,forward,2025-02-25 06:00:00,6.25,0.77,3.785,1.1027899298454638,229.34981749158334
2025-02-19,forward,2025-02-25 07:00:00,6.291666666666667,0.845,4.17,1.4608200195316963,230.81063751111503
2025-02-19,forward,2025-02-25 08:00:00,6.333333333333333,0.87,3.615,1.3496729499332862,232.1603104610483
2025-02-19,forward,2025-02-25 09:00:00,6.375,0.9199999999999999,3.33,1.3834297677991225,233.54374022884744
2025-02-19,forward,2025-02-25 10:00:00,6.416666666666667,0.825,3.2800000000000002,1.0962204826328825,234.6399607114803
2025-02-19,forward,2025-02-25 11:00:00,6.458333333333333,0.785,3.1799999999999997,0.9612339313904898,235.6011946428708
2025-02-19,forward,2025-02-25 12:00:00,6.5,0.78,3.515,1.0526932647641674,236.65388790763498
2025-02-19,forward,2025-02-25 13:00:00,6.541666666666667,0.685,2.985,0.6914860166336136,237.34537392426859
2025-02-19,forward,2025-02-25 14:00:00,6.583333333333333,0.5449999999999999,3.085,0.44232879673593184,237.7877027210045
2025-02-19,forward,2025-02-25 15:00:00,6.625,0.49,11.774999999999999,1.3860208984852989,239.1737236194898
2025-02-19,forward,2025-02-25 16:00:00,6.666666666666667,0.44,10.81,1.028867520062192,240.202591139552
2025-02-19,forward,2025-02-25 17:00:00,6.708333333333333,0.39,12.165,0.9045268535731248,241.10711799312512
2025-02-19,forward,2025-02-25 18:00:00,6.75,0.37,10.405000000000001,0.6979409075619534,241.80505890068707
2025-02-19,forward,2025-02-25 19:00:00,6.791666666666667,0.36,11.059999999999999,0.7075084423676854,242.51256734305477
2025-02-19,forward,2025-02-25 20:00:00,6.833333333333333,0.5900000000000001,2.815,0.49954070717207466,243.01210805022686
2025-02-19,forward,2025-02-25 21:00:00,6.875,0.655,3.45,0.7272202182409313,243.7393282684678
2025-02-19,forward,2025-02-25 22:00:00,6.916666666666667,0.55,3.45,0.512176976701282,244.25150524516908
2025-02-19,forward,2025-02-25 23:00:00,6.958333333333333,0.515,3.13,0.4073162751890831,244.65882152035817
2025-02-19,forward,2025-02-26 00:00:00,7.0,0.55,3.23,0.4793579504299982,245.13817947078817
2025-02-19,forward,2025-02-26 01:00:00,7.041666666666667,0.575,3.7,0.6005717454945936,245.73875121628276
2025-02-19,forward,2025-02-26 02:00:00,7.083333333333333,0.535,3.45,0.4845031711194382,246.2232543874022
2025-02-19,forward,2025-02-26 03:00:00,7.125,0.495,8.334999999999999,0.9928649574806551,247.21611934488286
2025-02-19,forward,2025-02-26 04:00:00,7.166666666666667,0.46499999999999997,7.845,0.8833746612093715,248.09949400609221
2025-02-19,forward,2025-02-26 05:00:00,7.208333333333333,0.405,12.51,1.006076952061501,249.10557095815372
2025-02-19,forward,2025-02-26 06:00:00,7.25,0.435,11.465,1.063093111074036,250.16866406922776
2025-02-19,forward,2025-02-26 07:00:00,7.291666666666667,0.4,11.120000000000001,0.881444620857309,251.05010869008507
2025-02-19,forward,2025-02-26 08:00:00,7.333333333333333,0.335,11.465,0.6324588674321858,251.68256755751725
2025-02-19,forward,2025-02-26 09:00:00,7.375,0.33,11.774999999999999,0.6291016569265516,252.3116692144438
2025-02-19,forward,2025-02-26 10:00:00,7.416666666666667,0.385,11.774999999999999,0.8570733233156048,253.1687425377594
2025-02-19,forward,2025-02-26 11:00:00,7.458333333333333,0.41000000000000003,6.235,0.45851336744619997,253.6272559052056
2025-02-19,forward,2025-02-26 12:00:00,7.5,0.42,11.774999999999999,1.0210401614457751,254.64829606665137
2025-02-19,forward,2025-02-26 13:00:00,7.541666666666667,0.455,7.015,0.7027267600363741,255.35102282668774
2025-02-19,forward,2025-02-26 14:00:00,7.583333333333333,0.45,7.529999999999999,0.728189408560072,256.07921223524784
2025-02-19,forward,2025-02-26 15:00:00,7.625,0.41,12.12,0.9995450361369044,257.07875727138475
2025-02-19,forward,2025-02-26 16:00:00,7.666666666666667,0.42,11.120000000000001,0.9616232265148825,258.0403804978996
2025-02-19,forward,2025-02-26 17:00:00,7.708333333333333,0.46499999999999997,7.185,0.698721460231026,258.7391019581306
2025-02-19,forward,2025-02-26 18:00:00,7.75,0.42000000000000004,11.774999999999999,1.0285052082167425,259.7676071663474
2025-02-19,forward,2025-02-26 19:00:00,7.791666666666667,0.405,11.774999999999999,0.9483817956297349,260.71598896197713
2025-02-19,forward,2025-02-26 20:00:00,7.833333333333333,0.385,10.715,0.7779750300259118,261.49396399200305
2025-02-19,forward,2025-02-26 21:00:00,7.875,0.455,2.945,0.29896271086892545,261.79292670287197
2025-02-19,forward,2025-02-26 22:00:00,7.916666666666667,0.41000000000000003,11.465,0.9487242379697807,262.74165094084174
2025-02-19,forward,2025-02-26 23:00:00,7.958333333333333,0.38,2.94,0.20827951471867528,262.94993045556043
2025-02-19,forward,2025-02-27 00:00:00,8.0,0.38,11.43,0.8097397459981152,263.75967020155855
2025-02-19,forward,2025-02-27 01:00:00,8.041666666666666,0.35,11.465,0.6918483284790632,264.4515185300376
2025-02-19,forward,2025-02-27 02:00:00,8.083333333333334,0.28,10.405000000000001,0.40183523532806537,264.8533537653657
2025-02-19,forward,2025-02-27 03:00:00,8.125,0.245,10.81,0.3585125997742484,265.21186636513994
2025-02-19,forward,2025-02-27 04:00:00,8.166666666666666,0.27,9.95,0.3540726238753752,265.5659389890153
2025-02-19,forward,2025-02-27 05:00:00,8.208333333333334,0.28,11.120000000000001,0.43159901851534566,265.99753800753064
2025-02-19,forward,2025-02-27 06:00:00,8.25,0.325,10.405000000000001,0.5384000630861129,266.53593807061674
2025-02-19,forward,2025-02-27 07:00:00,8.291666666666666,0.33499999999999996,9.545,0.528827131624592,267.06476520224135
2025-02-19,forward,2025-02-27 08:00:00,8.333333333333334,0.395,8.39,0.6377731015688259,267.7025383038102
2025-02-19,forward,2025-02-27 09:00:00,8.375,0.45499999999999996,13.79,1.402138256300744,269.10467656011093
2025-02-19,forward,2025-02-27 10:00:00,8.416666666666666,0.535,12.51,1.7578742766717141,270.86255083678265
2025-02-19,forward,2025-02-27 11:00:00,8.458333333333334,0.595,11.43,1.9864979572010544,272.8490487939837
2025-02-19,forward,2025-02-27 12:00:00,8.5,0.65,12.12,2.517592910769574,275.36664170475325
2025-02-19,forward,2025-02-27 13:00:00,8.541666666666666,0.715,12.165,3.0601761179995255,278.42681782275275
2025-02-19,forward,2025-02-27 14:00:00,8.583333333333334,0.875,11.43,4.3046863989989825,282.7315042217517
2025-02-19,forward,2025-02-27 15:00:00,8.625,0.98,11.774999999999999,5.59963946695782,288.3311436887095
2025-02-19,forward,2025-02-27 16:00:00,8.666666666666666,1.15,11.465,7.466016206588952,295.7971598952985
2025-02-19,forward,2025-02-27 17:00:00,8.708333333333334,1.2650000000000001,11.774999999999999,9.2586155102355,305.05577540553395
2025-02-19,forward,2025-02-27 18:00:00,8.75,1.21,7.68,5.443689115699206,310.49946452123316
2025-02-19,forward,2025-02-27 19:00:00,8.791666666666666,1.135,11.120000000000001,7.034354145321893,317.5338186665551
2025-02-19,forward,2025-02-27 20:00:00,8.833333333333334,1.1400000000000001,11.465,7.32687668341463,324.8606953499697
2025-02-19,forward,2025-02-27 21:00:00,8.875,1.25,7.99,6.167481721606715,331.0281770715764
2025-02-19,forward,2025-02-27 22:00:00,8.916666666666666,1.245,7.905,6.102501325162759,337.13067839673914
2025-02-19,forward,2025-02-27 23:00:00,8.958333333333334,1.21,11.43,8.219082726519648,345.3497611232588
2025-02-19,forward,2025-02-28 00:00:00,9.0,1.0750000000000002,7.0200000000000005,3.8822376556758895,349.2319987789347
2025-02-19,forward,2025-02-28 01:00:00,9.041666666666666,0.9550000000000001,10.81,4.843367333488644,354.07536611242335
2025-02-19,forward,2025-02-28 02:00:00,9.083333333333334,0.905,10.81,4.344843895932736,358.4202100083561
2025-02-19,forward,2025-02-28 03:00:00,9.125,0.825,10.405000000000001,3.480483860789726,361.9006938691458
2025-02-19,forward,2025-02-28 04:00:00,9.166666666666666,0.77,11.120000000000001,3.2320807008872454,365.13277457003306
2025-02-19,forward,2025-02-28 05:00:00,9.208333333333334,0.8200000000000001,10.0,3.3066781832491743,368.43945275328224
2025-02-19,forward,2025-02-28 06:00:00,9.25,0.865,9.95,3.6645228242183046,372.10397557750053
2025-02-19,forward,2025-02-28 07:00:00,9.291666666666666,0.86,10.405000000000001,3.772562891897647,375.87653846939816
2025-02-19,forward,2025-02-28 08:00:00,9.333333333333334,0.835,9.95,3.415185552259309,379.29172402165744
2025-02-19,forward,2025-02-28 09:00:00,9.375,0.76,10.405000000000001,2.944502726009624,382.23622674766705
2025-02-19,forward,2025-02-28 10:00:00,9.416666666666666,0.755,10.405000000000001,2.9055849880920537,385.1418117357591
2025-02-19,forward,2025-02-28 11:00:00,9.458333333333334,0.745,10.0,2.7289907113239664,387.87080244708307
2025-02-19,forward,2025-02-28 12:00:00,9.5,0.735,8.335,2.215190567742969,390.08599301482604
2025-02-19,forward,2025-02-28 13:00:00,9.541666666666666,0.755,10.405000000000001,2.9055224359454117,392.99151545077143
2025-02-19,forward,2025-02-28 14:00:00,9.583333333333334,0.8049999999999999,10.0,3.1891782685773373,396.18069371934877
2025-02-19,forward,2025-02-28 15:00:00,9.625,0.825,3.45,1.1520596800784122,397.3327533994272
2025-02-19,forward,2025-02-28 16:00:00,9.666666666666666,0.8999999999999999,3.7750000000000004,1.505760180006904,398.8385135794341
2025-02-19,forward,2025-02-28 17:00:00,9.708333333333334,0.925,3.7750000000000004,1.5914603004439105,400.429973879878
2025-02-19,forward,2025-02-28 18:00:00,9.75,1.045,3.7750000000000004,2.0240378307747595,402.45401171065276
2025-02-19,forward,2025-02-28 19:00:00,9.791666666666666,0.935,3.925,1.6842324929894537,404.1382442036422
2025-02-19,forward,2025-02-28 20:00:00,9.833333333333334,0.765,6.85,1.867137422794801,406.00538162643704
2025-02-19,forward,2025-02-28 21:00:00,9.875,0.625,9.09,1.743034699765508,407.7484163262026
2025-02-19,forward,2025-02-28 22:00:00,9.916666666666666,0.615,9.545,1.776333783099449,409.52475010930203
2025-02-19,forward,2025-02-28 23:00:00,9.958333333333334,0.615,10.0,1.8655257851342708,411.3902758944363
2025-02-19,forward,2025-03-01 00:00:00,10.0,0.55,9.545,1.419478447257399,412.8097543416937
2025-02-19,forward,2025-03-01 01:00:00,10.041666666666666,0.5700000000000001,10.0,1.5959382982358403,414.40569263992955
2025-02-19,forward,2025-03-01 02:00:00,10.083333333333334,0.56,9.545,1.4665022074721108,415.87219484740166
2025-02-19,forward,2025-03-01 03:00:00,10.125,0.5800000000000001,10.0,1.65235788148119,417.52455272888284
2025-02-19,forward,2025-03-01 04:00:00,10.166666666666666,0.655,9.09,1.9187429437741068,419.443295672657
2025-02-19,forward,2025-03-01 05:00:00,10.208333333333334,0.765,9.09,2.612656719605022,422.055952392262
2025-02-19,forward,2025-03-01 06:00:00,10.25,0.8899999999999999,9.545,3.7408401226590735,425.79679251492104
2025-02-19,forward,2025-03-01 07:00:00,10.291666666666666,0.94,3.45,1.4955703126677222,427.29236282758876
2025-02-19,forward,2025-03-01 08:00:00,10.333333333333334,1.0150000000000001,8.71,4.400541308512544,431.69290413610133
2025-02-19,forward,2025-03-01 09:00:00,10.375,1.09,3.85,2.244307242840679,433.93721137894204
2025-02-19,forward,2025-03-01 10:00:00,10.416666666666666,1.16,6.545,4.236723369021634,438.1739347479637
2025-02-19,forward,2025-03-01 11:00:00,10.458333333333334,1.1349999999999998,4.085,2.581336491827777,440.75527123979145
2025-02-19,forward,2025-03-01 12:00:00,10.5,1.1400000000000001,4.085,2.6048129257187034,443.36008416551016
2025-02-19,forward,2025-03-01 13:00:00,10.541666666666666,1.16,4.55,3.003719739373799,446.363803904884
2025-02-19,forward,2025-03-01 14:00:00,10.583333333333334,1.0750000000000002,4.26,2.417124596464294,448.7809285013483
2025-02-19,forward,2025-03-01 15:00:00,10.625,1.13,4.55,2.850363953036863,451.6312924543852
2025-02-19,forward,2025-03-01 16:00:00,10.666666666666666,1.07,4.35,2.443581210863253,454.07487366524845
2025-02-19,forward,2025-03-01 17:00:00,10.708333333333334,0.995,4.26,2.0773163150485576,456.152189980297
2025-02-19,forward,2025-03-01 18:00:00,10.75,0.905,4.555,1.8266463144122929,457.9788362947093
2025-02-19,forward,2025-03-01 19:00:00,10.791666666666666,0.875,9.09,3.423412018101553,461.40224831281085
2025-02-19,forward,2025-03-01 20:00:00,10.833333333333334,0.8200000000000001,9.09,3.005770468573499,464.4080187813843
2025-02-19,forward,2025-03-01 21:00:00,10.875,0.8049999999999999,8.33,2.649229365279872,467.0572481466642
2025-02-19,forward,2025-03-01 22:00:00,10.916666666666666,0.87,8.01,2.9814604966657576,470.03870864333
2025-02-19,forward,2025-03-01 23:00:00,10.958333333333334,1.44,4.1,4.333892364219741,474.37260100754975
2025-02-19,forward,2025-03-02 00:00:00,11.0,1.335,4.775,4.217087882237038,478.58968888978677
2025-02-19,forward,2025-03-02 01:00:00,11.041666666666666,1.345,4.555,4.064279120555047,482.6539680103418
2025-02-19,forward,2025-03-02 02:00:00,11.083333333333334,1.625,4.88,6.323076138885812,488.97704414922765
2025-02-19,forward,2025-03-02 03:00:00,11.125,1.53,5.0,5.746211902270914,494.72325605149854
2025-02-19,forward,2025-03-02 04:00:00,11.166666666666666,1.41,4.654999999999999,4.540356394870595,499.2636124463691
2025-02-19,forward,2025-03-02 05:00:00,11.208333333333334,1.46,4.55,4.763851289980398,504.0274637363495
2025-02-19,forward,2025-03-02 06:00:00,11.25,1.355,4.55,4.111028877837215,508.1384926141867
2025-02-19,forward,2025-03-02 07:00:00,11.291666666666666,1.2650000000000001,4.35,3.419413096162137,511.55790571034885
2025-02-19,forward,2025-03-02 08:00:00,11.333333333333334,1.24,4.26,3.213549566119042,514.7714552764679
2025-02-19,forward,2025-03-02 09:00:00,11.375,1.275,4.085,3.259996374769437,518.0314516512374
2025-02-19,forward,2025-03-02 10:00:00,11.416666666666666,1.29,4.35,3.5514091641899905,521.5828608154274
2025-02-19,forward,2025-03-02 11:00:00,11.458333333333334,1.335,4.449999999999999,3.889030082893558,525.4718908983209
2025-02-19,forward,2025-03-02 12:00:00,11.5,1.41,4.555,4.4533389998160775,529.925229898137
2025-02-19,forward,2025-03-02 13:00:00,11.541666666666666,1.365,4.449999999999999,4.070279220581922,533.9955091187189
2025-02-19,forward,2025-03-02 14:00:00,11.583333333333334,1.3900000000000001,4.449999999999999,4.221747403905496,538.2172565226244
2025-02-19,forward,2025-03-02 15:00:00,11.625,1.26,4.55,3.558211403509093,541.7754679261335
2025-02-19,forward,2025-03-02 16:00:00,11.666666666666666,1.1549999999999998,4.35,2.848319356400559,544.6237872825341
2025-02-19,forward,2025-03-02 17:00:00,11.708333333333334,1.075,3.935,2.2659875715641156,546.8897748540982
2025-02-19,forward,2025-03-02 18:00:00,11.75,0.89,3.85,1.4978418141496872,548.3876166682478
2025-02-19,forward,2025-03-02 19:00:00,11.791666666666666,0.87,3.7750000000000004,1.4012649792731207,549.788881647521
2025-02-19,forward,2025-03-02 20:00:00,11.833333333333334,0.94,3.925,1.712564935880053,551.501446583401
2025-02-19,forward,2025-03-02 21:00:00,11.875,0.9450000000000001,3.85,1.687196974135193,553.1886435575362
2025-02-19,forward,2025-03-02 22:00:00,11.916666666666666,0.9299999999999999,3.635,1.5420041202837167,554.73064767782
2025-02-19,forward,2025-03-02 23:00:00,11.958333333333334,0.915,3.7750000000000004,1.5499759620937488,556.2806236399138
2025-02-19,forward,2025-03-03 00:00:00,12.0,0.9450000000000001,3.7750000000000004,1.6607926091763696,557.9414162490901
2025-02-19,forward,2025-03-03 01:00:00,12.041666666666666,0.87,3.51,1.3033998154782735,559.2448160645685
2025-02-19,forward,2025-03-03 02:00:00,12.083333333333334,0.87,3.7750000000000004,1.4026300878851221,560.6474461524535
2025-02-19,forward,2025-03-03 03:00:00,12.125,0.915,3.575,1.4671311631740287,562.1145773156276
2025-02-19,forward,2025-03-03 04:00:00,12.166666666666666,0.97,3.7750000000000004,1.7425789276538997,563.8571562432815
2025-02-19,forward,2025-03-03 05:00:00,12.208333333333334,1.0150000000000001,3.7750000000000004,1.9110367646103998,565.7681930078918
2025-02-19,forward,2025-03-03 06:00:00,12.25,0.95,3.925,1.738161028983253,567.506354036875
2025-02-19,forward,2025-03-03 07:00:00,12.291666666666666,0.935,3.57,1.5438245104022543,569.0501785472773
2025-02-19,forward,2025-03-03 08:00:00,12.333333333333334,1.04,3.7750000000000004,2.0071229944152678,571.0573015416925
2025-02-19,forward,2025-03-03 09:00:00,12.375,1.005,3.7,1.833481914876271,572.8907834565688
2025-02-19,forward,2025-03-03 10:00:00,12.416666666666666,0.925,3.635,1.528467835750478,574.4192512923192
2025-02-19,forward,2025-03-03 11:00:00,12.458333333333334,0.8300000000000001,3.635,1.2282040402314076,575.6474553325506
2025-02-19,forward,2025-03-03 12:00:00,12.5,0.72,3.33,0.8470811698203176,576.4945365023709
2025-02-19,forward,2025-03-03 13:00:00,12.541666666666666,0.66,3.2800000000000002,0.7009608270807948,577.1954973294518
2025-02-19,forward,2025-03-03 14:00:00,12.583333333333334,0.6,3.035,0.5356247101955133,577.7311220396473
2025-02-19,forward,2025-03-03 15:00:00,12.625,0.54,6.925,1.0246385043441493,578.7557605439914
2025-02-19,forward,2025-03-03 16:00:00,12.666666666666666,0.48,6.82,0.7936223881826698,579.5493829321741
2025-02-19,forward,2025-03-03 17:00:00,12.708333333333334,0.44,7.175,0.6901093788024272,580.2394923109765
2025-02-19,forward,2025-03-03 18:00:00,12.75,0.45999999999999996,5.0,0.519305468393064,580.7587977793696
2025-02-19,forward,2025-03-03 19:00:00,12.791666666666666,0.475,5.055,0.5607907879533693,581.319588567323
2025-02-19,forward,2025-03-03 20:00:00,12.833333333333334,0.45499999999999996,5.13,0.5207370539922807,581.8403256213153
2025-02-19,forward,2025-03-03 21:00:00,12.875,0.43000000000000005,4.88,0.44331466762751043,582.2836402889428
2025-02-19,forward,2025-03-03 22:00:00,12.916666666666666,0.385,7.045,0.5162610186206378,582.7999013075635
2025-02-19,forward,2025-03-03 23:00:00,12.958333333333334,0.38,6.665,0.4564896215254428,583.2563909290889
2025-02-19,forward,2025-03-04 00:00:00,13.0,0.485,2.67,0.30891929549651453,583.5653102245853
2025-02-19,forward,2025-03-04 01:00:00,13.041666666666666,0.575,2.6,0.4232989619123472,583.9886091864977
2025-02-19,forward,2025-03-04 02:00:00,13.083333333333334,0.495,2.67,0.3211647980861138,584.3097739845838
2025-02-19,forward,2025-03-04 03:00:00,13.125,0.575,2.945,0.4779734629176643,584.7877474475015
2025-02-19,forward,2025-03-04 04:00:00,13.166666666666666,0.48,2.985,0.33842035966790013,585.1261678071694
2025-02-19,forward,2025-03-04 05:00:00,13.208333333333334,0.395,2.6050000000000004,0.202800927883016,585.3289687350524
2025-02-19,forward,2025-03-04 06:00:00,13.25,0.33999999999999997,2.35,0.13339306596951545,585.4623618010219
2025-02-19,forward,2025-03-04 07:00:00,13.291666666666666,0.42,2.375,0.21529712966425335,585.6776589306861
2025-02-19,forward,2025-03-04 08:00:00,13.333333333333334,0.445,2.535,0.24698604715287936,585.924644977839
2025-02-19,forward,2025-03-04 09:00:00,13.375,0.38,2.35,0.16648192503023365,586.0911269028692
2025-02-19,forward,2025-03-04 10:00:00,13.416666666666666,0.445,2.47,0.2399959060913164,586.3311228089605
2025-02-19,forward,2025-03-04 11:00:00,13.458333333333334,0.565,2.74,0.429423185022362,586.7605459939829
2025-02-19,forward,2025-03-04 12:00:00,13.5,0.635,2.945,0.5828932823410029,587.3434392763239
2025-02-19,forward,2025-03-04 13:00:00,13.541666666666666,0.645,2.94,0.600390221618065,587.943829497942
2025-02-19,forward,2025-03-04 14:00:00,13.583333333333334,0.665,3.13,0.6784064854221266,588.6222359833641
2025-02-19,forward,2025-03-04 15:00:00,13.625,0.72,3.2800000000000002,0.8341385174238344,589.456374500788
2025-02-19,forward,2025-03-04 16:00:00,13.666666666666666,0.7949999999999999,3.39,1.0510225091924972,590.5073970099805
2025-02-19,forward,2025-03-04 17:00:00,13.708333333333334,0.825,3.45,1.1523981975778845,591.6597952075584
2025-02-19,forward,2025-03-04 18:00:00,13.75,0.79,3.51,1.074869595215091,592.7346648027735
2025-02-19,forward,2025-03-04 19:00:00,13.791666666666666,0.885,3.465,1.344066069871378,594.0787308726449
2025-02-19,forward,2025-03-04 20:00:00,13.833333333333334,0.935,3.57,1.531564289660504,595.6102951623054
2025-02-19,forward,2025-03-04 21:00:00,13.875,0.9199999999999999,4.449999999999999,1.8477364452344762,597.4580316075399
2025-02-19,forward,2025-03-04 22:00:00,13.916666666666666,0.855,4.175,1.4981263650912722,598.9561579726311
2025-02-19,forward,2025-03-04 23:00:00,13.958333333333334,0.88,4.449999999999999,1.691746109662519,600.6479040822936
2025-02-19,forward,2025-03-05 00:00:00,14.0,0.885,4.305,1.6562424924388999,602.3041465747325
2025-02-19,forward,2025-03-05 01:00:00,14.041666666666666,0.8200000000000001,4.275,1.4224554388324664,603.726602013565
2025-02-19,forward,2025-03-05 02:00:00,14.083333333333334,0.8,4.17,1.3126001323878387,605.0392021459528
2025-02-19,forward,2025-03-05 03:00:00,14.125,0.81,3.4,1.0918602300581604,606.131062376011
2025-02-19,forward,2025-03-05 04:00:00,14.166666666666666,0.81,4.26,1.3717170623173875,607.5027794383284
2025-02-19,forward,2025-03-05 05:00:00,14.208333333333334,0.7050000000000001,4.085,1.0053950110118397,608.5081744493402
2025-02-19,forward,2025-03-05 06:00:00,14.25,0.6950000000000001,4.085,0.9693612950082502,609.4775357443485
2025-02-19,forward,2025-03-05 07:00:00,14.291666666666666,0.63,3.87,0.7580392929374355,610.2355750372859
2025-02-19,forward,2025-03-05 08:00:00,14.333333333333334,0.6000000000000001,3.035,0.5361803204392122,610.7717553577252
2025-02-19,forward,2025-03-05 09:00:00,14.375,0.645,3.2800000000000002,0.6693430473275651,611.4410984050527
2025-02-19,forward,2025-03-05 10:00:00,14.416666666666666,0.73,3.39,0.889079416983084,612.3301778220358
2025-02-19,forward,2025-03-05 11:00:00,14.458333333333334,0.675,3.13,0.7022704973196943,613.0324483193555
2025-02-19,forward,2025-03-05 12:00:00,14.5,0.675,3.255,0.7310852049957735,613.7635335243513
2025-02-19,forward,2025-03-05 13:00:00,14.541666666666666,0.605,2.9850000000000003,0.5341754628137154,614.2977089871649
2025-02-19,forward,2025-03-05 14:00:00,14.583333333333334,0.7,2.945,0.7097132215598994,615.0074222087248
2025-02-19,forward,2025-03-05 15:00:00,14.625,0.8,3.515,1.115237316422067,616.1226595251469
2025-02-19,forward,2025-03-05 16:00:00,14.666666666666666,0.875,3.85,1.4465600925177022,617.5692196176647
2025-02-19,forward,2025-03-05 17:00:00,14.708333333333334,0.785,3.6500000000000004,1.104294370297828,618.6735139879625
2025-02-19,forward,2025-03-05 18:00:00,14.75,0.905,4.175,1.678417596377145,620.3519315843396
2025-02-19,forward,2025-03-05 19:00:00,14.791666666666666,0.84,4.35,1.5060569960752814,621.8579885804148
2025-02-19,forward,2025-03-05 20:00:00,14.833333333333334,0.95,4.55,2.014831626604333,623.8728202070191
2025-02-19,forward,2025-03-05 21:00:00,14.875,0.95,4.35,1.9260541858550964,625.7988743928743
2025-02-19,forward,2025-03-05 22:00:00,14.916666666666666,0.9450000000000001,4.55,1.9979781158788041,627.7968525087531
2025-02-19,forward,2025-03-05 23:00:00,14.958333333333334,0.94,4.555,1.9756703032686644,629.7725228120217
2025-02-19,forward,2025-03-06 00:00:00,15.0,0.985,4.555,2.1716424991587067,631.9441653111804
2025-02-19,forward,2025-03-06 01:00:00,15.041666666666666,1.0750000000000002,4.359999999999999,2.478273121995747,634.4224384331761
2025-02-19,forward,2025-03-06 02:00:00,15.083333333333334,1.2,4.449999999999999,3.142229816241131,637.5646682494173
2025-02-19,forward,2025-03-06 03:00:00,15.125,1.225,4.76,3.507240480190029,641.0719087296073
2025-02-19,forward,2025-03-06 04:00:00,15.166666666666666,1.33,4.775,4.1593878197545555,645.2312965493619
2025-02-19,forward,2025-03-06 05:00:00,15.208333333333334,1.4,4.76,4.577149076920103,649.808445626282
2025-02-19,forward,2025-03-06 06:00:00,15.25,1.63,5.0,6.526273966271831,656.3347195925538
2025-02-19,forward,2025-03-06 07:00:00,15.291666666666666,1.6800000000000002,5.26,7.320596938496887,663.6553165310507
2025-02-19,forward,2025-03-06 08:00:00,15.333333333333334,2.005,5.57,11.010095731007763,674.6654122620585
2025-02-19,forward,2025-03-06 09:00:00,15.375,1.81,5.72,9.20464208387764,683.8700543459361
2025-02-19,forward,2025-03-06 10:00:00,15.416666666666666,1.85,6.0649999999999995,10.175044442848034,694.0450987887841
2025-02-19,forward,2025-03-06 11:00:00,15.458333333333334,1.73,5.88,8.636387966271052,702.6814867550552
2025-02-19,forward,2025-03-06 12:00:00,15.5,1.5350000000000001,5.88,6.813365260918328,709.4948520159735
2025-02-19,forward,2025-03-06 13:00:00,15.541666666666666,1.415,5.72,5.645061892218507,715.139913908192
2025-02-19,forward,2025-03-06 14:00:00,15.583333333333334,1.2650000000000001,5.13,4.024991711715952,719.164905619908
2025-02-19,forward,2025-03-06 15:00:00,15.625,1.2,8.33,5.904930983251658,725.0698366031597
2025-02-19,forward,2025-03-06 16:00:00,15.666666666666666,1.1150000000000002,8.33,5.080839812393678,730.1506764155534
2025-02-19,forward,2025-03-06 17:00:00,15.708333333333334,1.085,8.01,4.632190305216516,734.78286672077
2025-02-19,forward,2025-03-06 18:00:00,15.75,1.065,8.01,4.480222440627416,739.2630891613975
2025-02-19,forward,2025-03-06 19:00:00,15.791666666666666,1.105,7.69,4.648220335329198,743.9113094967266
2025-02-19,forward,2025-03-06 20:00:00,15.833333333333334,1.04,7.734999999999999,4.126118908632524,748.0374284053592
2025-02-19,forward,2025-03-06 21:00:00,15.875,1.01,8.01,4.016648972471716,752.0540773778308
2025-02-19,forward,2025-03-06 22:00:00,15.916666666666666,1.01,8.39,4.223427726276064,756.2775051041069
2025-02-19,forward,2025-03-06 23:00:00,15.958333333333334,0.985,8.01,3.8283770684845204,760.1058821725915
2025-02-19,forward,2025-03-07 00:00:00,16.0,0.95,11.059999999999999,4.897048113921233,765.0029302865127
2025-02-19,forward,2025-03-07 01:00:00,16.041666666666668,1.0950000000000002,8.39,4.925043265825042,769.9279735523377
2025-02-19,forward,2025-03-07 02:00:00,16.083333333333332,1.19,9.905,6.8814575653320675,776.8094311176698
2025-02-19,forward,2025-03-07 03:00:00,16.125,1.395,6.34,5.961460707335604,782.7708918250054
2025-02-19,forward,2025-03-07 04:00:00,16.166666666666668,1.365,4.26,3.910763887569809,786.6816557125752
2025-02-19,forward,2025-03-07 05:00:00,16.208333333333332,1.505,4.449999999999999,4.956051959381757,791.637707671957
2025-02-19,forward,2025-03-07 06:00:00,16.25,1.615,5.0,6.401047021720741,798.0387546936777
2025-02-19,forward,2025-03-07 07:00:00,16.291666666666668,1.51,4.449999999999999,4.9782236290845,803.0169783227622
2025-02-19,forward,2025-03-07 08:00:00,16.333333333333332,1.56,4.88,5.841579640948279,808.8585579637104
2025-02-19,forward,2025-03-07 09:00:00,16.375,1.8250000000000002,4.88,7.9694368639705555,816.827994827681
2025-02-19,forward,2025-03-07 10:00:00,16.416666666666668,1.94,5.26,9.712280963665709,826.5402757913467
2025-02-19,forward,2025-03-07 11:00:00,16.458333333333332,1.96,5.41,10.243734304239103,836.7840100955858
2025-02-19,forward,2025-03-07 12:00:00,16.5,1.9249999999999998,4.76,8.65419791158386,845.4382080071697
2025-02-19,forward,2025-03-07 13:00:00,16.541666666666668,1.76,4.88,7.421229850803722,852.8594378579734
2025-02-19,forward,2025-03-07 14:00:00,16.583333333333332,1.725,4.88,7.138088908194543,859.9975267661679
2025-02-19,forward,2025-03-07 15:00:00,16.625,1.74,5.13,7.615070367657232,867.6125971338251
2025-02-19,forward,2025-03-07 16:00:00,16.666666666666668,1.85,5.13,8.615331687198818,876.227928821024
2025-02-19,forward,2025-03-07 17:00:00,16.708333333333332,1.9249999999999998,5.41,9.95437984839686,886.1823086694209
2025-02-19,forward,2025-03-07 18:00:00,16.75,2.11,5.72,12.501502278431976,898.6838109478529
2025-02-19,forward,2025-03-07 19:00:00,16.791666666666668,1.745,5.26,7.863164446364543,906.5469753942174
2025-02-19,forward,2025-03-07 20:00:00,16.833333333333332,1.76,5.055,7.7433287609463495,914.2903041551638
2025-02-19,forward,2025-03-07 21:00:00,16.875,1.88,5.41,9.380910598878117,923.6712147540419
2025-02-19,forward,2025-03-07 22:00:00,16.916666666666668,1.69,5.13,7.200893716448051,930.8721084704899
2025-02-19,forward,2025-03-07 23:00:00,16.958333333333332,1.655,5.0,6.751339042913606,937.6234475134036
2025-02-19,forward,2025-03-08 00:00:00,17.0,1.5750000000000002,5.0,6.085587960618483,943.709035474022
2025-02-19,forward,2025-03-08 01:00:00,17.041666666666668,1.5,5.0,5.519552359146118,949.2285878331681
2025-02-19,forward,2025-03-08 02:00:00,17.083333333333332,1.46,4.76,4.981619597390798,954.210207430559
2025-02-19,forward,2025-03-08 03:00:00,17.125,1.435,4.654999999999999,4.700520553090028,958.9107279836489
2025-02-19,forward,2025-03-08 04:00:00,17.166666666666668,1.29,4.55,3.718263949074715,962.6289919327237
2025-02-19,forward,2025-03-08 05:00:00,17.208333333333332,1.23,4.26,3.160590711049455,965.7895826437732
2025-02-19,forward,2025-03-08 06:00:00,17.25,1.25,4.35,3.334581346702037,969.1241639904753
2025-02-19,forward,2025-03-08 07:00:00,17.291666666666668,1.1400000000000001,4.35,2.7769326389303624,971.9010966294056
2025-02-19,forward,2025-03-08 08:00:00,17.333333333333332,0.975,4.085,1.9104693798449803,973.8115660092506
2025-02-19,forward,2025-03-08 09:00:00,17.375,0.89,3.7750000000000004,1.470627950822561,975.2821939600731
2025-02-19,forward,2025-03-08 10:00:00,17.416666666666668,0.835,3.7,1.2656752290950744,976.5478691891682
2025-02-19,forward,2025-03-08 11:00:00,17.458333333333332,0.735,3.635,0.9656964751226609,977.5135656642908
2025-02-19,forward,2025-03-08 12:00:00,17.5,0.72,3.39,0.8619200108189162,978.3754856751098
2025-02-19,forward,2025-03-08 13:00:00,17.541666666666668,0.865,3.34,1.2294153441534317,979.6049010192631
2025-02-19,forward,2025-03-08 14:00:00,17.583333333333332,0.995,3.7,1.7971771395705678,981.4020781588337
2025-02-19,forward,2025-03-08 15:00:00,17.625,1.025,3.81,1.9952655604373821,983.397343719271
2025-02-19,forward,2025-03-08 16:00:00,17.666666666666668,1.35,4.654999999999999,4.174828387873592,987.5721721071446
2025-02-19,forward,2025-03-08 17:00:00,17.708333333333332,1.27,4.654999999999999,3.6870175573607615,991.2591896645054
2025-02-19,forward,2025-03-08 18:00:00,17.75,1.26,4.449999999999999,3.4644371501046054,994.7236268146099
2025-02-19,forward,2025-03-08 19:00:00,17.791666666666668,1.365,4.775,4.355375960309427,999.0790027749193
2025-02-19,forward,2025-03-08 20:00:00,17.833333333333332,1.4649999999999999,4.88,5.136145476823733,1004.215148251743
2025-02-19,forward,2025-03-08 21:00:00,17.875,1.415,4.88,4.802396658648549,1009.0175449103916
2025-02-19,forward,2025-03-08 22:00:00,17.916666666666668,1.5699999999999998,5.0,6.0709924597354465,1015.088537370127
2025-02-19,forward,2025-03-08 23:00:00,17.958333333333332,1.56,4.76,5.683137751833042,1020.77167512196
2025-02-19,forward,2025-03-09 00:00:00,18.0,1.52,4.88,5.531450513344954,1026.303125635305
2025-02-19,forward,2025-03-09 01:00:00,18.041666666666668,1.2999999999999998,4.26,3.5546221368045448,1029.8577477721094
2025-02-19,forward,2025-03-09 02:00:00,18.083333333333332,1.07,3.925,2.2038433630396503,1032.061591135149
2025-02-19,forward,2025-03-09 03:00:00,18.125,1.045,4.085,2.1890369019757836,1034.250628037125
2025-02-19,forward,2025-03-09 04:00:00,18.166666666666668,1.135,4.085,2.6001325533346975,1036.8507605904597
2025-02-19,forward,2025-03-09 05:00:00,18.208333333333332,1.06,3.85,2.1240378625391036,1038.9747984529988
2025-02-19,forward,2025-03-09 06:00:00,18.25,1.065,4.0,2.226267694354318,1041.2010661473532
2025-02-19,forward,2025-03-09 07:00:00,18.291666666666668,1.02,4.26,2.17344718991495,1043.3745133372681
2025-02-19,forward,2025-03-09 08:00:00,18.333333333333332,1.045,4.17,2.2365961576262547,1045.6111094948944
2025-02-19,forward,2025-03-09 09:00:00,18.375,0.975,3.925,1.8303947824626068,1047.4415042773571
2025-02-19,forward,2025-03-09 10:00:00,18.416666666666668,0.8999999999999999,3.925,1.5654864414355025,1049.0069907187926
2025-02-19,forward,2025-03-09 11:00:00,18.458333333333332,0.835,3.925,1.3471034058702647,1050.3540941246629
2025-02-19,forward,2025-03-09 12:00:00,18.5,0.79,3.635,1.1130818430395588,1051.4671759677024
2025-02-19,forward,2025-03-09 13:00:00,18.541666666666668,0.755,3.57,0.9984198334049634,1052.4655958011074
2025-02-19,forward,2025-03-09 14:00:00,18.583333333333332,0.67,3.39,0.7465885705639881,1053.2121843716714
2025-02-19,forward,2025-03-09 15:00:00,18.625,0.61,3.23,0.5898083608265959,1053.8019927324979
2025-02-19,forward,2025-03-09 16:00:00,18.666666666666668,0.585,3.085,0.5175849164066166,1054.3195776489044
2025-02-19,forward,2025-03-09 17:00:00,18.708333333333332,0.54,2.885,0.41806714942775236,1054.7376447983322
2025-02-19,forward,2025-03-09 18:00:00,18.75,0.51,2.84,0.36195860979786,1055.0996034081302
2025-02-19,forward,2025-03-09 19:00:00,18.791666666666668,0.7,3.3499999999999996,0.8169923607730369,1055.916595768903
2025-02-19,forward,2025-03-09 20:00:00,18.833333333333332,0.815,3.7750000000000004,1.2305135636064293,1057.1471093325094
2025-02-19,forward,2025-03-09 21:00:00,18.875,0.8200000000000001,3.85,1.2702378562618724,1058.4173471887714
2025-02-19,forward,2025-03-09 22:00:00,18.916666666666668,0.8049999999999999,3.85,1.2226565233831748,1059.6400037121546
2025-02-19,forward,2025-03-09 23:00:00,18.958333333333332,0.73,3.71,0.9699551724475413,1060.609958884602
2025-02-19,forward,2025-03-10 00:00:00,19.0,0.64,3.635,0.7349460216075065,1061.3449049062096
2025-02-19,forward,2025-03-10 01:00:00,19.041666666666668,0.5349999999999999,3.1799999999999997,0.4475390225973719,1061.792443928807
2025-02-19,forward,2025-03-10 02:00:00,19.083333333333332,0.39,2.9,0.21669633532873805,1062.0091402641358
2025-02-19,forward,2025-03-10 03:00:00,19.125,0.41500000000000004,2.8,0.23726004690898866,1062.2464003110447
2025-02-19,forward,2025-03-10 04:00:00,19.166666666666668,0.32499999999999996,7.015,0.3184573939979446,1062.5648577050426
2025-02-19,forward,2025-03-10 05:00:00,19.208333333333332,0.22499999999999998,,,
2025-02-19,forward,2025-03-10 06:00:00,19.25,0.2,,,
2025-02-19,forward,2025-03-10 07:00:00,19.291666666666668,0.24,2.15,0.07689498591269427,1062.6417526909554
2025-02-19,forward,2025-03-10 08:00:00,19.333333333333332,0.375,2.41,0.1668663141039096,1062.8086190050592
2025-02-19,forward,2025-03-10 09:00:00,19.375,0.47,2.67,0.28957081267886153,1063.098189817738
2025-02-19,forward,2025-03-10 10:00:00,19.416666666666668,0.54,2.94,0.4218958314072889,1063.5200856491454
2025-02-19,forward,2025-03-10 11:00:00,19.458333333333332,0.7,3.135,0.7569369033413285,1064.2770225524866
2025-02-19,forward,2025-03-10 12:00:00,19.5,0.7150000000000001,3.13,0.7893705593287932,1065.0663931118154
2025-02-19,forward,2025-03-10 13:00:00,19.541666666666668,0.67,3.33,0.7335379850517312,1065.799931096867
2025-02-19,forward,2025-03-10 14:00:00,19.583333333333332,0.72,3.23,0.8207916064482714,1066.6207227033153
2025-02-19,forward,2025-03-10 15:00:00,19.625,0.59,3.2800000000000002,0.5600286329744855,1067.1807513362899
2025-02-19,forward,2025-03-10 16:00:00,19.666666666666668,0.53,3.23,0.4457632775403586,1067.6265146138303
2025-02-19,forward,2025-03-10 17:00:00,19.708333333333332,0.48,3.23,0.3651043695175919,1067.991618983348
2025-02-19,forward,2025-03-10 18:00:00,19.75,0.39,2.9,0.21727623052348582,1068.2088952138715
2025-02-19,forward,2025-03-10 19:00:00,19.791666666666668,0.315,6.43,0.2874003758416665,1068.496295589713
2025-02-19,forward,2025-03-10 20:00:00,19.833333333333332,0.27,9.95,0.3540726238753752,1068.8503682135886
2025-02-19,forward,2025-03-10 21:00:00,19.875,0.245,,,
2025-02-19,forward,2025-03-10 22:00:00,19.916666666666668,0.265,9.09,0.3132869071473121,1069.163655120736
2025-02-19,forward,2025-03-10 23:00:00,19.958333333333332,0.24,,,
2025-02-19,forward,2025-03-11 00:00:00,20.0,0.235,,,
2025-02-19,forward,2025-03-11 01:00:00,20.041666666666668,0.22,,,
2025-02-19,forward,2025-03-11 02:00:00,20.083333333333332,0.225,,,
2025-02-19,forward,2025-03-11 03:00:00,20.125,0.21500000000000002,,,
2025-02-19,forward,2025-03-11 04:00:00,20.166666666666668,0.22,,,
2025-02-19,forward,2025-03-11 05:00:00,20.208333333333332,0.22,,,
2025-02-19,forward,2025-03-11 06:00:00,20.25,0.215,,,
2025-02-19,forward,2025-03-11 07:00:00,20.291666666666668,0.23,,,
2025-02-19,forward,2025-03-11 08:00:00,20.333333333333332,0.25,10.81,0.3585125997742484,1069.5221677205102
2025-02-19,forward,2025-03-11 09:00:00,20.375,0.275,9.545,0.35486961181434973,1069.8770373323246
2025-02-19,forward,2025-03-11 10:00:00,20.416666666666668,0.305,9.95,0.4513412119030368,1070.3283785442277
2025-02-19,forward,2025-03-11 11:00:00,20.458333333333332,0.315,10.0,0.48692553366095037,1070.8153040778886
2025-02-19,forward,2025-03-11 12:00:00,20.5,0.445,6.705,0.5354780192790755,1071.3507820971677
2025-02-19,forward,2025-03-11 13:00:00,20.541666666666668,0.53,2.94,0.4053084739331563,1071.756090571101
2025-02-19,forward,2025-03-11 14:00:00,20.583333333333332,0.5549999999999999,2.8,0.4239313518497668,1072.1800219229506
2025-02-19,forward,2025-03-11 15:00:00,20.625,0.495,3.13,0.37660439770074505,1072.5566263206513
2025-02-19,forward,2025-03-11 16:00:00,20.666666666666668,0.49,3.135,0.37177537198001487,1072.9284016926313
2025-02-19,forward,2025-03-11 17:00:00,20.708333333333332,0.585,3.085,0.5169042018696348,1073.445305894501
2025-02-19,forward,2025-03-11 18:00:00,20.75,0.7150000000000001,3.3499999999999996,0.8504857237153707,1074.2957916182163
2025-02-19,forward,2025-03-11 19:00:00,20.791666666666668,0.79,3.635,1.1138263362358618,1075.4096179544522
2025-02-19,forward,2025-03-11 20:00:00,20.833333333333332,0.7849999999999999,3.575,1.086323506521505,1076.4959414609737
2025-02-19,forward,2025-03-11 21:00:00,20.875,0.84,3.665,1.2639134662826041,1077.7598549272564
2025-02-19,forward,2025-03-11 22:00:00,20.916666666666668,0.875,4.0,1.5029195766417685,1079.262774503898
2025-02-19,forward,2025-03-11 23:00:00,20.958333333333332,0.81,4.26,1.3712343069268365,1080.634008810825
2025-02-19,forward,2025-03-12 00:00:00,21.0,0.76,4.175,1.1819841364266739,1081.8159929472517
2025-03-06,backward,2025-03-06 00:00:00,-0.0,0.985,4.555,2.1716424991587067,2.1716424991587067
2025-03-06,backward,2025-03-05 23:00:00,-0.041666666666666664,0.94,4.555,1.9756703032686644,4.147312802427371
2025-03-06,backward,2025-03-05 22:00:00,-0.08333333333333333,0.9450000000000001,4.55,1.9979781158788041,6.145290918306175
2025-03-06,backward,2025-03-05 21:00:00,-0.125,0.95,4.35,1.9260541858550964,8.07134510416127
2025-03-06,backward,2025-03-05 20:00:00,-0.16666666666666666,0.95,4.55,2.014831626604333,10.086176730765605
2025-03-06,backward,2025-03-05 19:00:00,-0.20833333333333334,0.84,4.35,1.5060569960752814,11.592233726840886
2025-03-06,backward,2025-03-05 18:00:00,-0.25,0.905,4.175,1.678417596377145,13.270651323218031
2025-03-06,backward,2025-03-05 17:00:00,-0.2916666666666667,0.785,3.6500000000000004,1.104294370297828,14.374945693515858
2025-03-06,backward,2025-03-05 16:00:00,-0.3333333333333333,0.875,3.85,1.4465600925177022,15.82150578603356
2025-03-06,backward,2025-03-05 15:00:00,-0.375,0.8,3.515,1.115237316422067,16.936743102455626
2025-03-06,backward,2025-03-05 14:00:00,-0.4166666666666667,0.7,2.945,0.7097132215598994,17.646456324015524
2025-03-06,backward,2025-03-05 13:00:00,-0.4583333333333333,0.605,2.9850000000000003,0.5341754628137154,18.180631786829238
2025-03-06,backward,2025-03-05 12:00:00,-0.5,0.675,3.255,0.7310852049957735,18.91171699182501
2025-03-06,backward,2025-03-05 11:00:00,-0.5416666666666666,0.675,3.13,0.7022704973196943,19.613987489144705
2025-03-06,backward,2025-03-05 10:00:00,-0.5833333333333334,0.73,3.39,0.889079416983084,20.50306690612779
2025-03-06,backward,2025-03-05 09:00:00,-0.625,0.645,3.2800000000000002,0.6693430473275651,21.172409953455354
2025-03-06,backward,2025-03-05 08:00:00,-0.6666666666666666,0.6000000000000001,3.035,0.5361803204392122,21.708590273894565
2025-03-06,backward,2025-03-05 07:00:00,-0.7083333333333334,0.63,3.87,0.7580392929374355,22.466629566832
2025-03-06,backward,2025-03-05 06:00:00,-0.75,0.6950000000000001,4.085,0.9693612950082502,23.435990861840253
2025-03-06,backward,2025-03-05 05:00:00,-0.7916666666666666,0.7050000000000001,4.085,1.0053950110118397,24.44138587285209
2025-03-06,backward,2025-03-05 04:00:00,-0.8333333333333334,0.81,4.26,1.3717170623173875,25.81310293516948
2025-03-06,backward,2025-03-05 03:00:00,-0.875,0.81,3.4,1.0918602300581604,26.904963165227638
2025-03-06,backward,2025-03-05 02:00:00,-0.9166666666666666,0.8,4.17,1.3126001323878387,28.217563297615477
2025-03-06,backward,2025-03-05 01:00:00,-0.9583333333333334,0.8200000000000001,4.275,1.4224554388324664,29.640018736447942
2025-03-06,backward,2025-03-05 00:00:00,-1.0,0.885,4.305,1.6562424924388999,31.29626122888684
2025-03-06,backward,2025-03-04 23:00:00,-1.0416666666666667,0.88,4.449999999999999,1.691746109662519,32.98800733854936
2025-03-06,backward,2025-03-04 22:00:00,-1.0833333333333333,0.855,4.175,1.4981263650912722,34.48613370364063
2025-03-06,backward,2025-03-04 21:00:00,-1.125,0.9199999999999999,4.449999999999999,1.8477364452344762,36.33387014887511
2025-03-06,backward,2025-03-04 20:00:00,-1.1666666666666667,0.935,3.57,1.531564289660504,37.86543443853561
2025-03-06,backward,2025-03-04 19:00:00,-1.2083333333333333,0.885,3.465,1.344066069871378,39.20950050840699
2025-03-06,backward,2025-03-04 18:00:00,-1.25,0.79,3.51,1.074869595215091,40.28437010362208
2025-03-06,backward,2025-03-04 17:00:00,-1.2916666666666667,0.825,3.45,1.1523981975778845,41.43676830119996
2025-03-06,backward,2025-03-04 16:00:00,-1.3333333333333333,0.7949999999999999,3.39,1.0510225091924972,42.48779081039246
2025-03-06,backward,2025-03-04 15:00:00,-1.375,0.72,3.2800000000000002,0.8341385174238344,43.32192932781629
2025-03-06,backward,2025-03-04 14:00:00,-1.4166666666666667,0.665,3.13,0.6784064854221266,44.00033581323842
2025-03-06,backward,2025-03-04 13:00:00,-1.4583333333333333,0.645,2.94,0.600390221618065,44.600726034856486
2025-03-06,backward,2025-03-04 12:00:00,-1.5,0.635,2.945,0.5828932823410029,45.18361931719749
2025-03-06,backward,2025-03-04 11:00:00,-1.5416666666666667,0.565,2.74,0.429423185022362,45.613042502219855
2025-03-06,backward,2025-03-04 10:00:00,-1.5833333333333333,0.445,2.47,0.2399959060913164,45.85303840831117
2025-03-06,backward,2025-03-04 09:00:00,-1.625,0.38,2.35,0.16648192503023365,46.019520333341404
2025-03-06,backward,2025-03-04 08:00:00,-1.6666666666666667,0.445,2.535,0.24698604715287936,46.266506380494285
2025-03-06,backward,2025-03-04 07:00:00,-1.7083333333333333,0.42,2.375,0.21529712966425335,46.481803510158535
2025-03-06,backward,2025-03-04 06:00:00,-1.75,0.33999999999999997,2.35,0.13339306596951545,46.61519657612805
2025-03-06,backward,2025-03-04 05:00:00,-1.7916666666666667,0.395,2.6050000000000004,0.202800927883016,46.81799750401107
2025-03-06,backward,2025-03-04 04:00:00,-1.8333333333333333,0.48,2.985,0.33842035966790013,47.15641786367897
2025-03-06,backward,2025-03-04 03:00:00,-1.875,0.575,2.945,0.4779734629176643,47.634391326596635
2025-03-06,backward,2025-03-04 02:00:00,-1.9166666666666667,0.495,2.67,0.3211647980861138,47.95555612468275
2025-03-06,backward,2025-03-04 01:00:00,-1.9583333333333333,0.575,2.6,0.4232989619123472,48.378855086595095
2025-03-06,backward,2025-03-04 00:00:00,-2.0,0.485,2.67,0.30891929549651453,48.68777438209161
2025-03-06,backward,2025-03-03 23:00:00,-2.0416666666666665,0.38,6.665,0.4564896215254428,49.14426400361705
2025-03-06,backward,2025-03-03 22:00:00,-2.0833333333333335,0.385,7.045,0.5162610186206378,49.66052502223769
2025-03-06,backward,2025-03-03 21:00:00,-2.125,0.43000000000000005,4.88,0.44331466762751043,50.103839689865204
2025-03-06,backward,2025-03-03 20:00:00,-2.1666666666666665,0.45499999999999996,5.13,0.5207370539922807,50.62457674385748
2025-03-06,backward,2025-03-03 19:00:00,-2.2083333333333335,0.475,5.055,0.5607907879533693,51.185367531810854
2025-03-06,backward,2025-03-03 18:00:00,-2.25,0.45999999999999996,5.0,0.519305468393064,51.70467300020392
2025-03-06,backward,2025-03-03 17:00:00,-2.2916666666666665,0.44,7.175,0.6901093788024272,52.394782379006344
2025-03-06,backward,2025-03-03 16:00:00,-2.3333333333333335,0.48,6.82,0.7936223881826698,53.18840476718901
2025-03-06,backward,2025-03-03 15:00:00,-2.375,0.54,6.925,1.0246385043441493,54.21304327153316
2025-03-06,backward,2025-03-03 14:00:00,-2.4166666666666665,0.6,3.035,0.5356247101955133,54.74866798172867
2025-03-06,backward,2025-03-03 13:00:00,-2.4583333333333335,0.66,3.2800000000000002,0.7009608270807948,55.449628808809464
2025-03-06,backward,2025-03-03 12:00:00,-2.5,0.72,3.33,0.8470811698203176,56.296709978629785
2025-03-06,backward,2025-03-03 11:00:00,-2.5416666666666665,0.8300000000000001,3.635,1.2282040402314076,57.524914018861196
2025-03-06,backward,2025-03-03 10:00:00,-2.5833333333333335,0.925,3.635,1.528467835750478,59.05338185461167
2025-03-06,backward,2025-03-03 09:00:00,-2.625,1.005,3.7,1.833481914876271,60.886863769487945
2025-03-06,backward,2025-03-03 08:00:00,-2.6666666666666665,1.04,3.7750000000000004,2.0071229944152678,62.893986763903214
2025-03-06,backward,2025-03-03 07:00:00,-2.7083333333333335,0.935,3.57,1.5438245104022543,64.43781127430547
2025-03-06,backward,2025-03-03 06:00:00,-2.75,0.95,3.925,1.738161028983253,66.17597230328873
2025-03-06,backward,2025-03-03 05:00:00,-2.7916666666666665,1.0150000000000001,3.7750000000000004,1.9110367646103998,68.08700906789913
2025-03-06,backward,2025-03-03 04:00:00,-2.8333333333333335,0.97,3.7750000000000004,1.7425789276538997,69.82958799555303
2025-03-06,backward,2025-03-03 03:00:00,-2.875,0.915,3.575,1.4671311631740287,71.29671915872706
2025-03-06,backward,2025-03-03 02:00:00,-2.9166666666666665,0.87,3.7750000000000004,1.4026300878851221,72.69934924661219
2025-03-06,backward,2025-03-03 01:00:00,-2.9583333333333335,0.87,3.51,1.3033998154782735,74.00274906209046
2025-03-06,backward,2025-03-03 00:00:00,-3.0,0.9450000000000001,3.7750000000000004,1.6607926091763696,75.66354167126683
2025-03-06,backward,2025-03-02 23:00:00,-3.0416666666666665,0.915,3.7750000000000004,1.5499759620937488,77.21351763336058
2025-03-06,backward,2025-03-02 22:00:00,-3.0833333333333335,0.9299999999999999,3.635,1.5420041202837167,78.7555217536443
2025-03-06,backward,2025-03-02 21:00:00,-3.125,0.9450000000000001,3.85,1.687196974135193,80.44271872777949
2025-03-06,backward,2025-03-02 20:00:00,-3.1666666666666665,0.94,3.925,1.712564935880053,82.15528366365955
2025-03-06,backward,2025-03-02 19:00:00,-3.2083333333333335,0.87,3.7750000000000004,1.4012649792731207,83.55654864293267
2025-03-06,backward,2025-03-02 18:00:00,-3.25,0.89,3.85,1.4978418141496872,85.05439045708235
2025-03-06,backward,2025-03-02 17:00:00,-3.2916666666666665,1.075,3.935,2.2659875715641156,87.32037802864646
2025-03-06,backward,2025-03-02 16:00:00,-3.3333333333333335,1.1549999999999998,4.35,2.848319356400559,90.16869738504701
2025-03-06,backward,2025-03-02 15:00:00,-3.375,1.26,4.55,3.558211403509093,93.7269087885561
2025-03-06,backward,2025-03-02 14:00:00,-3.4166666666666665,1.3900000000000001,4.449999999999999,4.221747403905496,97.9486561924616
2025-03-06,backward,2025-03-02 13:00:00,-3.4583333333333335,1.365,4.449999999999999,4.070279220581922,102.01893541304352
2025-03-06,backward,2025-03-02 12:00:00,-3.5,1.41,4.555,4.4533389998160775,106.4722744128596
2025-03-06,backward,2025-03-02 11:00:00,-3.5416666666666665,1.335,4.449999999999999,3.889030082893558,110.36130449575316
2025-03-06,backward,2025-03-02 10:00:00,-3.5833333333333335,1.29,4.35,3.5514091641899905,113.91271365994315
2025-03-06,backward,2025-03-02 09:00:00,-3.625,1.275,4.085,3.259996374769437,117.1727100347126
2025-03-06,backward,2025-03-02 08:00:00,-3.6666666666666665,1.24,4.26,3.213549566119042,120.38625960083164
2025-03-06,backward,2025-03-02 07:00:00,-3.7083333333333335,1.2650000000000001,4.35,3.419413096162137,123.80567269699377
2025-03-06,backward,2025-03-02 06:00:00,-3.75,1.355,4.55,4.111028877837215,127.91670157483098
2025-03-06,backward,2025-03-02 05:00:00,-3.7916666666666665,1.46,4.55,4.763851289980398,132.68055286481138
2025-03-06,backward,2025-03-02 04:00:00,-3.8333333333333335,1.41,4.654999999999999,4.540356394870595,137.22090925968197
2025-03-06,backward,2025-03-02 03:00:00,-3.875,1.53,5.0,5.746211902270914,142.9671211619529
2025-03-06,backward,2025-03-02 02:00:00,-3.9166666666666665,1.625,4.88,6.323076138885812,149.2901973008387
2025-03-06,backward,2025-03-02 01:00:00,-3.9583333333333335,1.345,4.555,4.064279120555047,153.35447642139377
2025-03-06,backward,2025-03-02 00:00:00,-4.0,1.335,4.775,4.217087882237038,157.5715643036308
2025-03-06,backward,2025-03-01 23:00:00,-4.041666666666667,1.44,4.1,4.333892364219741,161.90545666785053
2025-03-06,backward,2025-03-01 22:00:00,-4.083333333333333,0.87,8.01,2.9814604966657576,164.8869171645163
2025-03-06,backward,2025-03-01 21:00:00,-4.125,0.8049999999999999,8.33,2.649229365279872,167.53614652979616
2025-03-06,backward,2025-03-01 20:00:00,-4.166666666666667,0.8200000000000001,9.09,3.005770468573499,170.54191699836966
2025-03-06,backward,2025-03-01 19:00:00,-4.208333333333333,0.875,9.09,3.423412018101553,173.9653290164712
2025-03-06,backward,2025-03-01 18:00:00,-4.25,0.905,4.555,1.8266463144122929,175.7919753308835
2025-03-06,backward,2025-03-01 17:00:00,-4.291666666666667,0.995,4.26,2.0773163150485576,177.86929164593207
2025-03-06,backward,2025-03-01 16:00:00,-4.333333333333333,1.07,4.35,2.443581210863253,180.3128728567953
2025-03-06,backward,2025-03-01 15:00:00,-4.375,1.13,4.55,2.850363953036863,183.16323680983217
2025-03-06,backward,2025-03-01 14:00:00,-4.416666666666667,1.0750000000000002,4.26,2.417124596464294,185.58036140629648
2025-03-06,backward,2025-03-01 13:00:00,-4.458333333333333,1.16,4.55,3.003719739373799,188.58408114567027
2025-03-06,backward,2025-03-01 12:00:00,-4.5,1.1400000000000001,4.085,2.6048129257187034,191.18889407138897
2025-03-06,backward,2025-03-01 11:00:00,-4.541666666666667,1.1349999999999998,4.085,2.581336491827777,193.77023056321676
2025-03-06,backward,2025-03-01 10:00:00,-4.583333333333333,1.16,6.545,4.236723369021634,198.0069539322384
2025-03-06,backward,2025-03-01 09:00:00,-4.625,1.09,3.85,2.244307242840679,200.25126117507907
2025-03-06,backward,2025-03-01 08:00:00,-4.666666666666667,1.0150000000000001,8.71,4.400541308512544,204.6518024835916
2025-03-06,backward,2025-03-01 07:00:00,-4.708333333333333,0.94,3.45,1.4955703126677222,206.14737279625933
2025-03-06,backward,2025-03-01 06:00:00,-4.75,0.8899999999999999,9.545,3.7408401226590735,209.8882129189184
2025-03-06,backward,2025-03-01 05:00:00,-4.791666666666667,0.765,9.09,2.612656719605022,212.50086963852343
2025-03-06,backward,2025-03-01 04:00:00,-4.833333333333333,0.655,9.09,1.9187429437741068,214.41961258229753
2025-03-06,backward,2025-03-01 03:00:00,-4.875,0.5800000000000001,10.0,1.65235788148119,216.0719704637787
2025-03-06,backward,2025-03-01 02:00:00,-4.916666666666667,0.56,9.545,1.4665022074721108,217.53847267125082
2025-03-06,backward,2025-03-01 01:00:00,-4.958333333333333,0.5700000000000001,10.0,1.5959382982358403,219.13441096948665
2025-03-06,backward,2025-03-01 00:00:00,-5.0,0.55,9.545,1.419478447257399,220.55388941674406
2025-03-06,backward,2025-02-28 23:00:00,-5.041666666666667,0.615,10.0,1.8655257851342708,222.41941520187834
2025-03-06,backward,2025-02-28 22:00:00,-5.083333333333333,0.615,9.545,1.776333783099449,224.1957489849778
2025-03-06,backward,2025-02-28 21:00:00,-5.125,0.625,9.09,1.743034699765508,225.9387836847433
2025-03-06,backward,2025-02-28 20:00:00,-5.166666666666667,0.765,6.85,1.867137422794801,227.8059211075381
2025-03-06,backward,2025-02-28 19:00:00,-5.208333333333333,0.935,3.925,1.6842324929894537,229.49015360052755
2025-03-06,backward,2025-02-28 18:00:00,-5.25,1.045,3.7750000000000004,2.0240378307747595,231.51419143130232
2025-03-06,backward,2025-02-28 17:00:00,-5.291666666666667,0.925,3.7750000000000004,1.5914603004439105,233.10565173174624
2025-03-06,backward,2025-02-28 16:00:00,-5.333333333333333,0.8999999999999999,3.7750000000000004,1.505760180006904,234.61141191175315
2025-03-06,backward,2025-02-28 15:00:00,-5.375,0.825,3.45,1.1520596800784122,235.76347159183157
2025-03-06,backward,2025-02-28 14:00:00,-5.416666666666667,0.8049999999999999,10.0,3.1891782685773373,238.9526498604089
2025-03-06,backward,2025-02-28 13:00:00,-5.458333333333333,0.755,10.405000000000001,2.9055224359454117,241.85817229635433
2025-03-06,backward,2025-02-28 12:00:00,-5.5,0.735,8.335,2.215190567742969,244.0733628640973
2025-03-06,backward,2025-02-28 11:00:00,-5.541666666666667,0.745,10.0,2.7289907113239664,246.80235357542128
2025-03-06,backward,2025-02-28 10:00:00,-5.583333333333333,0.755,10.405000000000001,2.9055849880920537,249.70793856351332
2025-03-06,backward,2025-02-28 09:00:00,-5.625,0.76,10.405000000000001,2.944502726009624,252.65244128952295
2025-03-06,backward,2025-02-28 08:00:00,-5.666666666666667,0.835,9.95,3.415185552259309,256.06762684178227
2025-03-06,backward,2025-02-28 07:00:00,-5.708333333333333,0.86,10.405000000000001,3.772562891897647,259.8401897336799
2025-03-06,backward,2025-02-28 06:00:00,-5.75,0.865,9.95,3.6645228242183046,263.5047125578982
2025-03-06,backward,2025-02-28 05:00:00,-5.791666666666667,0.8200000000000001,10.0,3.3066781832491743,266.81139074114736
2025-03-06,backward,2025-02-28 04:00:00,-5.833333333333333,0.77,11.120000000000001,3.2320807008872454,270.0434714420346
2025-03-06,backward,2025-02-28 03:00:00,-5.875,0.825,10.405000000000001,3.480483860789726,273.52395530282433
2025-03-06,backward,2025-02-28 02:00:00,-5.916666666666667,0.905,10.81,4.344843895932736,277.8687991987571
2025-03-06,backward,2025-02-28 01:00:00,-5.958333333333333,0.9550000000000001,10.81,4.843367333488644,282.7121665322457
2025-03-06,backward,2025-02-28 00:00:00,-6.0,1.0750000000000002,7.0200000000000005,3.8822376556758895,286.5944041879216
2025-03-06,backward,2025-02-27 23:00:00,-6.041666666666667,1.21,11.43,8.219082726519648,294.8134869144413
2025-03-06,backward,2025-02-27 22:00:00,-6.083333333333333,1.245,7.905,6.102501325162759,300.915988239604
2025-03-06,backward,2025-02-27 21:00:00,-6.125,1.25,7.99,6.167481721606715,307.0834699612107
2025-03-06,backward,2025-02-27 20:00:00,-6.166666666666667,1.1400000000000001,11.465,7.32687668341463,314.41034664462535
2025-03-06,backward,2025-02-27 19:00:00,-6.208333333333333,1.135,11.120000000000001,7.034354145321893,321.44470078994726
2025-03-06,backward,2025-02-27 18:00:00,-6.25,1.21,7.68,5.443689115699206,326.8883899056465
2025-03-06,backward,2025-02-27 17:00:00,-6.291666666666667,1.2650000000000001,11.774999999999999,9.2586155102355,336.14700541588195
2025-03-06,backward,2025-02-27 16:00:00,-6.333333333333333,1.15,11.465,7.466016206588952,343.6130216224709
2025-03-06,backward,2025-02-27 15:00:00,-6.375,0.98,11.774999999999999,5.59963946695782,349.2126610894287
2025-03-06,backward,2025-02-27 14:00:00,-6.416666666666667,0.875,11.43,4.3046863989989825,353.5173474884277
2025-03-06,backward,2025-02-27 13:00:00,-6.458333333333333,0.715,12.165,3.0601761179995255,356.5775236064272
2025-03-06,backward,2025-02-27 12:00:00,-6.5,0.65,12.12,2.517592910769574,359.09511651719674
2025-03-06,backward,2025-02-27 11:00:00,-6.541666666666667,0.595,11.43,1.9864979572010544,361.0816144743978
2025-03-06,backward,2025-02-27 10:00:00,-6.583333333333333,0.535,12.51,1.7578742766717141,362.8394887510695
2025-03-06,backward,2025-02-27 09:00:00,-6.625,0.45499999999999996,13.79,1.402138256300744,364.24162700737025
2025-03-06,backward,2025-02-27 08:00:00,-6.666666666666667,0.395,8.39,0.6377731015688259,364.8794001089391
2025-03-06,backward,2025-02-27 07:00:00,-6.708333333333333,0.33499999999999996,9.545,0.528827131624592,365.4082272405637
2025-03-06,backward,2025-02-27 06:00:00,-6.75,0.325,10.405000000000001,0.5384000630861129,365.9466273036498
2025-03-06,backward,2025-02-27 05:00:00,-6.791666666666667,0.28,11.120000000000001,0.43159901851534566,366.3782263221651
2025-03-06,backward,2025-02-27 04:00:00,-6.833333333333333,0.27,9.95,0.3540726238753752,366.7322989460405
2025-03-06,backward,2025-02-27 03:00:00,-6.875,0.245,10.81,0.3585125997742484,367.09081154581474
2025-03-06,backward,2025-02-27 02:00:00,-6.916666666666667,0.28,10.405000000000001,0.40183523532806537,367.4926467811428
2025-03-06,backward,2025-02-27 01:00:00,-6.958333333333333,0.35,11.465,0.6918483284790632,368.1844951096219
2025-03-06,backward,2025-02-27 00:00:00,-7.0,0.38,11.43,0.8097397459981152,368.99423485562
2025-03-06,backward,2025-02-26 23:00:00,-7.041666666666667,0.38,2.94,0.20827951471867528,369.2025143703387
2025-03-06,backward,2025-02-26 22:00:00,-7.083333333333333,0.41000000000000003,11.465,0.9487242379697807,370.15123860830846
2025-03-06,backward,2025-02-26 21:00:00,-7.125,0.455,2.945,0.29896271086892545,370.4502013191774
2025-03-06,backward,2025-02-26 20:00:00,-7.166666666666667,0.385,10.715,0.7779750300259118,371.2281763492033
2025-03-06,backward,2025-02-26 19:00:00,-7.208333333333333,0.405,11.774999999999999,0.9483817956297349,372.17655814483305
2025-03-06,backward,2025-02-26 18:00:00,-7.25,0.42000000000000004,11.774999999999999,1.0285052082167425,373.2050633530498
2025-03-06,backward,2025-02-26 17:00:00,-7.291666666666667,0.46499999999999997,7.185,0.698721460231026,373.9037848132808
2025-03-06,backward,2025-02-26 16:00:00,-7.333333333333333,0.42,11.120000000000001,0.9616232265148825,374.8654080397957
2025-03-06,backward,2025-02-26 15:00:00,-7.375,0.41,12.12,0.9995450361369044,375.8649530759326
2025-03-06,backward,2025-02-26 14:00:00,-7.416666666666667,0.45,7.529999999999999,0.728189408560072,376.59314248449266
2025-03-06,backward,2025-02-26 13:00:00,-7.458333333333333,0.455,7.015,0.7027267600363741,377.29586924452906
2025-03-06,backward,2025-02-26 12:00:00,-7.5,0.42,11.774999999999999,1.0210401614457751,378.31690940597485
2025-03-06,backward,2025-02-26 11:00:00,-7.541666666666667,0.41000000000000003,6.235,0.45851336744619997,378.77542277342104
2025-03-06,backward,2025-02-26 10:00:00,-7.583333333333333,0.385,11.774999999999999,0.8570733233156048,379.63249609673665
2025-03-06,backward,2025-02-26 09:00:00,-7.625,0.33,11.774999999999999,0.6291016569265516,380.2615977536632
2025-03-06,backward,2025-02-26 08:00:00,-7.666666666666667,0.335,11.465,0.6324588674321858,380.8940566210954
2025-03-06,backward,2025-02-26 07:00:00,-7.708333333333333,0.4,11.120000000000001,0.881444620857309,381.7755012419527
2025-03-06,backward,2025-02-26 06:00:00,-7.75,0.435,11.465,1.063093111074036,382.83859435302674
2025-03-06,backward,2025-02-26 05:00:00,-7.791666666666667,0.405,12.51,1.006076952061501,383.84467130508824
2025-03-06,backward,2025-02-26 04:00:00,-7.833333333333333,0.46499999999999997,7.845,0.8833746612093715,384.7280459662976
2025-03-06,backward,2025-02-26 03:00:00,-7.875,0.495,8.334999999999999,0.9928649574806551,385.72091092377826
2025-03-06,backward,2025-02-26 02:00:00,-7.916666666666667,0.535,3.45,0.4845031711194382,386.2054140948977
2025-03-06,backward,2025-02-26 01:00:00,-7.958333333333333,0.575,3.7,0.6005717454945936,386.80598584039234
2025-03-06,backward,2025-02-26 00:00:00,-8.0,0.55,3.23,0.4793579504299982,387.2853437908223
2025-03-06,backward,2025-02-25 23:00:00,-8.041666666666666,0.515,3.13,0.4073162751890831,387.6926600660114
2025-03-06,backward,2025-02-25 22:00:00,-8.083333333333334,0.55,3.45,0.512176976701282,388.20483704271265
2025-03-06,backward,2025-02-25 21:00:00,-8.125,0.655,3.45,0.7272202182409313,388.93205726095357
2025-03-06,backward,2025-02-25 20:00:00,-8.166666666666666,0.5900000000000001,2.815,0.49954070717207466,389.43159796812563
2025-03-06,backward,2025-02-25 19:00:00,-8.208333333333334,0.36,11.059999999999999,0.7075084423676854,390.1391064104933
2025-03-06,backward,2025-02-25 18:00:00,-8.25,0.37,10.405000000000001,0.6979409075619534,390.8370473180552
2025-03-06,backward,2025-02-25 17:00:00,-8.291666666666666,0.39,12.165,0.9045268535731248,391.7415741716284
2025-03-06,backward,2025-02-25 16:00:00,-8.333333333333334,0.44,10.81,1.028867520062192,392.77044169169056
2025-03-06,backward,2025-02-25 15:00:00,-8.375,0.49,11.774999999999999,1.3860208984852989,394.15646259017586
2025-03-06,backward,2025-02-25 14:00:00,-8.416666666666666,0.5449999999999999,3.085,0.44232879673593184,394.5987913869118
2025-03-06,backward,2025-02-25 13:00:00,-8.458333333333334,0.685,2.985,0.6914860166336136,395.2902774035454
2025-03-06,backward,2025-02-25 12:00:00,-8.5,0.78,3.515,1.0526932647641674,396.3429706683096
2025-03-06,backward,2025-02-25 11:00:00,-8.541666666666666,0.785,3.1799999999999997,0.9612339313904898,397.3042045997001
2025-03-06,backward,2025-02-25 10:00:00,-8.583333333333334,0.825,3.2800000000000002,1.0962204826328825,398.40042508233296
2025-03-06,backward,2025-02-25 09:00:00,-8.625,0.9199999999999999,3.33,1.3834297677991225,399.78385485013206
2025-03-06,backward,2025-02-25 08:00:00,-8.666666666666666,0.87,3.615,1.3496729499332862,401.13352780006534
2025-03-06,backward,2025-02-25 07:00:00,-8.708333333333334,0.845,4.17,1.4608200195316963,402.59434781959703
2025-03-06,backward,2025-02-25 06:00:00,-8.75,0.77,3.785,1.1027899298454638,403.6971377494425
2025-03-06,backward,2025-02-25 05:00:00,-8.791666666666666,0.745,4.01,1.0960688856657277,404.7932066351082
2025-03-06,backward,2025-02-25 04:00:00,-8.833333333333334,0.7849999999999999,4.26,1.2880303850946326,406.0812370202029
2025-03-06,backward,2025-02-25 03:00:00,-8.875,0.78,4.26,1.2710007471483638,407.35223776735126
2025-03-06,backward,2025-02-25 02:00:00,-8.916666666666666,0.825,4.175,1.4015752869809701,408.7538130543322
2025-03-06,backward,2025-02-25 01:00:00,-8.958333333333334,0.7949999999999999,3.785,1.181777346388953,409.9355904007212
2025-03-06,backward,2025-02-25 00:00:00,-9.0,0.765,3.925,1.1272534611406473,411.06284386186184
2025-03-06,backward,2025-02-24 23:00:00,-9.041666666666666,0.8,3.85,1.2105508432390093,412.2733947051008
2025-03-06,backward,2025-02-24 22:00:00,-9.083333333333334,0.77,3.57,1.0400170109216165,413.3134117160225
2025-03-06,backward,2025-02-24 21:00:00,-9.125,0.65,3.2800000000000002,0.6822854544215124,413.995697170444
2025-03-06,backward,2025-02-24 20:00:00,-9.166666666666666,0.58,3.03,0.5000698247419016,414.4957669951859
2025-03-06,backward,2025-02-24 19:00:00,-9.208333333333334,0.41500000000000004,6.95,0.4695961360158734,414.96536313120174
2025-03-06,backward,2025-02-24 18:00:00,-9.25,0.305,11.465,0.5243665503127076,415.48972968151446
2025-03-06,backward,2025-02-24 17:00:00,-9.291666666666666,0.275,10.715,0.39864409463920125,415.8883737761537
2025-03-06,backward,2025-02-24 16:00:00,-9.333333333333334,0.24,,,
2025-03-06,backward,2025-02-24 15:00:00,-9.375,0.26,11.774999999999999,0.3919745639919934,416.2803483401457
2025-03-06,backward,2025-02-24 14:00:00,-9.416666666666666,0.265,10.405000000000001,0.35808184852129693,416.638430188667
2025-03-06,backward,2025-02-24 13:00:00,-9.458333333333334,0.295,10.715,0.4565725337825599,417.0950027224495
2025-03-06,backward,2025-02-24 12:00:00,-9.5,0.275,11.120000000000001,0.41505655140527337,417.5100592738548
2025-03-06,backward,2025-02-24 11:00:00,-9.541666666666666,0.325,11.855,0.6161396256297365,418.1261988994845
2025-03-06,backward,2025-02-24 10:00:00,-9.583333333333334,0.36,10.715,0.6812856012853904,418.8074845007699
2025-03-06,backward,2025-02-24 09:00:00,-9.625,0.38,10.26,0.7268530003447647,419.53433750111463
2025-03-06,backward,2025-02-24 08:00:00,-9.666666666666666,0.435,6.705,0.5651623244447407,420.09949982555935
2025-03-06,backward,2025-02-24 07:00:00,-9.708333333333334,0.41500000000000004,9.95,0.8525256596034938,420.95202548516284
2025-03-06,backward,2025-02-24 06:00:00,-9.75,0.445,2.8,0.27272784996237376,421.22475333512523
2025-03-06,backward,2025-02-24 05:00:00,-9.791666666666666,0.54,3.13,0.44846258664484484,421.67321592177007
2025-03-06,backward,2025-02-24 04:00:00,-9.833333333333334,0.565,2.995,0.47184654147975524,422.1450624632498
2025-03-06,backward,2025-02-24 03:00:00,-9.875,0.5,2.86,0.35134387846658705,422.4964063417164
2025-03-06,backward,2025-02-24 02:00:00,-9.916666666666666,0.46499999999999997,2.8,0.29692547330869656,422.7933318150251
2025-03-06,backward,2025-02-24 01:00:00,-9.958333333333334,0.45,2.73,0.27192669188028984,423.0652585069054
2025-03-06,backward,2025-02-24 00:00:00,-10.0,0.35,10.715,0.6509757746533095,423.71623428155874
2025-03-06,backward,2025-02-23 23:00:00,-10.041666666666666,0.34,10.0,0.5671394628836863,424.28337374444243
2025-03-06,backward,2025-02-23 22:00:00,-10.083333333333334,0.4,6.47,0.48143468169849857,424.7648084261409
2025-03-06,backward,2025-02-23 21:00:00,-10.125,0.475,2.9,0.32113781480717035,425.0859462409481
2025-03-06,backward,2025-02-23 20:00:00,-10.166666666666666,0.38,9.09,0.6439662546914143,425.7299124956395
2025-03-06,backward,2025-02-23 19:00:00,-10.208333333333334,0.41000000000000003,10.0,0.8251977305971976,426.5551102262367
2025-03-06,backward,2025-02-23 18:00:00,-10.25,0.495,3.035,0.3646159721687159,426.91972619840544
2025-03-06,backward,2025-02-23 17:00:00,-10.291666666666666,0.5449999999999999,3.08,0.44909963733044544,427.3688258357359
2025-03-06,backward,2025-02-23 16:00:00,-10.333333333333334,0.685,3.13,0.7202413610960174,428.08906719683193
2025-03-06,backward,2025-02-23 15:00:00,-10.375,0.595,3.03,0.5266044453472611,428.6156716421792
2025-03-06,backward,2025-02-23 14:00:00,-10.416666666666666,0.565,2.84,0.444539708491542,429.0602113506708
2025-03-06,backward,2025-02-23 13:00:00,-10.458333333333334,0.5549999999999999,2.9,0.4385886689718369,429.4988000196426
2025-03-06,backward,2025-02-23 12:00:00,-10.5,0.62,3.13,0.5916643198128321,430.0904643394554
2025-03-06,backward,2025-02-23 11:00:00,-10.541666666666666,0.6699999999999999,3.08,0.680662532844333,430.77112687229976
2025-03-06,backward,2025-02-23 10:00:00,-10.583333333333334,0.6950000000000001,3.23,0.7664180916544416,431.5375449639542
2025-03-06,backward,2025-02-23 09:00:00,-10.625,0.745,3.23,0.8795624144997369,432.4171073784539
2025-03-06,backward,2025-02-23 08:00:00,-10.666666666666666,0.8,3.1799999999999997,0.9998884596870936,433.416995838141
2025-03-06,backward,2025-02-23 07:00:00,-10.708333333333334,0.745,3.1799999999999997,0.8657641468582112,434.28275998499925
2025-03-06,backward,2025-02-23 06:00:00,-10.75,0.765,3.1799999999999997,0.9136256152328488,435.1963856002321
2025-03-06,backward,2025-02-23 05:00:00,-10.791666666666666,0.675,3.08,0.6948707010232629,435.89125630125534
2025-03-06,backward,2025-02-23 04:00:00,-10.833333333333334,0.595,2.6,0.4516166866507956,436.34287298790616
2025-03-06,backward,2025-02-23 03:00:00,-10.875,0.6,10.0,1.7666688631869847,438.1095418510931
2025-03-06,backward,2025-02-23 02:00:00,-10.916666666666666,0.525,9.545,1.2877708550117042,439.39731270610486
2025-03-06,backward,2025-02-23 01:00:00,-10.958333333333334,0.48,10.0,1.1347695308390713,440.53208223694395
2025-03-06,backward,2025-02-23 00:00:00,-11.0,0.46,10.0,1.0381203317144292,441.5702025686584
2025-03-06,backward,2025-02-22 23:00:00,-11.041666666666666,0.495,10.81,1.29960817418165,442.86981074284
2025-03-06,backward,2025-02-22 22:00:00,-11.083333333333334,0.43999999999999995,9.545,0.9167026902425428,443.7865134330825
2025-03-06,backward,2025-02-22 21:00:00,-11.125,0.47,10.405000000000001,1.1259447721118911,444.9124582051944
2025-03-06,backward,2025-02-22 20:00:00,-11.166666666666666,0.52,10.0,1.3265961138732594,446.2390543190677
2025-03-06,backward,2025-02-22 19:00:00,-11.208333333333334,0.605,3.13,0.561869137900963,446.80092345696863
2025-03-06,backward,2025-02-22 18:00:00,-11.25,0.6,2.94,0.5192564078858941,447.32017986485454
2025-03-06,backward,2025-02-22 17:00:00,-11.291666666666666,0.67,3.03,0.6673048285571929,447.9874846934117
2025-03-06,backward,2025-02-22 16:00:00,-11.333333333333334,0.755,3.45,0.9668906078671757,448.9543753012789
2025-03-06,backward,2025-02-22 15:00:00,-11.375,0.8500000000000001,3.7750000000000004,1.338555839008594,450.2929311402875
2025-03-06,backward,2025-02-22 14:00:00,-11.416666666666666,0.94,3.6500000000000004,1.578347653390084,451.8712787936776
2025-03-06,backward,2025-02-22 13:00:00,-11.458333333333334,1.15,3.925,2.5509108823987754,454.4221896760764
2025-03-06,backward,2025-02-22 12:00:00,-11.5,1.0950000000000002,4.01,2.3580631049078473,456.78025278098426
2025-03-06,backward,2025-02-22 11:00:00,-11.541666666666666,1.1,3.925,2.329157389990968,459.10941017097525
2025-03-06,backward,2025-02-22 10:00:00,-11.583333333333334,1.1099999999999999,4.17,2.5239320189009926,461.63334218987626
2025-03-06,backward,2025-02-22 09:00:00,-11.625,1.225,4.01,2.948640734486866,464.5819829243631
2025-03-06,backward,2025-02-22 08:00:00,-11.666666666666666,1.2149999999999999,4.0,2.902910209241152,467.48489313360426
2025-03-06,backward,2025-02-22 07:00:00,-11.708333333333334,1.1400000000000001,3.925,2.501634508997359,469.98652764260163
2025-03-06,backward,2025-02-22 06:00:00,-11.75,1.245,4.35,3.3080114025315153,473.29453904513315
2025-03-06,backward,2025-02-22 05:00:00,-11.791666666666666,1.35,4.654999999999999,4.187907673782543,477.4824467189157
2025-03-06,backward,2025-02-22 04:00:00,-11.833333333333334,1.58,4.654999999999999,5.714547269733336,483.196993988649
2025-03-06,backward,2025-02-22 03:00:00,-11.875,1.46,4.55,4.758270657289825,487.9552646459388
2025-03-06,backward,2025-02-22 02:00:00,-11.916666666666666,1.415,4.35,4.288431671763462,492.2436963177023
2025-03-06,backward,2025-02-22 01:00:00,-11.958333333333334,1.38,4.35,4.064454511868179,496.3081508295705
2025-03-06,backward,2025-02-22 00:00:00,-12.0,1.205,4.17,2.971046668111345,499.2791974976818
2025-03-06,backward,2025-02-21 23:00:00,-12.041666666666666,1.295,4.449999999999999,3.659971480968156,502.93916897865
2025-03-06,backward,2025-02-21 22:00:00,-12.083333333333334,1.255,4.26,3.2923733658711196,506.23154234452113
2025-03-06,backward,2025-02-21 21:00:00,-12.125,1.16,4.26,2.8110610901380095,509.04260343465916
2025-03-06,backward,2025-02-21 20:00:00,-12.166666666666666,1.21,4.085,2.9334258447008104,511.97602927936
2025-03-06,backward,2025-02-21 19:00:00,-12.208333333333334,1.1949999999999998,4.085,2.8624843513331797,514.8385136306931
2025-03-06,backward,2025-02-21 18:00:00,-12.25,1.155,4.085,2.6732719574235384,517.5117855881167
2025-03-06,backward,2025-02-21 17:00:00,-12.291666666666666,1.065,4.085,2.2722435221358817,519.7840291102526
2025-03-06,backward,2025-02-21 16:00:00,-12.333333333333334,1.21,4.17,2.9954942547416987,522.7795233649944
2025-03-06,backward,2025-02-21 15:00:00,-12.375,1.21,4.085,2.9390658406050587,525.7185892055994
2025-03-06,backward,2025-02-21 14:00:00,-12.416666666666666,1.185,4.175,2.8797536498569736,528.5983428554564
2025-03-06,backward,2025-02-21 13:00:00,-12.458333333333334,1.2,4.085,2.8851348515859008,531.4834777070423
2025-03-06,backward,2025-02-21 12:00:00,-12.5,1.28,4.26,3.424219308747033,534.9076970157894
2025-03-06,backward,2025-02-21 11:00:00,-12.541666666666666,1.3050000000000002,4.35,3.640936004186247,538.5486330199757
2025-03-06,backward,2025-02-21 10:00:00,-12.583333333333334,1.255,4.449999999999999,3.439253165261632,541.9878861852374
2025-03-06,backward,2025-02-21 09:00:00,-12.625,1.28,4.35,3.496775383405624,545.484661568643
2025-03-06,backward,2025-02-21 08:00:00,-12.666666666666666,1.325,4.449999999999999,3.850542115018795,549.3352036836618
2025-03-06,backward,2025-02-21 07:00:00,-12.708333333333334,1.255,4.359999999999999,3.370261827054004,552.7054655107158
2025-03-06,backward,2025-02-21 06:00:00,-12.75,1.18,4.17,2.8518774696830542,555.5573429803989
2025-03-06,backward,2025-02-21 05:00:00,-12.791666666666666,1.115,4.0,2.440956473729665,557.9982994541285
2025-03-06,backward,2025-02-21 04:00:00,-12.833333333333334,0.9650000000000001,3.6500000000000004,1.696587155207506,559.694886609336
2025-03-06,backward,2025-02-21 03:00:00,-12.875,0.73,3.13,0.8238461136246678,560.5187327229606
2025-03-06,backward,2025-02-21 02:00:00,-12.916666666666666,0.56,2.73,0.4233691184376001,560.9421018413982
2025-03-06,backward,2025-02-21 01:00:00,-12.958333333333334,0.44999999999999996,3.85,0.3841879255965276,561.3262897669947
2025-03-06,backward,2025-02-21 00:00:00,-13.0,0.48,3.7750000000000004,0.4267086671606531,561.7529984341553
2025-03-06,backward,2025-02-20 23:00:00,-13.041666666666666,0.575,4.0,0.6547615286890724,562.4077599628444
2025-03-06,backward,2025-02-20 22:00:00,-13.083333333333334,0.72,4.26,1.0842450581352532,563.4920050209796
2025-03-06,backward,2025-02-20 21:00:00,-13.125,0.8,4.17,1.3101451446090586,564.8021501655886
2025-03-06,backward,2025-02-20 20:00:00,-13.166666666666666,0.825,4.025,1.3484108683863414,566.150561033975
2025-03-06,backward,2025-02-20 19:00:00,-13.208333333333334,0.78,4.01,1.1969213437421482,567.3474823777171
2025-03-06,backward,2025-02-20 18:00:00,-13.25,0.725,3.49,0.9042079602765205,568.2516903379936
2025-03-06,backward,2025-02-20 17:00:00,-13.291666666666666,0.77,3.575,1.0424854903398684,569.2941758283336
2025-03-06,backward,2025-02-20 16:00:00,-13.333333333333334,0.82,4.085,1.3475714431086647,570.6417472714422
2025-03-06,backward,2025-02-20 15:00:00,-13.375,0.665,3.415,0.7526720734530519,571.3944193448953
2025-03-06,backward,2025-02-20 14:00:00,-13.416666666666666,0.5,2.94,0.3657872917773965,571.7602066366727
2025-03-06,backward,2025-02-20 13:00:00,-13.458333333333334,0.43,3.03,0.27486001960397627,572.0350666562766
2025-03-06,backward,2025-02-20 12:00:00,-13.5,0.495,3.23,0.39022114146574227,572.4252877977424
2025-03-06,backward,2025-02-20 11:00:00,-13.541666666666666,0.485,3.08,0.3553587450708332,572.7806465428132
2025-03-06,backward,2025-02-20 10:00:00,-13.583333333333334,,,,
2025-03-06,backward,2025-02-20 09:00:00,-13.625,0.52,2.885,0.3817773375767361,573.16242388039
2025-03-06,backward,2025-02-20 08:00:00,-13.666666666666666,0.505,2.985,0.3741368994926365,573.5365607798826
2025-03-06,backward,2025-02-20 07:00:00,-13.708333333333334,0.535,3.13,0.4395637465518381,573.9761245264344
2025-03-06,backward,2025-02-20 06:00:00,-13.75,0.635,3.34,0.6600436281935164,574.636168154628
2025-03-06,backward,2025-02-20 05:00:00,-13.791666666666666,0.65,3.33,0.6902445404996803,575.3264126951276
2025-03-06,backward,2025-02-20 04:00:00,-13.833333333333334,0.675,3.39,0.7587435565178589,576.0851562516455
2025-03-06,backward,2025-02-20 03:00:00,-13.875,0.71,3.45,0.8539103924183633,576.9390666440638
2025-03-06,backward,2025-02-20 02:00:00,-13.916666666666666,0.74,3.51,0.94271677886683,577.8817834229307
2025-03-06,backward,2025-02-20 01:00:00,-13.958333333333334,0.685,3.29,0.7579497575118505,578.6397331804425
2025-03-06,backward,2025-02-20 00:00:00,-14.0,0.565,3.13,0.4913770387790085,579.1311102192215
2025-03-06,backward,2025-02-19 23:00:00,-14.041666666666666,0.5549999999999999,2.985,0.4526170303919893,579.5837272496134
2025-03-06,backward,2025-02-19 22:00:00,-14.083333333333334,0.515,3.13,0.40823763151373327,579.9919648811272
2025-03-06,backward,2025-02-19 21:00:00,-14.125,0.555,3.13,0.4730396930141265,580.4650045741413
2025-03-06,backward,2025-02-19 20:00:00,-14.166666666666666,0.605,3.08,0.5532732464397303,581.018277820581
2025-03-06,backward,2025-02-19 19:00:00,-14.208333333333334,0.615,3.39,0.6292679720458575,581.6475457926269
2025-03-06,backward,2025-02-19 18:00:00,-14.25,0.7,3.85,0.9385078779567271,582.5860536705836
2025-03-06,backward,2025-02-19 17:00:00,-14.291666666666666,0.855,3.7,1.3371956364473097,583.9232493070309
2025-03-06,backward,2025-02-19 16:00:00,-14.333333333333334,0.94,4.01,1.7355743137427218,585.6588236207737
2025-03-06,backward,2025-02-19 15:00:00,-14.375,0.99,4.175,2.014458766749842,587.6732823875235
2025-03-06,backward,2025-02-19 14:00:00,-14.416666666666666,1.1,4.26,2.5281105022966504,590.2013928898201
2025-03-06,backward,2025-02-19 13:00:00,-14.458333333333334,1.185,4.26,2.935365451851771,593.1367583416719
2025-03-06,backward,2025-02-19 12:00:00,-14.5,1.225,4.26,3.165411641786502,596.3021699834584
2025-03-06,backward,2025-02-19 11:00:00,-14.541666666666666,1.12,4.01,2.472117745463679,598.7742877289221
2025-03-06,backward,2025-02-19 10:00:00,-14.583333333333334,0.97,3.7750000000000004,1.7421042672470313,600.5163919961691
2025-03-06,backward,2025-02-19 09:00:00,-14.625,1.005,4.085,2.02566541310012,602.5420574092692
2025-03-06,backward,2025-02-19 08:00:00,-14.666666666666666,1.1749999999999998,4.085,2.770643081911185,605.3127004911804
2025-03-06,backward,2025-02-19 07:00:00,-14.708333333333334,1.0750000000000002,4.17,2.365483016012218,607.6781835071927
2025-03-06,backward,2025-02-19 06:00:00,-14.75,1.04,3.85,2.0406521715278356,609.7188356787206
2025-03-06,backward,2025-02-19 05:00:00,-14.791666666666666,1.07,4.0,2.247559954466041,611.9663956331866
2025-03-06,backward,2025-02-19 04:00:00,-14.833333333333334,1.15,4.17,2.705601114530731,614.6719967477173
2025-03-06,backward,2025-02-19 03:00:00,-14.875,1.105,4.17,2.499279849955741,617.1712765976731
2025-03-06,backward,2025-02-19 02:00:00,-14.916666666666666,1.21,4.449999999999999,3.1959339004146288,620.3672104980877
2025-03-06,backward,2025-02-19 01:00:00,-14.958333333333334,1.495,4.654999999999999,5.109553455424986,625.4767639535127
2025-03-06,backward,2025-02-19 00:00:00,-15.0,1.62,5.0,6.467401357667988,631.9441653111807
2025-03-06,backward,2025-02-18 23:00:00,-15.041666666666666,1.625,4.88,6.3398253960336035,638.2839907072142
2025-03-06,backward,2025-02-18 22:00:00,-15.083333333333334,1.66,5.0,6.7605378880079545,645.0445285952222
2025-03-06,backward,2025-02-18 21:00:00,-15.125,1.6400000000000001,4.904999999999999,6.5432069550189755,651.5877355502412
2025-03-06,backward,2025-02-18 20:00:00,-15.166666666666666,1.595,5.0,6.258280945856421,657.8460164960976
2025-03-06,backward,2025-02-18 19:00:00,-15.208333333333334,1.52,5.01,5.665281689643497,663.5112981857411
2025-03-06,backward,2025-02-18 18:00:00,-15.25,1.575,5.13,6.24435413968611,669.7556523254273
2025-03-06,backward,2025-02-18 17:00:00,-15.291666666666666,1.69,5.13,7.186339916996108,676.9419922424233
2025-03-06,backward,2025-02-18 16:00:00,-15.333333333333334,1.685,5.13,7.152719242037669,684.094711484461
2025-03-06,backward,2025-02-18 15:00:00,-15.375,1.7149999999999999,5.13,7.406334590221878,691.5010460746828
2025-03-06,backward,2025-02-18 14:00:00,-15.416666666666666,1.605,4.88,6.164169156162605,697.6652152308454
2025-03-06,backward,2025-02-18 13:00:00,-15.458333333333334,1.6099999999999999,4.775,6.090321073047695,703.7555363038931
2025-03-06,backward,2025-02-18 12:00:00,-15.5,1.6099999999999999,5.13,6.519911799702043,710.2754481035952
2025-03-06,backward,2025-02-18 11:00:00,-15.541666666666666,1.745,5.13,7.6676362480643885,717.9430843516595
2025-03-06,backward,2025-02-18 10:00:00,-15.583333333333334,1.62,5.279999999999999,6.820179765364222,724.7632641170237
2025-03-06,backward,2025-02-18 09:00:00,-15.625,1.615,5.26,6.731320884173083,731.4945850011968
2025-03-06,backward,2025-02-18 08:00:00,-15.666666666666666,1.75,5.26,7.904066681797136,739.398651682994
2025-03-06,backward,2025-02-18 07:00:00,-15.708333333333334,1.85,5.41,9.086896866669955,748.4855485496639
2025-03-06,backward,2025-02-18 06:00:00,-15.75,1.79,5.13,8.058985535892504,756.5445340855564
2025-03-06,backward,2025-02-18 05:00:00,-15.791666666666666,1.75,5.13,7.720668203289659,764.265202288846
2025-03-06,backward,2025-02-18 04:00:00,-15.833333333333334,1.7850000000000001,5.26,8.223929904628033,772.489132193474
2025-03-06,backward,2025-02-18 03:00:00,-15.875,2.0,5.56,10.933151684587898,783.4222838780619
2025-03-06,backward,2025-02-18 02:00:00,-15.916666666666666,1.915,4.88,8.794891671625324,792.2171755496872
2025-03-06,backward,2025-02-18 01:00:00,-15.958333333333334,1.72,5.41,7.846472590010139,800.0636481396974
2025-03-06,backward,2025-02-18 00:00:00,-16.0,1.71,5.0,7.172891450770704,807.2365395904682
2025-03-06,backward,2025-02-17 23:00:00,-16.041666666666668,1.83,5.41,8.999603015657534,816.2361426061257
2025-03-06,backward,2025-02-17 22:00:00,-16.083333333333332,2.01,5.56,11.02480456166236,827.260947167788
2025-03-06,backward,2025-02-17 21:00:00,-16.125,2.3,5.88,15.26758077075608,842.5285279385441
2025-03-06,backward,2025-02-17 20:00:00,-16.166666666666668,2.1399999999999997,5.56,12.514163814122378,855.0426917526665
2025-03-06,backward,2025-02-17 19:00:00,-16.208333333333332,2.335,5.56,14.8729979049004,869.915689657567
2025-03-06,backward,2025-02-17 18:00:00,-16.25,2.0300000000000002,5.56,11.247662896691637,881.1633525542586
2025-03-06,backward,2025-02-17 17:00:00,-16.291666666666668,2.105,5.88,12.78423700004179,893.9475895543004
2025-03-06,backward,2025-02-17 16:00:00,-16.333333333333332,2.21,5.72,13.788104266860362,907.7356938211608
2025-03-06,backward,2025-02-17 15:00:00,-16.375,1.9100000000000001,5.4399999999999995,9.773637996352633,917.5093318175134
2025-03-06,backward,2025-02-17 14:00:00,-16.416666666666668,1.9449999999999998,5.26,9.76556999594855,927.274901813462
2025-03-06,backward,2025-02-17 13:00:00,-16.458333333333332,1.705,5.279999999999999,7.537951665831843,934.8128534792938
2025-03-06,backward,2025-02-17 12:00:00,-16.5,1.62,4.775,6.160860270256533,940.9737137495504
2025-03-06,backward,2025-02-17 11:00:00,-16.541666666666668,1.65,4.76,6.376715953794916,947.3504297033453
2025-03-06,backward,2025-02-17 10:00:00,-16.583333333333332,1.58,4.55,5.578177212188752,952.928606915534
2025-03-06,backward,2025-02-17 09:00:00,-16.625,1.645,5.01,6.6878375754582855,959.6164444909923
2025-03-06,backward,2025-02-17 08:00:00,-16.666666666666668,1.81,5.26,8.455279141633195,968.0717236326255
2025-03-06,backward,2025-02-17 07:00:00,-16.708333333333332,2.0,5.41,10.6646852302783,978.7364088629039
2025-03-06,backward,2025-02-17 06:00:00,-16.75,2.3499999999999996,5.56,15.07744383158882,993.8138526944927
2025-03-06,backward,2025-02-17 05:00:00,-16.791666666666668,1.92,8.33,15.098461843465465,1008.9123145379581
2025-03-06,backward,2025-02-17 04:00:00,-16.833333333333332,2.005,8.33,16.429717479007184,1025.3420320169653
2025-03-06,backward,2025-02-17 03:00:00,-16.875,2.2199999999999998,8.33,20.14149930857208,1045.4835313255373
2025-03-06,backward,2025-02-17 02:00:00,-16.916666666666668,2.335,8.33,22.290102993563817,1067.7736343191011
2025-03-06,backward,2025-02-17 01:00:00,-16.958333333333332,2.415,8.33,23.835708155073803,1091.6093424741748
2025-03-06,backward,2025-02-17 00:00:00,-17.0,2.15,8.33,18.89095679291355,1110.5002992670884
2025-03-06,backward,2025-02-16 23:00:00,-17.041666666666668,2.255,8.71,21.688997960356282,1132.1892972274447
2025-03-06,backward,2025-02-16 22:00:00,-17.083333333333332,2.635,9.09,31.23169441251834,1163.4209916399632
2025-03-06,backward,2025-02-16 21:00:00,-17.125,2.7199999999999998,9.09,33.01575743321986,1196.4367490731831
2025-03-06,backward,2025-02-16 20:00:00,-17.166666666666668,3.02,8.33,37.279244535415344,1233.7159936085984
2025-03-06,backward,2025-02-16 19:00:00,-17.208333333333332,3.125,8.33,39.94645555778312,1273.6624491663815
2025-03-06,backward,2025-02-16 18:00:00,-17.25,3.2800000000000002,8.33,43.973325060411,1317.6357742267926
2025-03-06,backward,2025-02-16 17:00:00,-17.291666666666668,2.93,7.69,32.402289152205526,1350.0380633789982
2025-03-06,backward,2025-02-16 16:00:00,-17.333333333333332,2.745,7.415,27.474704552109092,1377.5127679311074
2025-03-06,backward,2025-02-16 15:00:00,-17.375,2.42,6.904999999999999,19.94167659877681,1397.4544445298843
2025-03-06,backward,2025-02-16 14:00:00,-17.416666666666668,2.105,6.0649999999999995,13.214619317979324,1410.6690638478635
2025-03-06,backward,2025-02-16 13:00:00,-17.458333333333332,1.805,5.88,9.459265134879116,1420.1283289827427
2025-03-06,backward,2025-02-16 12:00:00,-17.5,1.52,5.16,5.861772945699396,1425.990101928442
2025-03-06,backward,2025-02-16 11:00:00,-17.541666666666668,1.31,4.76,4.022520043364732,1430.0126219718068
2025-03-06,backward,2025-02-16 10:00:00,-17.583333333333332,1.095,4.359999999999999,2.587066759065218,1432.599688730872
2025-03-06,backward,2025-02-16 09:00:00,-17.625,0.8400000000000001,3.725,1.3193155346092507,1433.9190042654814
2025-03-06,backward,2025-02-16 08:00:00,-17.666666666666668,0.675,3.575,0.7983775778401094,1434.7173818433214
2025-03-06,backward,2025-02-16 07:00:00,-17.708333333333332,0.565,3.39,0.5307947032646397,1435.2481765465861
2025-03-06,backward,2025-02-16 06:00:00,-17.75,0.565,3.23,0.5062178421978939,1435.754394388784
2025-03-06,backward,2025-02-16 05:00:00,-17.791666666666668,0.505,3.035,0.37953061165089186,1436.1339250004348
2025-03-06,backward,2025-02-16 04:00:00,-17.833333333333332,0.45499999999999996,2.8,0.2883761893292752,1436.422301189764
2025-03-06,backward,2025-02-16 03:00:00,-17.875,0.37,2.475,0.16762380833461235,1436.5899249980987
2025-03-06,backward,2025-02-16 02:00:00,-17.916666666666668,0.30000000000000004,2.6050000000000004,0.11473878932831617,1436.704663787427
2025-03-06,backward,2025-02-16 01:00:00,-17.958333333333332,0.29,2.67,0.11016389703472587,1436.8148276844618
2025-03-06,backward,2025-02-16 00:00:00,-18.0,0.33,2.6,0.1390374773194089,1436.953865161781
2025-03-06,backward,2025-02-15 23:00:00,-18.041666666666668,0.335,2.3,0.12657978803629993,1437.0804449498173
2025-03-06,backward,2025-02-15 22:00:00,-18.083333333333332,0.245,9.09,0.3014689668776982,1437.381913916695
2025-03-06,backward,2025-02-15 21:00:00,-18.125,0.23,,,
2025-03-06,backward,2025-02-15 20:00:00,-18.166666666666668,0.235,,,
2025-03-06,backward,2025-02-15 19:00:00,-18.208333333333332,0.255,6.72,0.21149616687126777,1437.5934100835664
2025-03-06,backward,2025-02-15 18:00:00,-18.25,0.305,4.17,0.19077300864271507,1437.784183092209
2025-03-06,backward,2025-02-15 17:00:00,-18.291666666666668,0.345,2.35,0.1372553543964634,1437.9214384466056
2025-03-06,backward,2025-02-15 16:00:00,-18.333333333333332,0.38,3.8099999999999996,0.266558000580691,1438.1879964471864
2025-03-06,backward,2025-02-15 15:00:00,-18.375,0.43,2.74,0.2485532850544208,1438.4365497322408
2025-03-06,backward,2025-02-15 14:00:00,-18.416666666666668,0.505,2.94,0.3681672169802068,1438.804716949221
2025-03-06,backward,2025-02-15 13:00:00,-18.458333333333332,0.54,2.945,0.42100710031990685,1439.225724049541
2025-03-06,backward,2025-02-15 12:00:00,-18.5,0.595,3.03,0.5266044453472611,1439.7523284948882
2025-03-06,backward,2025-02-15 11:00:00,-18.541666666666668,0.6799999999999999,3.23,0.7341703749891508,1440.4864988698773
2025-03-06,backward,2025-02-15 10:00:00,-18.583333333333332,0.7050000000000001,3.45,0.8423161680614442,1441.3288150379387
2025-03-06,backward,2025-02-15 09:00:00,-18.625,0.69,3.33,0.7784651444925388,1442.1072801824312
2025-03-06,backward,2025-02-15 08:00:00,-18.666666666666668,0.74,3.51,0.944540357918334,1443.0518205403496
2025-03-06,backward,2025-02-15 07:00:00,-18.708333333333332,0.7,3.39,0.8176772454531283,1443.8694977858027
2025-03-06,backward,2025-02-15 06:00:00,-18.75,0.69,3.23,0.7544539510734612,1444.623951736876
2025-03-06,backward,2025-02-15 05:00:00,-18.791666666666668,0.71,3.4,0.8422187829547118,1445.4661705198307
2025-03-06,backward,2025-02-15 04:00:00,-18.833333333333332,0.81,3.57,1.1507092896185616,1446.6168798094493
2025-03-06,backward,2025-02-15 03:00:00,-18.875,0.835,3.7750000000000004,1.2910235666370662,1447.9079033760863
2025-03-06,backward,2025-02-15 02:00:00,-18.916666666666668,0.875,3.57,1.3410054301315855,1449.248908806218
2025-03-06,backward,2025-02-15 01:00:00,-18.958333333333332,0.895,3.7750000000000004,1.4829544032489905,1450.731863209467
2025-03-06,backward,2025-02-15 00:00:00,-19.0,0.9650000000000001,4.0,1.831428732651212,1452.5632919421182
2025-03-06,backward,2025-02-14 23:00:00,-19.041666666666668,1.085,4.085,2.3598047529123773,1454.9230966950306
2025-03-06,backward,2025-02-14 22:00:00,-19.083333333333332,1.19,4.17,2.9175483927654264,1457.840645087796
2025-03-06,backward,2025-02-14 21:00:00,-19.125,1.33,4.654999999999999,4.037927740943967,1461.87857282874
2025-03-06,backward,2025-02-14 20:00:00,-19.166666666666668,1.4449999999999998,4.654999999999999,4.77656998116165,1466.6551428099017
2025-03-06,backward,2025-02-14 19:00:00,-19.208333333333332,1.525,4.76,5.431044260581244,1472.086187070483
2025-03-06,backward,2025-02-14 18:00:00,-19.25,1.43,4.654999999999999,4.671776001939203,1476.7579630724222
2025-03-06,backward,2025-02-14 17:00:00,-19.291666666666668,1.56,5.0,5.969927814965517,1482.7278908873877
2025-03-06,backward,2025-02-14 16:00:00,-19.333333333333332,1.8050000000000002,4.88,7.79639260550128,1490.524283492889
2025-03-06,backward,2025-02-14 15:00:00,-19.375,1.4100000000000001,4.359999999999999,4.322944021439714,1494.8472275143288
2025-03-06,backward,2025-02-14 14:00:00,-19.416666666666668,1.25,4.449999999999999,3.416882800504851,1498.2641103148337
2025-03-06,backward,2025-02-14 13:00:00,-19.458333333333332,1.3,4.654999999999999,3.8685770027569752,1502.1326873175906
2025-03-06,backward,2025-02-14 12:00:00,-19.5,1.38,4.55,4.26204079844411,1506.3947281160347
2025-03-06,backward,2025-02-14 11:00:00,-19.541666666666668,1.39,4.76,4.511994760978229,1510.906722877013
2025-03-06,backward,2025-02-14 10:00:00,-19.583333333333332,1.42,4.654999999999999,4.606678350883111,1515.513401227896
2025-03-06,backward,2025-02-14 09:00:00,-19.625,1.5,4.654999999999999,5.137423993640581,1520.6508252215367
2025-03-06,backward,2025-02-14 08:00:00,-19.666666666666668,1.3849999999999998,4.175,3.9279166673890744,1524.5787418889258
2025-03-06,backward,2025-02-14 07:00:00,-19.708333333333332,1.335,4.26,3.723512196829212,1528.302254085755
2025-03-06,backward,2025-02-14 06:00:00,-19.75,1.345,4.449999999999999,3.9633125967994562,1532.2655666825544
2025-03-06,backward,2025-02-14 05:00:00,-19.791666666666668,1.565,4.88,5.9095627857335655,1538.175129468288
2025-03-06,backward,2025-02-14 04:00:00,-19.833333333333332,1.8,5.01,7.949968673515408,1546.1250981418036
2025-03-06,backward,2025-02-14 03:00:00,-19.875,1.9,6.925,12.563940849999465,1558.689038991803
2025-03-06,backward,2025-02-14 02:00:00,-19.916666666666668,1.94,9.09,16.820273703736895,1575.5093126955398
2025-03-06,backward,2025-02-14 01:00:00,-19.958333333333332,1.915,8.71,15.691197890057424,1591.2005105855974
2025-03-06,backward,2025-02-14 00:00:00,-20.0,1.895,8.71,15.365395892833615,1606.565906478431
2025-03-06,backward,2025-02-13 23:00:00,-20.041666666666668,2.125,8.71,19.27353725099266,1625.8394437294237
2025-03-06,backward,2025-02-13 22:00:00,-20.083333333333332,2.2699999999999996,9.09,22.980319324271868,1648.8197630536956
2025-03-06,backward,2025-02-13 21:00:00,-20.125,2.165,9.09,20.91217977708944,1669.731942830785
2025-03-06,backward,2025-02-13 20:00:00,-20.166666666666668,2.325,9.09,24.120416090281985,1693.852358921067
2025-03-06,backward,2025-02-13 19:00:00,-20.208333333333332,2.365,9.09,24.9623885894907,1718.8147475105577
2025-03-06,backward,2025-02-13 18:00:00,-20.25,2.595,9.09,30.124821667266204,1748.9395691778238
2025-03-06,backward,2025-02-13 17:00:00,-20.291666666666668,2.44,8.33,24.332451432127048,1773.272020609951
2025-03-06,backward,2025-02-13 16:00:00,-20.333333333333332,2.44,8.33,24.380266293019876,1797.652286902971
2025-03-06,backward,2025-02-13 15:00:00,-20.375,2.605,7.69,25.609636010901642,1823.2619229138725
2025-03-06,backward,2025-02-13 14:00:00,-20.416666666666668,2.8899999999999997,7.69,31.510787617983468,1854.7727105318559
2025-03-06,backward,2025-02-13 13:00:00,-20.458333333333332,2.51,7.415,22.897463732040578,1877.6701742638963
2025-03-06,backward,2025-02-13 12:00:00,-20.5,2.63,7.14,24.271734148453618,1901.94190841235
2025-03-06,backward,2025-02-13 11:00:00,-20.541666666666668,2.41,7.14,20.345310882902798,1922.2872192952527
2025-03-06,backward,2025-02-13 10:00:00,-20.583333333333332,2.2800000000000002,6.904999999999999,17.65398490414328,1939.941204199396
2025-03-06,backward,2025-02-13 09:00:00,-20.625,2.08,6.904999999999999,14.639652395858494,1954.5808565952545
2025-03-06,backward,2025-02-13 08:00:00,-20.666666666666668,2.05,6.0649999999999995,12.494497664520798,1967.0753542597754
2025-03-06,backward,2025-02-13 07:00:00,-20.708333333333332,1.845,6.0649999999999995,10.149840097894586,1977.22519435767
2025-03-06,backward,2025-02-13 06:00:00,-20.75,1.68,5.56,7.6991144506747204,1984.9243088083447
2025-03-06,backward,2025-02-13 05:00:00,-20.791666666666668,1.625,5.56,7.208526059548468,1992.132834867893
2025-03-06,backward,2025-02-13 04:00:00,-20.833333333333332,1.53,5.72,6.566113060514052,1998.698947928407
2025-03-06,backward,2025-02-13 03:00:00,-20.875,1.395,5.56,5.311638835810929,2004.010586764218
2025-03-06,backward,2025-02-13 02:00:00,-20.916666666666668,1.455,5.72,5.941783764422449,2009.9523705286406
2025-03-06,backward,2025-02-13 01:00:00,-20.958333333333332,1.495,5.56,6.098326030700067,2016.0506965593406
2025-03-06,backward,2025-02-13 00:00:00,-21.0,1.5150000000000001,5.88,6.642010646315983,2022.6927072056567
2025-03-06,forward,2025-03-06 00:00:00,0.0,0.985,4.555,2.1716424991587067,2.1716424991587067
2025-03-06,forward,2025-03-06 01:00:00,0.041666666666666664,1.0750000000000002,4.359999999999999,2.478273121995747,4.649915621154454
2025-03-06,forward,2025-03-06 02:00:00,0.08333333333333333,1.2,4.449999999999999,3.142229816241131,7.792145437395585
2025-03-06,forward,2025-03-06 03:00:00,0.125,1.225,4.76,3.507240480190029,11.299385917585614
2025-03-06,forward,2025-03-06 04:00:00,0.16666666666666666,1.33,4.775,4.1593878197545555,15.45877373734017
2025-03-06,forward,2025-03-06 05:00:00,0.20833333333333334,1.4,4.76,4.577149076920103,20.035922814260275
2025-03-06,forward,2025-03-06 06:00:00,0.25,1.63,5.0,6.526273966271831,26.562196780532105
2025-03-06,forward,2025-03-06 07:00:00,0.2916666666666667,1.6800000000000002,5.26,7.320596938496887,33.882793719028996
2025-03-06,forward,2025-03-06 08:00:00,0.3333333333333333,2.005,5.57,11.010095731007763,44.89288945003676
2025-03-06,forward,2025-03-06 09:00:00,0.375,1.81,5.72,9.20464208387764,54.097531533914406
2025-03-06,forward,2025-03-06 10:00:00,0.4166666666666667,1.85,6.0649999999999995,10.175044442848034,64.27257597676244
2025-03-06,forward,2025-03-06 11:00:00,0.4583333333333333,1.73,5.88,8.636387966271052,72.90896394303348
2025-03-06,forward,2025-03-06 12:00:00,0.5,1.5350000000000001,5.88,6.813365260918328,79.72232920395182
2025-03-06,forward,2025-03-06 13:00:00,0.5416666666666666,1.415,5.72,5.645061892218507,85.36739109617032
2025-03-06,forward,2025-03-06 14:00:00,0.5833333333333334,1.2650000000000001,5.13,4.024991711715952,89.39238280788628
2025-03-06,forward,2025-03-06 15:00:00,0.625,1.2,8.33,5.904930983251658,95.29731379113794
2025-03-06,forward,2025-03-06 16:00:00,0.6666666666666666,1.1150000000000002,8.33,5.080839812393678,100.37815360353162
2025-03-06,forward,2025-03-06 17:00:00,0.7083333333333334,1.085,8.01,4.632190305216516,105.01034390874813
2025-03-06,forward,2025-03-06 18:00:00,0.75,1.065,8.01,4.480222440627416,109.49056634937554
2025-03-06,forward,2025-03-06 19:00:00,0.7916666666666666,1.105,7.69,4.648220335329198,114.13878668470474
2025-03-06,forward,2025-03-06 20:00:00,0.8333333333333334,1.04,7.734999999999999,4.126118908632524,118.26490559333726
2025-03-06,forward,2025-03-06 21:00:00,0.875,1.01,8.01,4.016648972471716,122.28155456580897
2025-03-06,forward,2025-03-06 22:00:00,0.9166666666666666,1.01,8.39,4.223427726276064,126.50498229208503
2025-03-06,forward,2025-03-06 23:00:00,0.9583333333333334,0.985,8.01,3.8283770684845204,130.33335936056955
2025-03-06,forward,2025-03-07 00:00:00,1.0,0.95,11.059999999999999,4.897048113921233,135.2304074744908
2025-03-06,forward,2025-03-07 01:00:00,1.0416666666666667,1.0950000000000002,8.39,4.925043265825042,140.15545074031584
2025-03-06,forward,2025-03-07 02:00:00,1.0833333333333333,1.19,9.905,6.8814575653320675,147.0369083056479
2025-03-06,forward,2025-03-07 03:00:00,1.125,1.395,6.34,5.961460707335604,152.99836901298352
2025-03-06,forward,2025-03-07 04:00:00,1.1666666666666667,1.365,4.26,3.910763887569809,156.90913290055332
2025-03-06,forward,2025-03-07 05:00:00,1.2083333333333333,1.505,4.449999999999999,4.956051959381757,161.86518485993508
2025-03-06,forward,2025-03-07 06:00:00,1.25,1.615,5.0,6.401047021720741,168.2662318816558
2025-03-06,forward,2025-03-07 07:00:00,1.2916666666666667,1.51,4.449999999999999,4.9782236290845,173.24445551074032
2025-03-06,forward,2025-03-07 08:00:00,1.3333333333333333,1.56,4.88,5.841579640948279,179.0860351516886
2025-03-06,forward,2025-03-07 09:00:00,1.375,1.8250000000000002,4.88,7.9694368639705555,187.05547201565915
2025-03-06,forward,2025-03-07 10:00:00,1.4166666666666667,1.94,5.26,9.712280963665709,196.76775297932485
2025-03-06,forward,2025-03-07 11:00:00,1.4583333333333333,1.96,5.41,10.243734304239103,207.01148728356395
2025-03-06,forward,2025-03-07 12:00:00,1.5,1.9249999999999998,4.76,8.65419791158386,215.6656851951478
2025-03-06,forward,2025-03-07 13:00:00,1.5416666666666667,1.76,4.88,7.421229850803722,223.0869150459515
2025-03-06,forward,2025-03-07 14:00:00,1.5833333333333333,1.725,4.88,7.138088908194543,230.22500395414605
2025-03-06,forward,2025-03-07 15:00:00,1.625,1.74,5.13,7.615070367657232,237.84007432180329
2025-03-06,forward,2025-03-07 16:00:00,1.6666666666666667,1.85,5.13,8.615331687198818,246.4554060090021
2025-03-06,forward,2025-03-07 17:00:00,1.7083333333333333,1.9249999999999998,5.41,9.95437984839686,256.40978585739896
2025-03-06,forward,2025-03-07 18:00:00,1.75,2.11,5.72,12.501502278431976,268.91128813583094
2025-03-06,forward,2025-03-07 19:00:00,1.7916666666666667,1.745,5.26,7.863164446364543,276.77445258219547
2025-03-06,forward,2025-03-07 20:00:00,1.8333333333333333,1.76,5.055,7.7433287609463495,284.5177813431418
2025-03-06,forward,2025-03-07 21:00:00,1.875,1.88,5.41,9.380910598878117,293.8986919420199
2025-03-06,forward,2025-03-07 22:00:00,1.9166666666666667,1.69,5.13,7.200893716448051,301.09958565846796
2025-03-06,forward,2025-03-07 23:00:00,1.9583333333333333,1.655,5.0,6.751339042913606,307.8509247013816
2025-03-06,forward,2025-03-08 00:00:00,2.0,1.5750000000000002,5.0,6.085587960618483,313.93651266200004
2025-03-06,forward,2025-03-08 01:00:00,2.0416666666666665,1.5,5.0,5.519552359146118,319.4560650211462
2025-03-06,forward,2025-03-08 02:00:00,2.0833333333333335,1.46,4.76,4.981619597390798,324.437684618537
2025-03-06,forward,2025-03-08 03:00:00,2.125,1.435,4.654999999999999,4.700520553090028,329.138205171627
2025-03-06,forward,2025-03-08 04:00:00,2.1666666666666665,1.29,4.55,3.718263949074715,332.8564691207017
2025-03-06,forward,2025-03-08 05:00:00,2.2083333333333335,1.23,4.26,3.160590711049455,336.01705983175117
2025-03-06,forward,2025-03-08 06:00:00,2.25,1.25,4.35,3.334581346702037,339.3516411784532
2025-03-06,forward,2025-03-08 07:00:00,2.2916666666666665,1.1400000000000001,4.35,2.7769326389303624,342.12857381738354
2025-03-06,forward,2025-03-08 08:00:00,2.3333333333333335,0.975,4.085,1.9104693798449803,344.0390431972285
2025-03-06,forward,2025-03-08 09:00:00,2.375,0.89,3.7750000000000004,1.470627950822561,345.5096711480511
2025-03-06,forward,2025-03-08 10:00:00,2.4166666666666665,0.835,3.7,1.2656752290950744,346.77534637714615
2025-03-06,forward,2025-03-08 11:00:00,2.4583333333333335,0.735,3.635,0.9656964751226609,347.74104285226883
2025-03-06,forward,2025-03-08 12:00:00,2.5,0.72,3.39,0.8619200108189162,348.6029628630877
2025-03-06,forward,2025-03-08 13:00:00,2.5416666666666665,0.865,3.34,1.2294153441534317,349.83237820724116
2025-03-06,forward,2025-03-08 14:00:00,2.5833333333333335,0.995,3.7,1.7971771395705678,351.62955534681174
2025-03-06,forward,2025-03-08 15:00:00,2.625,1.025,3.81,1.9952655604373821,353.6248209072491
2025-03-06,forward,2025-03-08 16:00:00,2.6666666666666665,1.35,4.654999999999999,4.174828387873592,357.7996492951227
2025-03-06,forward,2025-03-08 17:00:00,2.7083333333333335,1.27,4.654999999999999,3.6870175573607615,361.4866668524835
2025-03-06,forward,2025-03-08 18:00:00,2.75,1.26,4.449999999999999,3.4644371501046054,364.9511040025881
2025-03-06,forward,2025-03-08 19:00:00,2.7916666666666665,1.365,4.775,4.355375960309427,369.3064799628975
2025-03-06,forward,2025-03-08 20:00:00,2.8333333333333335,1.4649999999999999,4.88,5.136145476823733,374.44262543972127
2025-03-06,forward,2025-03-08 21:00:00,2.875,1.415,4.88,4.802396658648549,379.2450220983698
2025-03-06,forward,2025-03-08 22:00:00,2.9166666666666665,1.5699999999999998,5.0,6.0709924597354465,385.3160145581053
2025-03-06,forward,2025-03-08 23:00:00,2.9583333333333335,1.56,4.76,5.683137751833042,390.9991523099383
2025-03-06,forward,2025-03-09 00:00:00,3.0,1.52,4.88,5.531450513344954,396.5306028232833
2025-03-06,forward,2025-03-09 01:00:00,3.0416666666666665,1.2999999999999998,4.26,3.5546221368045448,400.0852249600878
2025-03-06,forward,2025-03-09 02:00:00,3.0833333333333335,1.07,3.925,2.2038433630396503,402.2890683231275
2025-03-06,forward,2025-03-09 03:00:00,3.125,1.045,4.085,2.1890369019757836,404.47810522510326
2025-03-06,forward,2025-03-09 04:00:00,3.1666666666666665,1.135,4.085,2.6001325533346975,407.07823777843794
2025-03-06,forward,2025-03-09 05:00:00,3.2083333333333335,1.06,3.85,2.1240378625391036,409.20227564097706
2025-03-06,forward,2025-03-09 06:00:00,3.25,1.065,4.0,2.226267694354318,411.42854333533137
2025-03-06,forward,2025-03-09 07:00:00,3.2916666666666665,1.02,4.26,2.17344718991495,413.6019905252463
2025-03-06,forward,2025-03-09 08:00:00,3.3333333333333335,1.045,4.17,2.2365961576262547,415.8385866828726
2025-03-06,forward,2025-03-09 09:00:00,3.375,0.975,3.925,1.8303947824626068,417.6689814653352
2025-03-06,forward,2025-03-09 10:00:00,3.4166666666666665,0.8999999999999999,3.925,1.5654864414355025,419.2344679067707
2025-03-06,forward,2025-03-09 11:00:00,3.4583333333333335,0.835,3.925,1.3471034058702647,420.58157131264096
2025-03-06,forward,2025-03-09 12:00:00,3.5,0.79,3.635,1.1130818430395588,421.6946531556805
2025-03-06,forward,2025-03-09 13:00:00,3.5416666666666665,0.755,3.57,0.9984198334049634,422.69307298908546
2025-03-06,forward,2025-03-09 14:00:00,3.5833333333333335,0.67,3.39,0.7465885705639881,423.43966155964944
2025-03-06,forward,2025-03-09 15:00:00,3.625,0.61,3.23,0.5898083608265959,424.02946992047606
2025-03-06,forward,2025-03-09 16:00:00,3.6666666666666665,0.585,3.085,0.5175849164066166,424.5470548368827
2025-03-06,forward,2025-03-09 17:00:00,3.7083333333333335,0.54,2.885,0.41806714942775236,424.96512198631046
2025-03-06,forward,2025-03-09 18:00:00,3.75,0.51,2.84,0.36195860979786,425.3270805961083
2025-03-06,forward,2025-03-09 19:00:00,3.7916666666666665,0.7,3.3499999999999996,0.8169923607730369,426.14407295688136
2025-03-06,forward,2025-03-09 20:00:00,3.8333333333333335,0.815,3.7750000000000004,1.2305135636064293,427.3745865204878
2025-03-06,forward,2025-03-09 21:00:00,3.875,0.8200000000000001,3.85,1.2702378562618724,428.6448243767497
2025-03-06,forward,2025-03-09 22:00:00,3.9166666666666665,0.8049999999999999,3.85,1.2226565233831748,429.8674809001329
2025-03-06,forward,2025-03-09 23:00:00,3.9583333333333335,0.73,3.71,0.9699551724475413,430.83743607258043
2025-03-06,forward,2025-03-10 00:00:00,4.0,0.64,3.635,0.7349460216075065,431.57238209418796
2025-03-06,forward,2025-03-10 01:00:00,4.041666666666667,0.5349999999999999,3.1799999999999997,0.4475390225973719,432.0199211167853
2025-03-06,forward,2025-03-10 02:00:00,4.083333333333333,0.39,2.9,0.21669633532873805,432.23661745211405
2025-03-06,forward,2025-03-10 03:00:00,4.125,0.41500000000000004,2.8,0.23726004690898866,432.47387749902305
2025-03-06,forward,2025-03-10 04:00:00,4.166666666666667,0.32499999999999996,7.015,0.3184573939979446,432.792334893021
2025-03-06,forward,2025-03-10 05:00:00,4.208333333333333,0.22499999999999998,,,
2025-03-06,forward,2025-03-10 06:00:00,4.25,0.2,,,
2025-03-06,forward,2025-03-10 07:00:00,4.291666666666667,0.24,2.15,0.07689498591269427,432.8692298789337
2025-03-06,forward,2025-03-10 08:00:00,4.333333333333333,0.375,2.41,0.1668663141039096,433.0360961930376
2025-03-06,forward,2025-03-10 09:00:00,4.375,0.47,2.67,0.28957081267886153,433.32566700571647
2025-03-06,forward,2025-03-10 10:00:00,4.416666666666667,0.54,2.94,0.4218958314072889,433.7475628371238
2025-03-06,forward,2025-03-10 11:00:00,4.458333333333333,0.7,3.135,0.7569369033413285,434.5044997404651
2025-03-06,forward,2025-03-10 12:00:00,4.5,0.7150000000000001,3.13,0.7893705593287932,435.2938702997939
2025-03-06,forward,2025-03-10 13:00:00,4.541666666666667,0.67,3.33,0.7335379850517312,436.02740828484565
2025-03-06,forward,2025-03-10 14:00:00,4.583333333333333,0.72,3.23,0.8207916064482714,436.8481998912939
2025-03-06,forward,2025-03-10 15:00:00,4.625,0.59,3.2800000000000002,0.5600286329744855,437.4082285242684
2025-03-06,forward,2025-03-10 16:00:00,4.666666666666667,0.53,3.23,0.4457632775403586,437.8539918018088
2025-03-06,forward,2025-03-10 17:00:00,4.708333333333333,0.48,3.23,0.3651043695175919,438.2190961713264
2025-03-06,forward,2025-03-10 18:00:00,4.75,0.39,2.9,0.21727623052348582,438.4363724018499
2025-03-06,forward,2025-03-10 19:00:00,4.791666666666667,0.315,6.43,0.2874003758416665,438.7237727776916
2025-03-06,forward,2025-03-10 20:00:00,4.833333333333333,0.27,9.95,0.3540726238753752,439.07784540156695
2025-03-06,forward,2025-03-10 21:00:00,4.875,0.245,,,
2025-03-06,forward,2025-03-10 22:00:00,4.916666666666667,0.265,9.09,0.3132869071473121,439.39113230871425
2025-03-06,forward,2025-03-10 23:00:00,4.958333333333333,0.24,,,
2025-03-06,forward,2025-03-11 00:00:00,5.0,0.235,,,
2025-03-06,forward,2025-03-11 01:00:00,5.041666666666667,0.22,,,
2025-03-06,forward,2025-03-11 02:00:00,5.083333333333333,0.225,,,
2025-03-06,forward,2025-03-11 03:00:00,5.125,0.21500000000000002,,,
2025-03-06,forward,2025-03-11 04:00:00,5.166666666666667,0.22,,,
2025-03-06,forward,2025-03-11 05:00:00,5.208333333333333,0.22,,,
2025-03-06,forward,2025-03-11 06:00:00,5.25,0.215,,,
2025-03-06,forward,2025-03-11 07:00:00,5.291666666666667,0.23,,,
2025-03-06,forward,2025-03-11 08:00:00,5.333333333333333,0.25,10.81,0.3585125997742484,439.7496449084885
2025-03-06,forward,2025-03-11 09:00:00,5.375,0.275,9.545,0.35486961181434973,440.10451452030287
2025-03-06,forward,2025-03-11 10:00:00,5.416666666666667,0.305,9.95,0.4513412119030368,440.5558557322059
2025-03-06,forward,2025-03-11 11:00:00,5.458333333333333,0.315,10.0,0.48692553366095037,441.04278126586684
2025-03-06,forward,2025-03-11 12:00:00,5.5,0.445,6.705,0.5354780192790755,441.5782592851459
2025-03-06,forward,2025-03-11 13:00:00,5.541666666666667,0.53,2.94,0.4053084739331563,441.98356775907905
2025-03-06,forward,2025-03-11 14:00:00,5.583333333333333,0.5549999999999999,2.8,0.4239313518497668,442.4074991109288
2025-03-06,forward,2025-03-11 15:00:00,5.625,0.495,3.13,0.37660439770074505,442.7841035086296
2025-03-06,forward,2025-03-11 16:00:00,5.666666666666667,0.49,3.135,0.37177537198001487,443.1558788806096
2025-03-06,forward,2025-03-11 17:00:00,5.708333333333333,0.585,3.085,0.5169042018696348,443.6727830824792
2025-03-06,forward,2025-03-11 18:00:00,5.75,0.7150000000000001,3.3499999999999996,0.8504857237153707,444.5232688061946
2025-03-06,forward,2025-03-11 19:00:00,5.791666666666667,0.79,3.635,1.1138263362358618,445.6370951424305
2025-03-06,forward,2025-03-11 20:00:00,5.833333333333333,0.7849999999999999,3.575,1.086323506521505,446.723418648952
2025-03-06,forward,2025-03-11 21:00:00,5.875,0.84,3.665,1.2639134662826041,447.9873321152346
2025-03-06,forward,2025-03-11 22:00:00,5.916666666666667,0.875,4.0,1.5029195766417685,449.4902516918764
2025-03-06,forward,2025-03-11 23:00:00,5.958333333333333,0.81,4.26,1.3712343069268365,450.86148599880323
2025-03-06,forward,2025-03-12 00:00:00,6.0,0.76,4.175,1.1819841364266739,452.0434701352299
2025-03-06,forward,2025-03-12 01:00:00,6.041666666666667,0.685,4.17,0.9600025126605259,453.0034726478904
2025-03-06,forward,2025-03-12 02:00:00,6.083333333333333,0.615,3.925,0.7281413292630456,453.7316139771535
2025-03-06,forward,2025-03-12 03:00:00,6.125,0.575,4.1,0.6658013693149721,454.39741534646845
2025-03-06,forward,2025-03-12 04:00:00,6.166666666666667,0.57,3.45,0.5499216778924206,454.9473370243609
2025-03-06,forward,2025-03-12 05:00:00,6.208333333333333,0.545,3.0250000000000004,0.4419824295553127,455.3893194539162
2025-03-06,forward,2025-03-12 06:00:00,6.25,0.505,2.67,0.33574705263221405,455.7250665065484
2025-03-06,forward,2025-03-12 07:00:00,6.291666666666667,0.42500000000000004,3.945,0.3592946242585361,456.08436113080694
2025-03-06,forward,2025-03-12 08:00:00,6.333333333333333,0.37,3.945,0.26219603088821797,456.34655716169516
2025-03-06,forward,2025-03-12 09:00:00,6.375,0.32,4.55,0.2288059403134768,456.5753631020086
2025-03-06,forward,2025-03-12 10:00:00,6.416666666666667,0.42500000000000004,5.845,0.4002623554681994,456.97562545747684
2025-03-06,forward,2025-03-12 11:00:00,6.458333333333333,0.715,3.29,0.8289785785822434,457.80460403605906
2025-03-06,forward,2025-03-12 12:00:00,6.5,0.825,3.57,1.192481613145811,458.99708564920485
2025-03-06,forward,2025-03-12 13:00:00,6.541666666666667,0.76,3.7750000000000004,1.0749353362946992,460.07202098549953
2025-03-06,forward,2025-03-12 14:00:00,6.583333333333333,0.66,3.33,0.7116462055423922,460.7836671910419
2025-03-06,forward,2025-03-12 15:00:00,6.625,0.665,3.23,0.7027149855146533,461.48638217655656
2025-03-06,forward,2025-03-12 16:00:00,6.666666666666667,0.69,3.44,0.8035051367469681,462.28988731330355
2025-03-06,forward,2025-03-12 17:00:00,6.708333333333333,0.675,3.575,0.8007631450012442,463.0906504583048
2025-03-06,forward,2025-03-12 18:00:00,6.75,1.04,5.72,3.0551508502501163,466.14580130855495
2025-03-06,forward,2025-03-12 19:00:00,6.791666666666667,1.04,5.88,3.1204425356120646,469.26624384416704
2025-03-06,forward,2025-03-12 20:00:00,6.833333333333333,0.97,5.57,2.5824803375524428,471.8487241817195
2025-03-06,forward,2025-03-12 21:00:00,6.875,0.915,5.57,2.289319767563962,474.13804394928343
2025-03-06,forward,2025-03-12 22:00:00,6.916666666666667,0.9199999999999999,5.56,2.3098707234123483,476.4479146726958
2025-03-06,forward,2025-03-12 23:00:00,6.958333333333333,0.955,5.57,2.4908794646155803,478.9387941373114
2025-03-06,forward,2025-03-13 00:00:00,7.0,0.9299999999999999,5.41,2.3020897269752068,481.2408838642866
2025-03-06,forward,2025-03-13 01:00:00,7.041666666666667,0.915,5.72,2.3488237848950813,483.5897076491817
2025-03-06,forward,2025-03-13 02:00:00,7.083333333333333,0.85,5.26,1.8647290424978318,485.4544366916796
2025-03-06,forward,2025-03-13 03:00:00,7.125,0.755,7.175,1.9732736974934162,487.427710389173
2025-03-06,forward,2025-03-13 04:00:00,7.166666666666667,0.7,9.09,2.1892176899447042,489.6169280791177
2025-03-06,forward,2025-03-13 05:00:00,7.208333333333333,0.6699999999999999,7.63,1.7130334637235252,491.32996154284126
2025-03-06,forward,2025-03-13 06:00:00,7.25,0.675,9.09,2.032016786358331,493.3619783291996
2025-03-06,forward,2025-03-13 07:00:00,7.291666666666667,0.665,8.71,1.894383420754124,495.2563617499537
2025-03-06,forward,2025-03-13 08:00:00,7.333333333333333,0.755,10.0,2.8114123633693464,498.0677741133231
2025-03-06,forward,2025-03-13 09:00:00,7.375,,,,
2025-03-06,forward,2025-03-13 10:00:00,7.416666666666667,0.84,8.39,2.910555308073432,500.9783294213965
2025-03-06,forward,2025-03-13 11:00:00,7.458333333333333,0.895,10.0,3.944710078993321,504.9230395003898
2025-03-06,forward,2025-03-13 12:00:00,7.5,0.925,10.0,4.198843506133244,509.12188300652303
2025-03-06,forward,2025-03-13 13:00:00,7.541666666666667,0.9550000000000001,6.27,2.901730058741181,512.0236130652643
2025-03-06,forward,2025-03-13 14:00:00,7.583333333333333,0.975,6.47,3.030099819381573,515.0537128846458
2025-03-06,forward,2025-03-13 15:00:00,7.625,1.04,7.175,3.836510809968213,518.8902236946141
2025-03-06,forward,2025-03-13 16:00:00,7.666666666666667,1.0950000000000002,6.82,3.99973855155787,522.889962246172
2025-03-06,forward,2025-03-13 17:00:00,7.708333333333333,1.12,9.09,5.594122367624032,528.484084613796
2025-03-06,forward,2025-03-13 18:00:00,7.75,1.18,9.545,6.526102499799272,535.0101871135953
2025-03-06,forward,2025-03-13 19:00:00,7.791666666666667,1.19,8.71,6.044071487636124,541.0542586012314
2025-03-06,forward,2025-03-13 20:00:00,7.833333333333333,1.245,5.26,4.001580528299561,545.0558391295309
2025-03-06,forward,2025-03-13 21:00:00,7.875,1.145,5.01,3.2238753310630837,548.2797144605939
2025-03-06,forward,2025-03-13 22:00:00,7.916666666666667,1.225,5.0,3.6816231092948986,551.9613375698889
2025-03-06,forward,2025-03-13 23:00:00,7.958333333333333,1.2149999999999999,5.41,3.917329409941817,555.8786669798307
2025-03-06,forward,2025-03-14 00:00:00,8.0,1.245,5.279999999999999,4.030321645214887,559.9089886250456
2025-03-06,forward,2025-03-14 01:00:00,8.041666666666666,1.205,5.279999999999999,3.781461241385582,563.6904498664312
2025-03-06,forward,2025-03-14 02:00:00,8.083333333333334,1.15,5.4399999999999995,3.569006677506751,567.259456543938
2025-03-06,forward,2025-03-14 03:00:00,8.125,1.1549999999999998,5.57,3.647275357620201,570.9067319015581
2025-03-06,forward,2025-03-14 04:00:00,8.166666666666666,1.12,5.57,3.4278615607993244,574.3345934623575
2025-03-06,forward,2025-03-14 05:00:00,8.208333333333334,1.11,5.72,3.45613218745089,577.7907256498083
2025-03-06,forward,2025-03-14 06:00:00,8.25,1.06,7.779999999999999,4.413668673718522,582.2043943235269
2025-03-06,forward,2025-03-14 07:00:00,8.291666666666666,1.0950000000000002,7.9399999999999995,4.6383638341362365,586.8427581576632
2025-03-06,forward,2025-03-14 08:00:00,8.333333333333334,1.08,9.95,5.703407100370274,592.5461652580335
2025-03-06,forward,2025-03-14 09:00:00,8.375,1.0550000000000002,7.484999999999999,4.0956260863087,596.6417913443422
2025-03-06,forward,2025-03-14 10:00:00,8.416666666666666,1.15,10.405000000000001,6.740913930442545,603.3827052747847
2025-03-06,forward,2025-03-14 11:00:00,8.458333333333334,1.205,8.530000000000001,6.237450099814631,609.6201553745993
2025-03-06,forward,2025-03-14 12:00:00,8.5,1.255,6.25,4.831386757637761,614.4515421322371
2025-03-06,forward,2025-03-14 13:00:00,8.541666666666666,1.315,8.345,7.095624095608592,621.5471662278458
2025-03-06,forward,2025-03-14 14:00:00,8.583333333333334,1.355,10.81,9.759656978321901,631.3068232061677
2025-03-06,forward,2025-03-14 15:00:00,8.625,1.2650000000000001,6.0649999999999995,4.773183089049179,636.0800062952169
2025-03-06,forward,2025-03-14 16:00:00,8.666666666666666,1.2850000000000001,9.285,7.457006244447206,643.5370125396641
2025-03-06,forward,2025-03-14 17:00:00,8.708333333333334,1.245,8.74,6.7983848803565445,650.3353974200207
2025-03-06,forward,2025-03-14 18:00:00,8.75,1.255,8.74,6.7927316381153595,657.1281290581361
2025-03-06,forward,2025-03-14 19:00:00,8.791666666666666,1.1749999999999998,8.74,6.008747677171282,663.1368767353074
2025-03-06,forward,2025-03-14 20:00:00,8.833333333333334,1.1949999999999998,10.405000000000001,7.321411342915907,670.4582880782233
2025-03-06,forward,2025-03-14 21:00:00,8.875,1.1949999999999998,10.0,7.007066936536548,677.4653550147599
2025-03-06,forward,2025-03-14 22:00:00,8.916666666666666,1.185,11.120000000000001,7.6732102575864936,685.1385652723463
2025-03-06,forward,2025-03-14 23:00:00,8.958333333333334,1.2850000000000001,11.120000000000001,9.010395591327299,694.1489608636737
2025-03-06,forward,2025-03-15 00:00:00,9.0,1.3,10.81,8.96281499435621,703.1117758580299
2025-03-06,forward,2025-03-15 01:00:00,9.041666666666666,1.2349999999999999,12.12,9.112152234550859,712.2239280925808
2025-03-06,forward,2025-03-15 02:00:00,9.083333333333334,1.19,11.120000000000001,7.719823871961266,719.943751964542
2025-03-06,forward,2025-03-15 03:00:00,9.125,1.13,11.120000000000001,6.961472063593158,726.9052240281352
2025-03-06,forward,2025-03-15 04:00:00,9.166666666666666,1.18,11.774999999999999,8.05402012196184,734.959244150097
2025-03-06,forward,2025-03-15 05:00:00,9.208333333333334,1.15,12.12,7.8928975667348436,742.8521417168319
2025-03-06,forward,2025-03-15 06:00:00,9.25,1.1949999999999998,11.43,8.019171217206402,750.8713129340382
2025-03-06,forward,2025-03-15 07:00:00,9.291666666666666,1.13,11.43,7.162607877862829,758.033920811901
2025-03-06,forward,2025-03-15 08:00:00,9.333333333333334,1.075,11.43,6.50399338224317,764.5379141941442
2025-03-06,forward,2025-03-15 09:00:00,9.375,1.165,11.43,7.617665913789054,772.1555801079332
2025-03-06,forward,2025-03-15 10:00:00,9.416666666666666,1.165,11.120000000000001,7.410922483549868,779.5665025914831
2025-03-06,forward,2025-03-15 11:00:00,9.458333333333334,1.15,10.405000000000001,6.740913930442545,786.3074165219256
2025-03-06,forward,2025-03-15 12:00:00,9.5,1.18,11.45,7.763540708690193,794.0709572306158
2025-03-06,forward,2025-03-15 13:00:00,9.541666666666666,1.115,9.545,5.830326141813654,799.9012833724295
2025-03-06,forward,2025-03-15 14:00:00,9.583333333333334,1.12,11.43,7.034193472160912,806.9354768445904
2025-03-06,forward,2025-03-15 15:00:00,9.625,1.09,11.774999999999999,6.8635048539433985,813.7989816985338
2025-03-06,forward,2025-03-15 16:00:00,9.666666666666666,1.02,12.12,6.186951874482148,819.9859335730159
2025-03-06,forward,2025-03-15 17:00:00,9.708333333333334,1.045,12.51,6.702207888613412,826.6881414616294
2025-03-06,forward,2025-03-15 18:00:00,9.75,1.155,12.165,7.9398992497213285,834.6280407113506
2025-03-06,forward,2025-03-15 19:00:00,9.791666666666666,1.2149999999999999,11.774999999999999,8.529614395584302,843.157655106935
2025-03-06,forward,2025-03-15 20:00:00,9.833333333333334,1.25,12.12,9.296185065416042,852.453840172351
2025-03-06,forward,2025-03-15 21:00:00,9.875,1.335,11.43,9.995295084863853,862.4491352572148
2025-03-06,forward,2025-03-15 22:00:00,9.916666666666666,1.3399999999999999,11.774999999999999,10.364054707468135,872.8131899646829
2025-03-06,forward,2025-03-15 23:00:00,9.958333333333334,1.31,10.81,9.10123479989035,881.9144247645733
2025-03-06,forward,2025-03-16 00:00:00,10.0,1.29,11.059999999999999,9.02955985194053,890.9439846165138
2025-03-06,forward,2025-03-16 01:00:00,10.041666666666666,1.245,11.774999999999999,9.04647468830002,899.9904593048138
2025-03-06,forward,2025-03-16 02:00:00,10.083333333333334,1.185,11.774999999999999,8.105613868419425,908.0960731732332
2025-03-06,forward,2025-03-16 03:00:00,10.125,1.22,12.12,8.850225055241932,916.9462982284751
2025-03-06,forward,2025-03-16 04:00:00,10.166666666666666,1.09,11.774999999999999,6.857634518957988,923.8039327474331
2025-03-06,forward,2025-03-16 05:00:00,10.208333333333334,1.085,12.12,7.0000856263662765,930.8040183737994
2025-03-06,forward,2025-03-16 06:00:00,10.25,1.0350000000000001,11.774999999999999,6.19022887105856,936.994247244858
2025-03-06,forward,2025-03-16 07:00:00,10.291666666666666,0.96,12.12,5.480551218366358,942.4747984632244
2025-03-06,forward,2025-03-16 08:00:00,10.333333333333334,1.025,11.774999999999999,6.075800389438093,948.5505988526625
2025-03-06,forward,2025-03-16 09:00:00,10.375,1.045,11.43,6.1237970195099845,954.6743958721725
2025-03-06,forward,2025-03-16 10:00:00,10.416666666666666,1.0150000000000001,11.120000000000001,5.6199441390602125,960.2943400112326
2025-03-06,forward,2025-03-16 11:00:00,10.458333333333334,0.98,11.43,5.394526562674423,965.688866573907
2025-03-06,forward,2025-03-16 12:00:00,10.5,1.02,12.12,6.188735714522845,971.8776022884299
2025-03-06,forward,2025-03-16 13:00:00,10.541666666666666,1.06,11.774999999999999,6.485786292124825,978.3633885805547
2025-03-06,forward,2025-03-16 14:00:00,10.583333333333334,0.99,11.43,5.510043451646454,983.8734320322011
2025-03-06,forward,2025-03-16 15:00:00,10.625,0.945,11.774999999999999,5.157438472843065,989.0308705050442
2025-03-06,forward,2025-03-16 16:00:00,10.666666666666666,0.9299999999999999,11.43,4.858999237585643,993.8898697426298
2025-03-06,forward,2025-03-16 17:00:00,10.708333333333334,0.855,11.43,4.102812224096406,997.9926819667262
2025-03-06,forward,2025-03-16 18:00:00,10.75,0.89,11.120000000000001,4.328920572423147,1002.3216025391494
2025-03-06,forward,2025-03-16 19:00:00,10.791666666666666,1.15,7.64,4.497806462304704,1006.819409001454
2025-03-06,forward,2025-03-16 20:00:00,10.833333333333334,1.2650000000000001,7.715,5.652979031563044,1012.4723880330171
2025-03-06,forward,2025-03-16 21:00:00,10.875,1.275,7.58,5.985575909029882,1018.457963942047
2025-03-06,forward,2025-03-16 22:00:00,10.916666666666666,1.25,10.715,8.27079201047162,1026.7287559525187
2025-03-06,forward,2025-03-16 23:00:00,10.958333333333334,1.205,7.89,5.440094697641405,1032.16885065016
2025-03-06,forward,2025-03-17 00:00:00,11.0,1.255,7.68,5.953819042738826,1038.1226696928989
2025-03-06,forward,2025-03-17 01:00:00,11.041666666666666,1.28,4.654999999999999,3.7432703348817333,1041.8659400277807
2025-03-06,forward,2025-03-17 02:00:00,11.083333333333334,1.38,4.76,4.449409253191771,1046.3153492809724
2025-03-06,forward,2025-03-17 03:00:00,11.125,1.335,4.55,3.9797723969549477,1050.2951216779275
2025-03-06,forward,2025-03-17 04:00:00,11.166666666666666,1.3599999999999999,4.775,4.344061380843376,1054.6391830587709
2025-03-06,forward,2025-03-17 05:00:00,11.208333333333334,1.4649999999999999,5.0,5.267749306096764,1059.9069323648675
2025-03-06,forward,2025-03-17 06:00:00,11.25,1.38,5.01,4.677745193846561,1064.584677558714
2025-03-06,forward,2025-03-17 07:00:00,11.291666666666666,1.335,5.13,4.49134126866986,1069.076018827384
2025-03-06,forward,2025-03-17 08:00:00,11.333333333333334,1.2349999999999999,5.01,3.7449072387034557,1072.8209260660874
2025-03-06,forward,2025-03-17 09:00:00,11.375,1.24,5.13,3.869408087748433,1076.690334153836
2025-03-06,forward,2025-03-17 10:00:00,11.416666666666666,,,,
2025-03-06,forward,2025-03-17 11:00:00,11.458333333333334,1.1949999999999998,5.56,3.903566956470525,1080.5939011103064
2025-03-06,forward,2025-03-17 12:00:00,11.5,1.01,5.13,2.5735218889432248,1083.1674229992498
2025-03-06,forward,2025-03-17 13:00:00,11.541666666666666,0.995,5.41,2.627032184113401,1085.7944551833632
2025-03-06,forward,2025-03-17 14:00:00,11.583333333333334,0.98,10.0,4.711771108594224,1090.5062262919573
2025-03-06,forward,2025-03-17 15:00:00,11.625,0.835,5.0,1.7103719312095595,1092.2165982231668
2025-03-06,forward,2025-03-17 16:00:00,11.666666666666666,0.825,7.58,2.5442653914000806,1094.760863614567
2025-03-06,forward,2025-03-17 17:00:00,11.708333333333334,0.8,6.925,2.127445114762051,1096.8883087293289
2025-03-06,forward,2025-03-17 18:00:00,11.75,0.735,4.0,1.0546402309912033,1097.94294896032
2025-03-06,forward,2025-03-17 19:00:00,11.791666666666666,0.6950000000000001,6.615,1.602942176239411,1099.5458911365595
2025-03-06,forward,2025-03-17 20:00:00,11.833333333333334,0.64,9.95,1.9906222287362898,1101.5365133652958
2025-03-06,forward,2025-03-17 21:00:00,11.875,0.625,10.81,2.072849846475813,1103.6093632117716
2025-03-06,forward,2025-03-17 22:00:00,11.916666666666666,0.705,10.0,2.4395337190217385,1106.0488969307933
2025-03-06,forward,2025-03-17 23:00:00,11.958333333333334,0.815,3.13,1.024659845664768,1107.073556776458
2025-03-06,forward,2025-03-18 00:00:00,12.0,0.81,3.2800000000000002,1.0599502949847341,1108.1335070714426
2025-03-06,forward,2025-03-18 01:00:00,12.041666666666666,0.845,7.0200000000000005,2.6075171408739064,1110.7410242123165
2025-03-06,forward,2025-03-18 02:00:00,12.083333333333334,0.815,4.9,1.6185461158473236,1112.3595703281637
2025-03-06,forward,2025-03-18 03:00:00,12.125,0.775,6.875,2.0408999270890433,1114.4004702552527
2025-03-06,forward,2025-03-18 04:00:00,12.166666666666666,0.765,11.120000000000001,3.2019386611896854,1117.6024089164423
2025-03-06,forward,2025-03-18 05:00:00,12.208333333333334,0.87,7.38,2.637704806843134,1120.2401137232855
2025-03-06,forward,2025-03-18 06:00:00,12.25,0.975,5.0,2.3324591621234996,1122.572572885409
2025-03-06,forward,2025-03-18 07:00:00,12.291666666666666,1.065,5.0,2.789703088946679,1125.3622759743557
2025-03-06,forward,2025-03-18 08:00:00,12.333333333333334,1.125,4.955,3.087233233006244,1128.4495092073619
2025-03-06,forward,2025-03-18 09:00:00,12.375,1.23,8.035,5.930772624193244,1134.380281831555
2025-03-06,forward,2025-03-18 10:00:00,12.416666666666666,1.32,7.63,6.553425522754852,1140.93370735431
2025-03-06,forward,2025-03-18 11:00:00,12.458333333333334,1.47,5.57,5.941693002484183,1146.8754003567942
2025-03-06,forward,2025-03-18 12:00:00,12.5,1.565,5.965,7.222199958804319,1154.0976003155986
2025-03-06,forward,2025-03-18 13:00:00,12.541666666666666,1.775,6.46,10.015006615434563,1164.112606931033
2025-03-06,forward,2025-03-18 14:00:00,12.583333333333334,1.9649999999999999,6.904999999999999,13.11556198386025,1177.2281689148933
2025-03-06,forward,2025-03-18 15:00:00,12.625,2.02,6.904999999999999,13.81195282469817,1191.0401217395915
2025-03-06,forward,2025-03-18 16:00:00,12.666666666666666,2.0300000000000002,7.14,14.438336529527511,1205.478458269119
2025-03-06,forward,2025-03-18 17:00:00,12.708333333333334,1.83,6.67,10.958725455160339,1216.4371837242795
2025-03-06,forward,2025-03-18 18:00:00,12.75,1.7650000000000001,6.46,9.884182848225533,1226.321366572505
2025-03-06,forward,2025-03-18 19:00:00,12.791666666666666,1.6600000000000001,6.67,9.03328305382965,1235.3546496263345
2025-03-06,forward,2025-03-18 20:00:00,12.833333333333334,1.67,6.904999999999999,9.456812354823157,1244.8114619811577
2025-03-06,forward,2025-03-18 21:00:00,12.875,1.6400000000000001,6.695,8.868161576663235,1253.6796235578208
2025-03-06,forward,2025-03-18 22:00:00,12.916666666666666,1.56,6.904999999999999,8.235163288954718,1261.9147868467755
2025-03-06,forward,2025-03-18 23:00:00,12.958333333333334,1.61,7.14,9.079919481340257,1270.9947063281159
2025-03-06,forward,2025-03-19 00:00:00,13.0,1.49,6.904999999999999,7.5125503429421085,1278.507256671058
2025-03-06,forward,2025-03-19 01:00:00,13.041666666666666,1.47,7.14,7.572612914147356,1286.0798695852054
2025-03-06,forward,2025-03-19 02:00:00,13.083333333333334,1.43,7.14,7.163121541372895,1293.2429911265783
2025-03-06,forward,2025-03-19 03:00:00,13.125,1.32,7.415,6.3328980524212195,1299.5758891789994
2025-03-06,forward,2025-03-19 04:00:00,13.166666666666666,1.32,6.695,5.7601183483307485,1305.3360075273301
2025-03-06,forward,2025-03-19 05:00:00,13.208333333333334,1.26,7.14,5.561236128457925,1310.897243655788
2025-03-06,forward,2025-03-19 06:00:00,13.25,1.25,6.46,4.954937549961393,1315.8521812057495
2025-03-06,forward,2025-03-19 07:00:00,13.291666666666666,1.17,7.69,5.166030684766261,1321.0182118905157
2025-03-06,forward,2025-03-19 08:00:00,13.333333333333334,1.15,7.14,4.634013148360411,1325.6522250388762
2025-03-06,forward,2025-03-19 09:00:00,13.375,1.1,7.415,4.397301107316511,1330.0495261461926
2025-03-06,forward,2025-03-19 10:00:00,13.416666666666666,1.2,8.335,5.869242653218545,1335.9187687994113
2025-03-06,forward,2025-03-19 11:00:00,13.458333333333334,1.165,8.845,5.79875595075238,1341.7175247501636
2025-03-06,forward,2025-03-19 12:00:00,13.5,1.19,7.14,4.960835604133354,1346.678360354297
2025-03-06,forward,2025-03-19 13:00:00,13.541666666666666,1.355,6.904999999999999,6.247201611522249,1352.9255619658193
2025-03-06,forward,2025-03-19 14:00:00,13.583333333333334,1.37,6.67,6.141847116005387,1359.0674090818247
2025-03-06,forward,2025-03-19 15:00:00,13.625,1.335,6.904999999999999,6.0336601121070705,1365.1010691939318
2025-03-06,forward,2025-03-19 16:00:00,13.666666666666666,1.2850000000000001,6.904999999999999,5.590053779764435,1370.6911229736963
2025-03-06,forward,2025-03-19 17:00:00,13.708333333333334,1.28,6.67,5.3774294665307965,1376.0685524402272
2025-03-06,forward,2025-03-19 18:00:00,13.75,1.18,8.125,5.488797553714006,1381.5573499939412
2025-03-06,forward,2025-03-19 19:00:00,13.791666666666666,1.1400000000000001,6.904999999999999,4.409173750051619,1385.9665237439929
2025-03-06,forward,2025-03-19 20:00:00,13.833333333333334,1.14,6.67,4.253054875950876,1390.2195786199438
2025-03-06,forward,2025-03-19 21:00:00,13.875,1.13,7.67,4.837893407401165,1395.057472027345
2025-03-06,forward,2025-03-19 22:00:00,13.916666666666666,1.1,7.105,4.181228085731365,1399.2387001130764
2025-03-06,forward,2025-03-19 23:00:00,13.958333333333334,1.13,7.67,4.774915415557347,1404.0136155286339
2025-03-06,forward,2025-03-20 00:00:00,14.0,1.0950000000000002,7.88,4.670309828682432,1408.6839253573162
2025-03-06,forward,2025-03-20 01:00:00,14.041666666666666,1.1549999999999998,6.0649999999999995,3.9669423384224185,1412.6508676957385
2025-03-06,forward,2025-03-20 02:00:00,14.083333333333334,1.145,6.0649999999999995,3.898532612527289,1416.5494003082658
2025-03-06,forward,2025-03-20 03:00:00,14.125,1.2149999999999999,6.25,4.527211613184573,1421.0766119214504
2025-03-06,forward,2025-03-20 04:00:00,14.166666666666666,1.23,6.0649999999999995,4.501663844680935,1425.5782757661314
2025-03-06,forward,2025-03-20 05:00:00,14.208333333333334,1.19,6.25,4.347067563420209,1429.9253433295517
2025-03-06,forward,2025-03-20 06:00:00,14.25,1.085,8.335,4.7882319090184655,1434.7135752385702
2025-03-06,forward,2025-03-20 07:00:00,14.291666666666666,1.1549999999999998,8.125,5.350416260677994,1440.0639914992482
2025-03-06,forward,2025-03-20 08:00:00,14.333333333333334,1.155,7.88,5.210028883503806,1445.274020382752
2025-03-06,forward,2025-03-20 09:00:00,14.375,1.24,10.0,7.543543582439066,1452.817563965191
2025-03-06,forward,2025-03-20 10:00:00,14.416666666666666,1.18,9.545,6.515566265279471,1459.3331302304705
2025-03-06,forward,2025-03-20 11:00:00,14.458333333333334,1.22,9.545,6.960897074449128,1466.2940273049196
2025-03-06,forward,2025-03-20 12:00:00,14.5,1.185,7.88,5.499828318146079,1471.7938556230656
2025-03-06,forward,2025-03-20 13:00:00,14.541666666666666,1.165,8.57,5.668194411954172,1477.4620500350197
2025-03-06,forward,2025-03-20 14:00:00,14.583333333333334,1.29,8.125,6.633379185987052,1484.0954292210067
2025-03-06,forward,2025-03-20 15:00:00,14.625,1.28,10.405000000000001,8.353022571841574,1492.4484517928483
2025-03-06,forward,2025-03-20 16:00:00,14.666666666666666,1.2650000000000001,10.405000000000001,8.177430846537503,1500.6258826393857
2025-03-06,forward,2025-03-20 17:00:00,14.708333333333334,1.21,6.904999999999999,4.966761377491867,1505.5926440168776
2025-03-06,forward,2025-03-20 18:00:00,14.75,1.135,9.57,6.11998354628767,1511.7126275631651
2025-03-06,forward,2025-03-20 19:00:00,14.791666666666666,1.18,10.405000000000001,7.100511503332854,1518.813139066498
2025-03-06,forward,2025-03-20 20:00:00,14.833333333333334,1.24,10.405000000000001,7.860954270516542,1526.6740933370145
2025-03-06,forward,2025-03-20 21:00:00,14.875,1.22,10.81,7.9127337109937645,1534.5868270480082
2025-03-06,forward,2025-03-20 22:00:00,14.916666666666666,1.325,9.95,8.700425910372276,1543.2872529583806
2025-03-06,forward,2025-03-20 23:00:00,14.958333333333334,1.295,10.405000000000001,8.551111238010924,1551.8383641963915
2025-03-06,forward,2025-03-21 00:00:00,15.0,1.3050000000000002,10.81,9.042631778773405,1560.880995975165
2025-03-06,forward,2025-03-21 01:00:00,15.041666666666666,1.395,11.120000000000001,10.608426320193932,1571.489422295359
2025-03-06,forward,2025-03-21 02:00:00,15.083333333333334,1.3250000000000002,9.25,7.998639885560886,1579.4880621809198
2025-03-06,forward,2025-03-21 03:00:00,15.125,1.37,10.81,9.958801181303011,1589.4468633622228
2025-03-06,forward,2025-03-21 04:00:00,15.166666666666666,1.18,10.81,7.384511004817504,1596.8313743670403
2025-03-06,forward,2025-03-21 05:00:00,15.208333333333334,1.31,10.81,9.114493401953006,1605.9458677689934
2025-03-06,forward,2025-03-21 06:00:00,15.25,1.29,10.81,8.83394138230718,1614.7798091513005
2025-03-06,forward,2025-03-21 07:00:00,15.291666666666666,1.32,10.405000000000001,8.90704202859536,1623.686851179896
2025-03-06,forward,2025-03-21 08:00:00,15.333333333333334,1.3250000000000002,10.81,9.312046572686597,1632.9988977525825
2025-03-06,forward,2025-03-21 09:00:00,15.375,1.3050000000000002,10.405000000000001,8.727183510982723,1641.7260812635652
2025-03-06,forward,2025-03-21 10:00:00,15.416666666666666,1.3,10.26,8.538659435988674,1650.2647406995538
2025-03-06,forward,2025-03-21 11:00:00,15.458333333333334,1.245,9.57,7.242572334406606,1657.5073130339604
2025-03-06,forward,2025-03-21 12:00:00,15.5,1.29,10.405000000000001,8.490191579745419,1665.9975046137058
2025-03-06,forward,2025-03-21 13:00:00,15.541666666666666,1.3650000000000002,9.95,9.101252216370394,1675.0987568300761
2025-03-06,forward,2025-03-21 14:00:00,15.583333333333334,1.5150000000000001,10.81,12.175904618220532,1687.2746614482967
2025-03-06,forward,2025-03-21 15:00:00,15.625,1.59,10.81,13.409750126171406,1700.6844115744682
2025-03-06,forward,2025-03-21 16:00:00,15.666666666666666,1.645,10.0,13.352552933887413,1714.0369645083556
2025-03-06,forward,2025-03-21 17:00:00,15.708333333333334,1.7,4.76,6.748959608315865,1720.7859241166714
2025-03-06,forward,2025-03-21 18:00:00,15.75,1.795,4.55,7.192431024263785,1727.9783551409353
2025-03-06,forward,2025-03-21 19:00:00,15.791666666666666,1.6949999999999998,4.654999999999999,6.573801577895177,1734.5521567188305
2025-03-06,forward,2025-03-21 20:00:00,15.833333333333334,1.775,4.654999999999999,7.198549114810403,1741.750705833641
2025-03-06,forward,2025-03-21 21:00:00,15.875,1.76,4.654999999999999,7.070811008199822,1748.8215168418408
2025-03-06,forward,2025-03-21 22:00:00,15.916666666666666,1.7349999999999999,5.0,7.384710190476614,1756.2062270323174
2025-03-06,forward,2025-03-21 23:00:00,15.958333333333334,1.6600000000000001,4.88,6.634311090320743,1762.8405381226382
2025-03-06,forward,2025-03-22 00:00:00,16.0,1.49,4.26,4.6517632398544695,1767.4923013624928
2025-03-06,forward,2025-03-22 01:00:00,16.041666666666668,1.455,4.26,4.425229536930566,1771.9175308994234
2025-03-06,forward,2025-03-22 02:00:00,16.083333333333332,1.33,4.449999999999999,3.865332631417832,1775.7828635308413
2025-03-06,forward,2025-03-22 03:00:00,16.125,1.13,3.925,2.4598545810914985,1778.2427181119328
2025-03-06,forward,2025-03-22 04:00:00,16.166666666666668,1.05,3.7,2.00420512075134,1780.2469232326841
2025-03-06,forward,2025-03-22 05:00:00,16.208333333333332,1.01,3.7750000000000004,1.8886970626706,1782.1356202953548
2025-03-06,forward,2025-03-22 06:00:00,16.25,0.88,3.635,1.3882904375469773,1783.5239107329019
2025-03-06,forward,2025-03-22 07:00:00,16.291666666666668,0.815,7.19,2.24602166226373,1785.7699323951656
2025-03-06,forward,2025-03-22 08:00:00,16.333333333333332,0.715,7.130000000000001,1.7503329408120973,1787.5202653359777
2025-03-06,forward,2025-03-22 09:00:00,16.375,0.755,3.39,0.9483015817005122,1788.4685669176781
2025-03-06,forward,2025-03-22 10:00:00,16.416666666666668,0.62,3.13,0.5951726366805494,1789.0637395543586
2025-03-06,forward,2025-03-22 11:00:00,16.458333333333332,0.5700000000000001,6.47,1.1379525765442524,1790.2016921309028
2025-03-06,forward,2025-03-22 12:00:00,16.5,0.45,10.405000000000001,1.032433237723298,1791.234125368626
2025-03-06,forward,2025-03-22 13:00:00,16.541666666666668,0.46499999999999997,10.405000000000001,1.1023444604403614,1792.3364698290666
2025-03-06,forward,2025-03-22 14:00:00,16.583333333333332,0.5549999999999999,10.0,1.5122901335112138,1793.8487599625778
2025-03-06,forward,2025-03-22 15:00:00,16.625,0.44,10.405000000000001,1.0034404404061923,1794.852200402984
2025-03-06,forward,2025-03-22 16:00:00,16.666666666666668,0.36,10.0,0.6377865932082978,1795.4899869961923
2025-03-06,forward,2025-03-22 17:00:00,16.708333333333332,0.4,9.545,0.7475535907400193,1796.2375405869323
2025-03-06,forward,2025-03-22 18:00:00,16.75,0.55,2.94,0.43689657207954813,1796.6744371590119
2025-03-06,forward,2025-03-22 19:00:00,16.791666666666668,0.635,3.13,0.6272618879076814,1797.3016990469196
2025-03-06,forward,2025-03-22 20:00:00,16.833333333333332,0.8200000000000001,3.7,1.2207480696542667,1798.5224471165739
2025-03-06,forward,2025-03-22 21:00:00,16.875,0.895,4.085,1.6046828430337978,1800.1271299596076
2025-03-06,forward,2025-03-22 22:00:00,16.916666666666668,0.79,4.359999999999999,1.344287332758714,1801.4714172923664
2025-03-06,forward,2025-03-22 23:00:00,16.958333333333332,0.6599999999999999,4.175,0.8906726569534253,1802.3620899493199
2025-03-06,forward,2025-03-23 00:00:00,17.0,0.63,4.26,0.8302774555095658,1803.1923674048294
2025-03-06,forward,2025-03-23 01:00:00,17.041666666666668,0.54,4.085,0.5844018929364765,1803.776769297766
2025-03-06,forward,2025-03-23 02:00:00,17.083333333333332,0.825,3.1550000000000002,1.1014442001337943,1804.8782134978997
2025-03-06,forward,2025-03-23 03:00:00,17.125,1.04,3.7,1.9679003454456367,1806.8461138433454
2025-03-06,forward,2025-03-23 04:00:00,17.166666666666668,1.335,4.555,4.068671017156893,1810.9147848605023
2025-03-06,forward,2025-03-23 05:00:00,17.208333333333332,1.49,4.555,5.066433194463245,1815.9812180549657
2025-03-06,forward,2025-03-23 06:00:00,17.25,1.205,4.55,3.2417895299536257,1819.2230075849193
2025-03-06,forward,2025-03-23 07:00:00,17.291666666666668,1.175,4.35,2.9618551820930703,1822.1848627670124
2025-03-06,forward,2025-03-23 08:00:00,17.333333333333332,1.48,4.675,5.060429414898332,1827.2452921819108
2025-03-06,forward,2025-03-23 09:00:00,17.375,1.51,4.654999999999999,5.211241168635974,1832.4565333505468
2025-03-06,forward,2025-03-23 10:00:00,17.416666666666668,1.43,4.449999999999999,4.46322567322095,1836.9197590237677
2025-03-06,forward,2025-03-23 11:00:00,17.458333333333332,1.405,4.35,4.215444355246847,1841.1352033790145
2025-03-06,forward,2025-03-23 12:00:00,17.5,1.51,4.654999999999999,5.229296661787165,1846.3645000408017
2025-03-06,forward,2025-03-23 13:00:00,17.541666666666668,1.48,4.775,5.138788856950047,1851.5032888977516
2025-03-06,forward,2025-03-23 14:00:00,17.583333333333332,1.4249999999999998,4.449999999999999,4.440813607033074,1855.9441025047847
2025-03-06,forward,2025-03-23 15:00:00,17.625,1.31,4.55,3.8363501368072317,1859.7804526415919
2025-03-06,forward,2025-03-23 16:00:00,17.666666666666668,1.31,4.654999999999999,3.9354913643935676,1863.7159440059854
2025-03-06,forward,2025-03-23 17:00:00,17.708333333333332,1.19,4.55,3.161093581247946,1866.8770375872334
2025-03-06,forward,2025-03-23 18:00:00,17.75,1.075,4.175,2.392404969321683,1869.269442556555
2025-03-06,forward,2025-03-23 19:00:00,17.791666666666668,0.905,3.925,1.6008406694147896,1870.8702832259698
2025-03-06,forward,2025-03-23 20:00:00,17.833333333333332,0.725,3.71,0.9556292590514037,1871.8259124850213
2025-03-06,forward,2025-03-23 21:00:00,17.875,0.695,3.33,0.7891659770138946,1872.6150784620352
2025-03-06,forward,2025-03-23 22:00:00,17.916666666666668,0.6599999999999999,3.39,0.7286839384723443,1873.3437624005076
2025-03-06,forward,2025-03-23 23:00:00,17.958333333333332,0.5700000000000001,2.995,0.4782977528700572,1873.8220601533776
2025-03-06,forward,2025-03-24 00:00:00,18.0,0.605,3.0949999999999998,0.5625233597640733,1874.3845835131417
2025-03-06,forward,2025-03-24 01:00:00,18.041666666666668,0.5549999999999999,2.935,0.45122763682893857,1874.8358111499706
2025-03-06,forward,2025-03-24 02:00:00,18.083333333333332,0.46499999999999997,2.73,0.2907924193073913,1875.126603569278
2025-03-06,forward,2025-03-24 03:00:00,18.125,0.41000000000000003,2.535,0.209449117209605,1875.3360526864876
2025-03-06,forward,2025-03-24 04:00:00,18.166666666666668,0.345,9.545,0.5582604922960834,1875.8943131787837
2025-03-06,forward,2025-03-24 05:00:00,18.208333333333332,0.315,9.09,0.4426153100978039,1876.3369284888815
2025-03-06,forward,2025-03-24 06:00:00,18.25,0.29000000000000004,9.545,0.3929991926842361,1876.7299276815659
2025-03-06,forward,2025-03-24 07:00:00,18.291666666666668,0.28500000000000003,9.545,0.3798433723840998,1877.10977105395
2025-03-06,forward,2025-03-24 08:00:00,18.333333333333332,0.275,8.71,0.32377800600051687,1877.4335490599506
2025-03-06,forward,2025-03-24 09:00:00,18.375,0.455,2.6050000000000004,0.2717643016015576,1877.705313361552
2025-03-06,forward,2025-03-24 10:00:00,18.416666666666668,0.565,2.885,0.4583132005769469,1878.163626562129
2025-03-06,forward,2025-03-24 11:00:00,18.458333333333332,0.665,3.4,0.7396958146091575,1878.903322376738
2025-03-06,forward,2025-03-24 12:00:00,18.5,0.755,3.45,0.9682446778650642,1879.871567054603
2025-03-06,forward,2025-03-24 13:00:00,18.541666666666668,0.875,3.7750000000000004,1.4224861016494477,1881.2940531562524
2025-03-06,forward,2025-03-24 14:00:00,18.583333333333332,1.12,4.275,2.6623309737195857,1883.956384129972
2025-03-06,forward,2025-03-24 15:00:00,18.625,1.2149999999999999,4.55,3.295363603783123,1887.251747733755
2025-03-06,forward,2025-03-24 16:00:00,18.666666666666668,1.18,4.76,3.255380516952359,1890.5071282507074
2025-03-06,forward,2025-03-24 17:00:00,18.708333333333332,1.3250000000000002,5.0,4.308125785854127,1894.8152540365616
2025-03-06,forward,2025-03-24 18:00:00,18.75,1.415,5.279999999999999,5.184674168095881,1899.9999282046574
2025-03-06,forward,2025-03-24 19:00:00,18.791666666666668,1.44,4.88,4.962022868406866,1904.9619510730643
2025-03-06,forward,2025-03-24 20:00:00,18.833333333333332,1.44,5.13,5.223525183723702,1910.185476256788
2025-03-06,forward,2025-03-24 21:00:00,18.875,1.31,4.88,4.1061328845241984,1914.2916091413122
2025-03-06,forward,2025-03-24 22:00:00,18.916666666666668,1.18,5.26,3.5942355527137844,1917.885844694026
2025-03-06,forward,2025-03-24 23:00:00,18.958333333333332,1.04,5.01,2.694638544203624,1920.5804832382296
2025-03-06,forward,2025-03-25 00:00:00,19.0,0.89,4.76,1.8535118481385133,1922.4339950863682
2025-03-06,forward,2025-03-25 01:00:00,19.041666666666668,0.815,6.4399999999999995,2.0911386223385966,1924.5251337087068
2025-03-06,forward,2025-03-25 02:00:00,19.083333333333332,0.78,7.415,2.2105055346107827,1926.7356392433176
2025-03-06,forward,2025-03-25 03:00:00,19.125,0.74,7.69,2.0659595435463407,1928.801598786864
2025-03-06,forward,2025-03-25 04:00:00,19.166666666666668,0.725,2.77,0.7137410891985456,1929.5153398760624
2025-03-06,forward,2025-03-25 05:00:00,19.208333333333332,0.64,7.14,1.4361972868907467,1930.9515371629532
2025-03-06,forward,2025-03-25 06:00:00,19.25,0.605,7.14,1.2822439435764825,1932.2337811065297
2025-03-06,forward,2025-03-25 07:00:00,19.291666666666668,0.55,6.67,0.9902088216224787,1933.2239899281522
2025-03-06,forward,2025-03-25 08:00:00,19.333333333333332,0.5700000000000001,7.14,1.1384490688768114,1934.362438997029
2025-03-06,forward,2025-03-25 09:00:00,19.375,0.555,6.904999999999999,1.0441986832502401,1935.4066376802791
2025-03-06,forward,2025-03-25 10:00:00,19.416666666666668,0.56,7.14,1.0985157784608248,1936.5051534587399
2025-03-06,forward,2025-03-25 11:00:00,19.458333333333332,0.53,7.415,1.0204632098814577,1937.5256166686213
2025-03-06,forward,2025-03-25 12:00:00,19.5,0.535,6.904999999999999,0.9690917075213519,1938.4947083761426
2025-03-06,forward,2025-03-25 13:00:00,19.541666666666668,0.525,7.415,1.0020613495496473,1939.4967697256923
2025-03-06,forward,2025-03-25 14:00:00,19.583333333333332,0.535,7.18,1.0096669546736563,1940.5064366803658
2025-03-06,forward,2025-03-25 15:00:00,19.625,0.51,7.415,0.9462013013885701,1941.4526379817544
2025-03-06,forward,2025-03-25 16:00:00,19.666666666666668,0.5700000000000001,7.415,1.1864643419414265,1942.6391023236959
2025-03-06,forward,2025-03-25 17:00:00,19.708333333333332,0.6799999999999999,8.33,1.8913433864273426,1944.530445710123
2025-03-06,forward,2025-03-25 18:00:00,19.75,0.64,8.01,1.6080076736047,1946.138453383728
2025-03-06,forward,2025-03-25 19:00:00,19.791666666666668,0.655,8.33,1.7558679472310024,1947.894321330959
2025-03-06,forward,2025-03-25 20:00:00,19.833333333333332,0.645,7.734999999999999,1.5769562974067464,1949.4712776283657
2025-03-06,forward,2025-03-25 21:00:00,19.875,0.66,7.69,1.6434112073936926,1951.1146888357594
2025-03-06,forward,2025-03-25 22:00:00,19.916666666666668,0.5700000000000001,8.845,1.4331565166563585,1952.5478453524156
2025-03-06,forward,2025-03-25 23:00:00,19.958333333333332,0.565,8.975,1.4218554288297791,1953.9697007812454
2025-03-06,forward,2025-03-26 00:00:00,20.0,0.585,9.95,1.6731686127150405,1955.6428693939604
2025-03-06,forward,2025-03-26 01:00:00,20.041666666666668,0.57,11.120000000000001,1.7725011762793386,1957.4153705702397
2025-03-06,forward,2025-03-26 02:00:00,20.083333333333332,0.57,10.81,1.7230879240629182,1959.1384584943025
2025-03-06,forward,2025-03-26 03:00:00,20.125,0.55,10.405000000000001,1.5436106065909938,1960.6820691008936
2025-03-06,forward,2025-03-26 04:00:00,20.166666666666668,0.5549999999999999,10.0,1.5122901335112138,1962.1943592344048
2025-03-06,forward,2025-03-26 05:00:00,20.208333333333332,0.525,9.545,1.2896488912261668,1963.484008125631
2025-03-06,forward,2025-03-26 06:00:00,20.25,0.55,10.0,1.4840803418885393,1964.9680884675195
2025-03-06,forward,2025-03-26 07:00:00,20.291666666666668,0.5549999999999999,10.81,1.6369070106556474,1966.6049954781752
2025-03-06,forward,2025-03-26 08:00:00,20.333333333333332,0.595,10.405000000000001,1.8048094826709842,1968.4098049608463
2025-03-06,forward,2025-03-26 09:00:00,20.375,0.565,10.81,1.6963055478963511,1970.1061105087426
2025-03-06,forward,2025-03-26 10:00:00,20.416666666666668,0.545,10.405000000000001,1.5152818432384327,1971.621392351981
2025-03-06,forward,2025-03-26 11:00:00,20.458333333333332,0.54,10.0,1.4310949941450808,1973.052487346126
2025-03-06,forward,2025-03-26 12:00:00,20.5,0.565,10.0,1.5692003218282617,1974.6216876679543
2025-03-06,forward,2025-03-26 13:00:00,20.541666666666668,0.535,10.0,1.404357017737502,1976.0260446856919
2025-03-06,forward,2025-03-26 14:00:00,20.583333333333332,0.595,9.545,1.659282526765681,1977.6853272124577
2025-03-06,forward,2025-03-26 15:00:00,20.625,0.58,10.0,1.650395461194395,1979.335722673652
2025-03-06,forward,2025-03-26 16:00:00,20.666666666666668,0.675,10.0,2.236423219338481,1981.5721458929906
2025-03-06,forward,2025-03-26 17:00:00,20.708333333333332,0.6799999999999999,10.0,2.269048456606444,1983.8411943495971
2025-03-06,forward,2025-03-26 18:00:00,20.75,0.7050000000000001,10.0,2.4414961393085335,1986.2826904889057
2025-03-06,forward,2025-03-26 19:00:00,20.791666666666668,0.69,9.545,2.242949248002217,1988.5256397369078
2025-03-06,forward,2025-03-26 20:00:00,20.833333333333332,0.71,9.545,2.355317433624085,1990.880957170532
2025-03-06,forward,2025-03-26 21:00:00,20.875,0.715,10.0,2.5082184290595553,1993.3891755995915
2025-03-06,forward,2025-03-26 22:00:00,20.916666666666668,0.69,10.0,2.3357707463574653,1995.7249463459489
2025-03-06,forward,2025-03-26 23:00:00,20.958333333333332,0.7050000000000001,10.0,2.4414961393085335,1998.1664424852574
2025-03-06,forward,2025-03-27 00:00:00,21.0,0.66,9.545,2.043253604920518,2000.2096960901779
